1,47710,112,365,71,47,1,-1,-1,-1
1,47694,168,354,194,65,1,-1,-1,-1
1,47689,622,358,42,43,1,-1,-1,-1
1,47682,568,374,30,24,1,-1,-1,-1
1,47672,617,379,22,28,1,-1,-1,-1
1,47662,604,397,50,104,1,-1,-1,-1
1,47656,428,368,13,11,1,-1,-1,-1
1,47653,530,369,10,10,1,-1,-1,-1
2,47710,105,365,68,48,1,-1,-1,-1
2,47694,167,354,197,66,1,-1,-1,-1
2,47689,622,358,42,43,1,-1,-1,-1
2,47682,567,374,30,25,1,-1,-1,-1
2,47672,616,379,21,29,1,-1,-1,-1
2,47662,604,398,50,105,1,-1,-1,-1
2,47656,430,368,11,11,1,-1,-1,-1
2,47653,533,369,9,10,1,-1,-1,-1
3,47710,97,365,75,48,1,-1,-1,-1
3,47694,166,353,199,68,1,-1,-1,-1
3,47689,622,358,42,43,1,-1,-1,-1
3,47682,566,374,31,25,1,-1,-1,-1
3,47672,614,379,22,29,1,-1,-1,-1
3,47662,604,398,51,107,1,-1,-1,-1
3,47656,433,368,12,12,1,-1,-1,-1
3,47653,532,369,12,11,1,-1,-1,-1
4,47710,89,364,74,49,1,-1,-1,-1
4,47694,165,353,201,68,1,-1,-1,-1
4,47689,622,358,42,42,1,-1,-1,-1
4,47682,565,374,31,25,1,-1,-1,-1
4,47672,612,378,22,31,1,-1,-1,-1
4,47662,603,398,52,109,1,-1,-1,-1
4,47656,433,368,11,11,1,-1,-1,-1
4,47653,534,369,11,11,1,-1,-1,-1
5,47710,82,361,68,49,1,-1,-1,-1
5,47694,165,350,203,68,1,-1,-1,-1
5,47689,622,355,42,42,1,-1,-1,-1
5,47682,565,371,31,25,1,-1,-1,-1
5,47672,610,376,21,32,1,-1,-1,-1
5,47662,603,395,53,110,1,-1,-1,-1
5,47656,435,364,13,13,1,-1,-1,-1
5,47653,536,366,9,11,1,-1,-1,-1
6,47710,77,356,61,50,1,-1,-1,-1
6,47694,167,345,203,69,1,-1,-1,-1
6,47689,622,350,42,42,1,-1,-1,-1
6,47682,564,366,32,26,1,-1,-1,-1
6,47672,607,370,21,36,1,-1,-1,-1
6,47662,604,391,52,109,1,-1,-1,-1
6,47656,437,360,13,11,1,-1,-1,-1
6,47653,537,361,11,10,1,-1,-1,-1
7,47710,73,351,54,50,1,-1,-1,-1
7,47694,169,340,204,69,1,-1,-1,-1
7,47689,621,345,43,42,1,-1,-1,-1
7,47682,563,361,32,26,1,-1,-1,-1
7,47672,604,365,21,44,1,-1,-1,-1
7,47662,604,385,52,108,1,-1,-1,-1
7,47656,439,355,13,12,1,-1,-1,-1
7,47653,540,356,9,10,1,-1,-1,-1
8,47710,71,349,46,47,1,-1,-1,-1
8,47694,173,337,204,69,1,-1,-1,-1
8,47689,621,343,43,41,1,-1,-1,-1
8,47682,563,359,32,25,1,-1,-1,-1
8,47672,601,363,22,45,1,-1,-1,-1
8,47662,605,382,51,107,1,-1,-1,-1
8,47656,441,352,13,11,1,-1,-1,-1
8,47653,539,353,12,12,1,-1,-1,-1
9,47710,69,350,37,47,1,-1,-1,-1
9,47694,176,338,204,70,1,-1,-1,-1
9,47689,621,344,42,40,1,-1,-1,-1
9,47682,563,360,32,26,1,-1,-1,-1
9,47672,598,364,25,44,1,-1,-1,-1
9,47662,606,383,50,104,1,-1,-1,-1
9,47656,443,353,13,11,1,-1,-1,-1
9,47653,540,354,12,12,1,-1,-1,-1
10,47710,66,352,28,47,1,-1,-1,-1
10,47694,179,340,204,70,1,-1,-1,-1
10,47689,622,346,41,40,1,-1,-1,-1
10,47682,562,362,32,26,1,-1,-1,-1
10,47672,594,365,26,45,1,-1,-1,-1
10,47662,607,384,49,103,1,-1,-1,-1
10,47656,445,355,13,11,1,-1,-1,-1
10,47653,542,356,10,10,1,-1,-1,-1
11,47710,62,354,21,47,1,-1,-1,-1
11,47694,181,342,205,71,1,-1,-1,-1
11,47689,622,348,40,40,1,-1,-1,-1
11,47682,561,364,33,26,1,-1,-1,-1
11,47672,589,367,29,47,1,-1,-1,-1
11,47662,608,386,49,102,1,-1,-1,-1
11,47656,447,357,10,12,1,-1,-1,-1
11,47653,544,359,8,9,1,-1,-1,-1
12,47710,58,358,9,40,1,-1,-1,-1
12,47694,183,344,206,71,1,-1,-1,-1
12,47689,622,350,40,40,1,-1,-1,-1
12,47682,561,366,33,27,1,-1,-1,-1
12,47672,583,369,31,47,1,-1,-1,-1
12,47662,608,388,49,101,1,-1,-1,-1
12,47656,448,359,11,12,1,-1,-1,-1
12,47653,545,360,12,11,1,-1,-1,-1
13,47694,186,345,206,72,1,-1,-1,-1
13,47689,622,352,40,39,1,-1,-1,-1
13,47682,560,368,32,27,1,-1,-1,-1
13,47672,577,371,33,46,1,-1,-1,-1
13,47662,609,389,48,101,1,-1,-1,-1
13,47656,450,361,14,13,1,-1,-1,-1
13,47653,547,364,11,10,1,-1,-1,-1
14,47694,188,347,207,72,1,-1,-1,-1
14,47689,622,353,40,40,1,-1,-1,-1
14,47682,559,369,33,27,1,-1,-1,-1
14,47672,571,372,34,46,1,-1,-1,-1
14,47662,609,390,48,100,1,-1,-1,-1
14,47656,452,362,14,13,1,-1,-1,-1
14,47653,548,364,12,11,1,-1,-1,-1
15,47694,190,348,208,73,1,-1,-1,-1
15,47689,622,355,39,39,1,-1,-1,-1
15,47682,559,371,34,27,1,-1,-1,-1
15,47672,564,373,36,46,1,-1,-1,-1
15,47662,610,391,48,100,1,-1,-1,-1
15,47656,454,364,12,11,1,-1,-1,-1
15,47653,550,365,11,11,1,-1,-1,-1
16,47694,192,349,210,74,1,-1,-1,-1
16,47689,622,356,39,39,1,-1,-1,-1
16,47682,558,372,34,27,1,-1,-1,-1
16,47672,556,374,38,46,1,-1,-1,-1
16,47662,610,393,48,99,1,-1,-1,-1
16,47656,456,365,13,11,1,-1,-1,-1
16,47653,555,366,7,12,1,-1,-1,-1
17,47694,193,349,212,75,1,-1,-1,-1
17,47689,622,357,39,38,1,-1,-1,-1
17,47682,557,373,35,27,1,-1,-1,-1
17,47672,548,375,40,45,1,-1,-1,-1
17,47662,610,393,48,100,1,-1,-1,-1
17,47656,457,366,14,11,1,-1,-1,-1
17,47653,555,367,9,11,1,-1,-1,-1
18,47694,205,350,204,75,1,-1,-1,-1
18,47689,622,357,39,38,1,-1,-1,-1
18,47682,556,373,35,28,1,-1,-1,-1
18,47672,540,375,42,45,1,-1,-1,-1
18,47662,610,394,48,99,1,-1,-1,-1
18,47656,459,366,12,10,1,-1,-1,-1
18,47653,556,367,8,11,1,-1,-1,-1
19,47694,199,349,213,76,1,-1,-1,-1
19,47689,622,357,38,38,1,-1,-1,-1
19,47682,560,373,31,28,1,-1,-1,-1
19,47672,532,375,43,44,1,-1,-1,-1
19,47662,610,393,48,100,1,-1,-1,-1
19,47656,461,365,10,11,1,-1,-1,-1
19,47653,557,367,6,11,1,-1,-1,-1
20,47694,200,348,216,77,1,-1,-1,-1
20,47689,622,356,38,38,1,-1,-1,-1
20,47682,555,372,35,29,1,-1,-1,-1
20,47672,522,374,46,44,1,-1,-1,-1
20,47662,610,392,48,100,1,-1,-1,-1
20,47656,462,365,14,10,1,-1,-1,-1
20,47653,557,366,8,11,1,-1,-1,-1
21,47694,209,347,211,78,1,-1,-1,-1
21,47689,622,355,38,37,1,-1,-1,-1
21,47682,554,371,36,29,1,-1,-1,-1
21,47672,513,373,48,44,1,-1,-1,-1
21,47662,610,391,48,100,1,-1,-1,-1
21,47656,464,363,13,11,1,-1,-1,-1
21,47653,558,365,8,11,1,-1,-1,-1
22,47709,660,357,10,10,1,-1,-1,-1
22,47694,206,346,219,79,1,-1,-1,-1
22,47689,622,354,38,37,1,-1,-1,-1
22,47682,553,370,37,30,1,-1,-1,-1
22,47672,504,372,49,44,1,-1,-1,-1
22,47662,611,390,47,100,1,-1,-1,-1
22,47656,466,362,12,11,1,-1,-1,-1
22,47653,559,364,10,10,1,-1,-1,-1
23,47709,660,356,10,11,1,-1,-1,-1
23,47694,210,345,220,80,1,-1,-1,-1
23,47689,622,353,37,38,1,-1,-1,-1
23,47682,552,370,37,29,1,-1,-1,-1
23,47672,494,371,51,44,1,-1,-1,-1
23,47662,611,390,48,99,1,-1,-1,-1
23,47656,467,362,12,11,1,-1,-1,-1
23,47653,563,363,8,6,1,-1,-1,-1
24,47709,660,356,10,11,1,-1,-1,-1
24,47694,213,345,222,81,1,-1,-1,-1
24,47689,622,353,37,37,1,-1,-1,-1
24,47682,551,370,38,30,1,-1,-1,-1
24,47672,484,371,53,44,1,-1,-1,-1
24,47662,611,390,48,98,1,-1,-1,-1
24,47656,471,362,12,11,1,-1,-1,-1
24,47653,565,363,7,6,1,-1,-1,-1
25,47709,660,356,10,11,1,-1,-1,-1
25,47694,217,345,223,82,1,-1,-1,-1
25,47689,622,353,37,37,1,-1,-1,-1
25,47682,550,370,38,30,1,-1,-1,-1
25,47672,473,371,54,44,1,-1,-1,-1
25,47662,611,390,48,99,1,-1,-1,-1
25,47656,471,362,14,11,1,-1,-1,-1
25,47653,566,364,6,5,1,-1,-1,-1
26,47709,659,357,11,10,1,-1,-1,-1
26,47694,221,345,224,84,1,-1,-1,-1
26,47689,622,354,37,37,1,-1,-1,-1
26,47682,549,370,39,31,1,-1,-1,-1
26,47672,461,372,56,43,1,-1,-1,-1
26,47662,611,390,48,100,1,-1,-1,-1
26,47656,472,363,14,11,1,-1,-1,-1
26,47653,568,364,5,6,1,-1,-1,-1
27,47709,659,357,12,11,1,-1,-1,-1
27,47694,225,345,225,85,1,-1,-1,-1
27,47689,622,354,37,37,1,-1,-1,-1
27,47682,548,371,39,31,1,-1,-1,-1
27,47672,450,372,57,44,1,-1,-1,-1
27,47662,611,390,48,101,1,-1,-1,-1
27,47656,474,363,14,10,1,-1,-1,-1
27,47653,569,364,6,6,1,-1,-1,-1
28,47709,659,357,12,10,1,-1,-1,-1
28,47694,229,344,226,87,1,-1,-1,-1
28,47689,622,354,36,37,1,-1,-1,-1
28,47682,547,371,40,31,1,-1,-1,-1
28,47672,452,372,44,44,1,-1,-1,-1
28,47662,611,390,48,101,1,-1,-1,-1
28,47656,476,363,14,13,1,-1,-1,-1
28,47653,570,364,8,6,1,-1,-1,-1
29,47709,659,356,12,11,1,-1,-1,-1
29,47694,233,344,228,88,1,-1,-1,-1
29,47689,622,353,36,37,1,-1,-1,-1
29,47682,546,370,40,32,1,-1,-1,-1
29,47672,445,371,40,44,1,-1,-1,-1
29,47662,611,390,48,100,1,-1,-1,-1
29,47656,477,362,11,12,1,-1,-1,-1
29,47653,572,364,7,6,1,-1,-1,-1
30,47709,660,356,11,10,1,-1,-1,-1
30,47694,238,342,229,91,1,-1,-1,-1
30,47689,622,353,36,36,1,-1,-1,-1
30,47682,545,370,41,32,1,-1,-1,-1
30,47672,441,371,32,42,1,-1,-1,-1
30,47662,611,389,48,101,1,-1,-1,-1
30,47656,479,361,14,13,1,-1,-1,-1
30,47653,573,363,9,12,1,-1,-1,-1
31,47709,660,355,11,10,1,-1,-1,-1
31,47694,243,342,230,91,1,-1,-1,-1
31,47689,622,352,36,36,1,-1,-1,-1
31,47682,544,369,41,33,1,-1,-1,-1
31,47662,611,389,49,101,1,-1,-1,-1
31,47659,621,362,2,13,1,-1,-1,-1
31,47656,480,361,15,12,1,-1,-1,-1
31,47653,575,362,8,13,1,-1,-1,-1
32,47709,660,355,11,10,1,-1,-1,-1
32,47694,249,341,229,93,1,-1,-1,-1
32,47689,622,352,36,36,1,-1,-1,-1
32,47682,543,369,42,33,1,-1,-1,-1
32,47662,611,389,49,101,1,-1,-1,-1
32,47659,619,362,4,13,1,-1,-1,-1
32,47656,482,360,13,12,1,-1,-1,-1
32,47653,576,362,9,13,1,-1,-1,-1
33,47709,660,354,12,11,1,-1,-1,-1
33,47694,254,340,230,96,1,-1,-1,-1
33,47689,622,352,36,35,1,-1,-1,-1
33,47682,542,369,42,33,1,-1,-1,-1
33,47662,611,388,49,101,1,-1,-1,-1
33,47659,618,362,5,12,1,-1,-1,-1
33,47656,484,360,14,11,1,-1,-1,-1
33,47653,578,362,8,13,1,-1,-1,-1
34,47709,660,354,12,11,1,-1,-1,-1
34,47694,261,340,230,98,1,-1,-1,-1
34,47689,622,352,36,35,1,-1,-1,-1
34,47682,541,369,43,33,1,-1,-1,-1
34,47662,611,388,49,101,1,-1,-1,-1
34,47659,617,362,6,12,1,-1,-1,-1
34,47656,485,360,15,11,1,-1,-1,-1
34,47653,578,362,10,13,1,-1,-1,-1
35,47709,661,355,11,10,1,-1,-1,-1
35,47694,267,340,230,100,1,-1,-1,-1
35,47689,622,352,35,35,1,-1,-1,-1
35,47682,540,369,43,34,1,-1,-1,-1
35,47662,611,389,49,100,1,-1,-1,-1
35,47659,616,362,6,13,1,-1,-1,-1
35,47656,487,360,15,12,1,-1,-1,-1
35,47653,580,362,9,13,1,-1,-1,-1
36,47709,661,355,11,11,1,-1,-1,-1
36,47694,274,340,229,103,1,-1,-1,-1
36,47689,622,352,35,36,1,-1,-1,-1
36,47682,539,370,44,34,1,-1,-1,-1
36,47662,611,389,49,101,1,-1,-1,-1
36,47659,614,362,7,13,1,-1,-1,-1
36,47656,489,361,10,11,1,-1,-1,-1
36,47653,581,362,9,14,1,-1,-1,-1
37,47709,661,356,11,10,1,-1,-1,-1
37,47694,281,340,228,106,1,-1,-1,-1
37,47689,622,353,35,35,1,-1,-1,-1
37,47682,538,370,44,35,1,-1,-1,-1
37,47662,611,390,49,100,1,-1,-1,-1
37,47659,613,363,7,13,1,-1,-1,-1
37,47656,491,362,14,11,1,-1,-1,-1
37,47653,583,363,8,14,1,-1,-1,-1
38,47709,661,357,12,10,1,-1,-1,-1
38,47694,289,340,224,110,1,-1,-1,-1
38,47689,622,354,35,35,1,-1,-1,-1
38,47682,537,371,44,35,1,-1,-1,-1
38,47662,611,390,49,101,1,-1,-1,-1
38,47659,611,364,8,13,1,-1,-1,-1
38,47656,492,362,14,12,1,-1,-1,-1
38,47653,584,364,8,14,1,-1,-1,-1
39,47709,661,357,12,10,1,-1,-1,-1
39,47694,296,339,219,115,1,-1,-1,-1
39,47689,622,354,35,35,1,-1,-1,-1
39,47682,536,372,45,35,1,-1,-1,-1
39,47672,288,397,11,20,1,-1,-1,-1
39,47662,611,391,49,101,1,-1,-1,-1
39,47659,610,364,7,13,1,-1,-1,-1
39,47656,494,362,14,14,1,-1,-1,-1
39,47653,586,364,7,14,1,-1,-1,-1
40,47709,661,357,12,10,1,-1,-1,-1
40,47694,303,338,212,120,1,-1,-1,-1
40,47689,622,354,35,35,1,-1,-1,-1
40,47682,534,372,46,36,1,-1,-1,-1
40,47672,273,381,34,37,1,-1,-1,-1
40,47662,611,391,49,101,1,-1,-1,-1
40,47659,607,364,9,13,1,-1,-1,-1
40,47656,495,362,14,12,1,-1,-1,-1
40,47653,587,364,7,14,1,-1,-1,-1
41,47709,662,356,11,11,1,-1,-1,-1
41,47694,310,337,204,125,1,-1,-1,-1
41,47689,623,354,34,34,1,-1,-1,-1
41,47682,533,371,47,37,1,-1,-1,-1
41,47672,257,371,56,47,1,-1,-1,-1
41,47662,611,390,49,102,1,-1,-1,-1
41,47659,605,363,10,13,1,-1,-1,-1
41,47656,496,362,15,13,1,-1,-1,-1
41,47653,589,364,7,14,1,-1,-1,-1
42,47709,662,356,11,10,1,-1,-1,-1
42,47694,316,336,196,131,1,-1,-1,-1
42,47689,623,353,34,35,1,-1,-1,-1
42,47682,532,371,47,37,1,-1,-1,-1
42,47672,243,371,73,47,1,-1,-1,-1
42,47662,611,390,49,101,1,-1,-1,-1
42,47659,604,363,9,13,1,-1,-1,-1
42,47656,498,362,12,13,1,-1,-1,-1
42,47653,590,363,7,14,1,-1,-1,-1
43,47709,662,356,11,10,1,-1,-1,-1
43,47694,322,334,185,137,1,-1,-1,-1
43,47689,623,353,34,34,1,-1,-1,-1
43,47682,531,371,47,37,1,-1,-1,-1
43,47672,228,370,73,48,1,-1,-1,-1
43,47662,610,389,49,102,1,-1,-1,-1
43,47659,602,363,9,12,1,-1,-1,-1
43,47656,500,361,10,14,1,-1,-1,-1
43,47653,591,363,6,14,1,-1,-1,-1
44,47709,662,356,11,10,1,-1,-1,-1
44,47694,327,333,175,144,1,-1,-1,-1
44,47689,623,353,34,34,1,-1,-1,-1
44,47682,529,371,49,37,1,-1,-1,-1
44,47672,212,371,75,48,1,-1,-1,-1
44,47662,610,389,49,102,1,-1,-1,-1
44,47659,600,362,10,13,1,-1,-1,-1
44,47656,501,361,15,13,1,-1,-1,-1
44,47653,592,363,6,14,1,-1,-1,-1
45,47709,662,356,12,10,1,-1,-1,-1
45,47694,330,333,169,150,1,-1,-1,-1
45,47689,623,353,34,34,1,-1,-1,-1
45,47682,528,371,49,38,1,-1,-1,-1
45,47672,196,371,76,48,1,-1,-1,-1
45,47662,609,390,49,101,1,-1,-1,-1
45,47659,598,363,10,12,1,-1,-1,-1
45,47656,503,361,14,14,1,-1,-1,-1
45,47654,2,409,5,19,1,-1,-1,-1
45,47653,593,363,5,14,1,-1,-1,-1
46,47709,662,356,12,10,1,-1,-1,-1
46,47694,330,332,164,158,1,-1,-1,-1
46,47689,623,353,33,34,1,-1,-1,-1
46,47682,527,371,49,39,1,-1,-1,-1
46,47672,180,371,77,49,1,-1,-1,-1
46,47662,609,390,49,102,1,-1,-1,-1
46,47659,597,363,9,13,1,-1,-1,-1
46,47656,504,362,15,13,1,-1,-1,-1
46,47653,594,363,5,15,1,-1,-1,-1
47,47709,663,357,11,10,1,-1,-1,-1
47,47694,313,332,176,166,1,-1,-1,-1
47,47689,623,354,33,34,1,-1,-1,-1
47,47682,525,372,51,39,1,-1,-1,-1
47,47672,163,372,78,49,1,-1,-1,-1
47,47662,608,391,49,101,1,-1,-1,-1
47,47659,594,364,10,12,1,-1,-1,-1
47,47656,506,362,14,12,1,-1,-1,-1
47,47654,0,409,9,25,1,-1,-1,-1
47,47653,595,364,4,14,1,-1,-1,-1
48,47709,663,358,11,10,1,-1,-1,-1
48,47694,295,331,187,175,1,-1,-1,-1
48,47689,623,354,33,34,1,-1,-1,-1
48,47682,524,373,51,40,1,-1,-1,-1
48,47672,147,372,78,50,1,-1,-1,-1
48,47662,608,391,49,102,1,-1,-1,-1
48,47659,591,364,11,13,1,-1,-1,-1
48,47656,507,363,14,12,1,-1,-1,-1
48,47654,0,410,10,25,1,-1,-1,-1
48,47653,595,365,5,14,1,-1,-1,-1
49,47709,663,358,11,10,1,-1,-1,-1
49,47694,274,330,200,186,1,-1,-1,-1
49,47689,623,355,33,33,1,-1,-1,-1
49,47682,522,373,52,40,1,-1,-1,-1
49,47672,129,373,80,50,1,-1,-1,-1
49,47662,607,391,49,103,1,-1,-1,-1
49,47659,589,364,9,13,1,-1,-1,-1
49,47656,511,363,11,13,1,-1,-1,-1
49,47654,0,410,11,26,1,-1,-1,-1
49,47653,596,365,4,14,1,-1,-1,-1
50,47694,252,329,213,196,1,-1,-1,-1
50,47689,623,354,33,34,1,-1,-1,-1
50,47682,521,373,52,41,1,-1,-1,-1
50,47672,111,372,81,51,1,-1,-1,-1
50,47662,606,391,50,102,1,-1,-1,-1
50,47659,587,364,11,13,1,-1,-1,-1
50,47656,511,362,14,13,1,-1,-1,-1
50,47654,0,411,12,26,1,-1,-1,-1
50,47653,597,364,4,15,1,-1,-1,-1
51,47709,663,357,11,10,1,-1,-1,-1
51,47694,228,327,226,209,1,-1,-1,-1
51,47689,623,354,33,33,1,-1,-1,-1
51,47682,519,373,54,41,1,-1,-1,-1
51,47672,94,372,81,52,1,-1,-1,-1
51,47662,606,391,49,102,1,-1,-1,-1
51,47659,585,363,11,13,1,-1,-1,-1
51,47656,512,362,13,13,1,-1,-1,-1
51,47654,0,410,13,27,1,-1,-1,-1
51,47653,597,364,4,15,1,-1,-1,-1
52,47709,663,357,12,9,1,-1,-1,-1
52,47694,199,325,247,223,1,-1,-1,-1
52,47689,623,353,33,34,1,-1,-1,-1
52,47682,517,372,55,42,1,-1,-1,-1
52,47672,76,372,81,52,1,-1,-1,-1
52,47662,605,390,50,103,1,-1,-1,-1
52,47659,582,363,12,13,1,-1,-1,-1
52,47656,513,361,15,14,1,-1,-1,-1
52,47654,0,410,14,28,1,-1,-1,-1
52,47653,597,363,5,16,1,-1,-1,-1
53,47709,664,356,11,10,1,-1,-1,-1
53,47694,160,323,285,238,1,-1,-1,-1
53,47689,623,353,33,33,1,-1,-1,-1
53,47682,516,372,55,43,1,-1,-1,-1
53,47672,57,372,83,52,1,-1,-1,-1
53,47662,605,390,49,103,1,-1,-1,-1
53,47659,580,363,12,13,1,-1,-1,-1
53,47656,515,361,15,12,1,-1,-1,-1
53,47654,0,410,16,28,1,-1,-1,-1
53,47653,598,363,4,15,1,-1,-1,-1
54,47709,664,356,11,10,1,-1,-1,-1
54,47694,116,321,327,256,1,-1,-1,-1
54,47689,623,353,33,33,1,-1,-1,-1
54,47682,514,372,56,43,1,-1,-1,-1
54,47672,38,371,85,53,1,-1,-1,-1
54,47662,604,390,50,103,1,-1,-1,-1
54,47659,577,362,13,13,1,-1,-1,-1
54,47656,517,361,14,12,1,-1,-1,-1
54,47654,0,410,17,29,1,-1,-1,-1
54,47653,598,363,4,15,1,-1,-1,-1
55,47709,664,356,11,10,1,-1,-1,-1
55,47694,64,319,376,277,1,-1,-1,-1
55,47689,623,353,33,33,1,-1,-1,-1
55,47682,513,372,57,44,1,-1,-1,-1
55,47672,19,372,85,53,1,-1,-1,-1
55,47662,604,390,49,104,1,-1,-1,-1
55,47659,575,363,13,13,1,-1,-1,-1
55,47656,518,361,15,14,1,-1,-1,-1
55,47654,0,411,18,28,1,-1,-1,-1
55,47653,597,363,5,16,1,-1,-1,-1
56,47709,664,357,11,10,1,-1,-1,-1
56,47694,1,316,436,303,1,-1,-1,-1
56,47689,623,354,33,32,1,-1,-1,-1
56,47682,511,373,58,44,1,-1,-1,-1
56,47672,0,372,85,54,1,-1,-1,-1
56,47662,603,391,50,103,1,-1,-1,-1
56,47659,573,363,12,13,1,-1,-1,-1
56,47656,519,362,14,13,1,-1,-1,-1
56,47654,0,400,20,41,1,-1,-1,-1
56,47653,597,364,5,13,1,-1,-1,-1
57,47694,0,313,432,335,1,-1,-1,-1
57,47689,623,354,33,33,1,-1,-1,-1
57,47682,510,374,58,44,1,-1,-1,-1
57,47672,0,373,66,53,1,-1,-1,-1
57,47662,602,391,50,104,1,-1,-1,-1
57,47659,571,364,12,13,1,-1,-1,-1
57,47656,521,362,15,13,1,-1,-1,-1
57,47654,0,401,8,25,1,-1,-1,-1
57,47653,597,364,5,15,1,-1,-1,-1
58,47709,664,358,11,10,1,-1,-1,-1
58,47694,0,310,427,355,1,-1,-1,-1
58,47689,623,355,33,32,1,-1,-1,-1
58,47682,508,374,59,46,1,-1,-1,-1
58,47672,0,373,29,49,1,-1,-1,-1
58,47662,602,392,50,105,1,-1,-1,-1
58,47659,568,364,13,13,1,-1,-1,-1
58,47656,522,363,15,12,1,-1,-1,-1
58,47654,0,402,13,25,1,-1,-1,-1
58,47653,597,365,5,15,1,-1,-1,-1
59,47709,665,358,11,10,1,-1,-1,-1
59,47694,0,305,420,401,1,-1,-1,-1
59,47689,623,355,33,32,1,-1,-1,-1
59,47682,507,374,60,46,1,-1,-1,-1
59,47671,418,368,4,7,1,-1,-1,-1
59,47662,601,392,50,105,1,-1,-1,-1
59,47659,566,364,13,13,1,-1,-1,-1
59,47656,524,363,15,12,1,-1,-1,-1
59,47653,597,365,5,16,1,-1,-1,-1
60,47694,0,299,413,420,1,-1,-1,-1
60,47689,623,354,33,33,1,-1,-1,-1
60,47682,505,374,61,47,1,-1,-1,-1
60,47671,410,364,15,12,1,-1,-1,-1
60,47662,599,392,50,105,1,-1,-1,-1
60,47659,564,364,12,13,1,-1,-1,-1
60,47656,525,362,15,12,1,-1,-1,-1
60,47653,597,365,5,16,1,-1,-1,-1
61,47709,665,357,11,10,1,-1,-1,-1
61,47694,0,293,405,426,1,-1,-1,-1
61,47689,623,354,33,32,1,-1,-1,-1
61,47682,503,374,62,47,1,-1,-1,-1
61,47671,412,363,14,13,1,-1,-1,-1
61,47662,596,391,52,106,1,-1,-1,-1
61,47659,561,363,13,13,1,-1,-1,-1
61,47656,526,362,13,12,1,-1,-1,-1
61,47653,597,364,5,15,1,-1,-1,-1
62,47709,665,357,11,10,1,-1,-1,-1
62,47694,0,285,395,434,1,-1,-1,-1
62,47689,624,354,32,32,1,-1,-1,-1
62,47682,502,374,62,47,1,-1,-1,-1
62,47671,414,363,12,13,1,-1,-1,-1
62,47662,594,391,53,106,1,-1,-1,-1
62,47659,559,363,13,13,1,-1,-1,-1
62,47656,528,362,13,11,1,-1,-1,-1
62,47653,597,364,5,14,1,-1,-1,-1
63,47694,0,276,384,443,1,-1,-1,-1
63,47689,624,353,32,32,1,-1,-1,-1
63,47682,500,374,64,48,1,-1,-1,-1
63,47671,416,363,14,11,1,-1,-1,-1
63,47662,592,391,54,105,1,-1,-1,-1
63,47659,557,362,12,14,1,-1,-1,-1
63,47656,529,361,11,12,1,-1,-1,-1
63,47653,597,363,5,15,1,-1,-1,-1
64,47694,0,264,372,455,1,-1,-1,-1
64,47689,624,353,32,32,1,-1,-1,-1
64,47682,498,374,65,49,1,-1,-1,-1
64,47671,418,364,15,11,1,-1,-1,-1
64,47662,590,391,54,104,1,-1,-1,-1
64,47659,554,362,13,14,1,-1,-1,-1
64,47656,531,361,14,12,1,-1,-1,-1
64,47653,597,364,4,16,1,-1,-1,-1
65,47694,0,252,357,467,1,-1,-1,-1
65,47689,624,354,32,32,1,-1,-1,-1
65,47682,496,374,66,50,1,-1,-1,-1
65,47671,420,363,15,12,1,-1,-1,-1
65,47662,587,391,55,104,1,-1,-1,-1
65,47659,552,363,12,13,1,-1,-1,-1
65,47656,532,362,15,12,1,-1,-1,-1
65,47653,596,364,5,17,1,-1,-1,-1
66,47694,0,253,339,466,1,-1,-1,-1
66,47689,624,354,32,32,1,-1,-1,-1
66,47682,494,375,67,50,1,-1,-1,-1
66,47671,424,364,13,11,1,-1,-1,-1
66,47662,584,391,56,104,1,-1,-1,-1
66,47659,549,363,13,14,1,-1,-1,-1
66,47656,534,362,13,12,1,-1,-1,-1
66,47653,596,365,5,16,1,-1,-1,-1
67,47694,0,255,318,464,1,-1,-1,-1
67,47689,624,355,32,32,1,-1,-1,-1
67,47682,492,376,68,51,1,-1,-1,-1
67,47671,424,365,14,11,1,-1,-1,-1
67,47662,582,392,55,103,1,-1,-1,-1
67,47659,546,364,13,13,1,-1,-1,-1
67,47656,535,365,15,12,1,-1,-1,-1
67,47653,596,365,5,17,1,-1,-1,-1
68,47694,0,256,292,463,1,-1,-1,-1
68,47689,624,356,32,32,1,-1,-1,-1
68,47682,490,377,69,52,1,-1,-1,-1
68,47671,426,365,14,12,1,-1,-1,-1
68,47662,578,392,56,102,1,-1,-1,-1
68,47659,544,365,13,13,1,-1,-1,-1
68,47656,537,364,15,14,1,-1,-1,-1
68,47653,596,366,5,18,1,-1,-1,-1
69,47709,666,360,11,10,1,-1,-1,-1
69,47694,0,258,260,461,1,-1,-1,-1
69,47689,624,357,32,31,1,-1,-1,-1
69,47682,487,378,71,53,1,-1,-1,-1
69,47671,428,366,14,12,1,-1,-1,-1
69,47662,573,393,57,101,1,-1,-1,-1
69,47659,543,366,11,12,1,-1,-1,-1
69,47656,538,365,15,14,1,-1,-1,-1
69,47653,595,367,5,17,1,-1,-1,-1
70,47694,0,259,221,460,1,-1,-1,-1
70,47689,624,357,32,32,1,-1,-1,-1
70,47682,484,379,72,54,1,-1,-1,-1
70,47671,429,367,15,11,1,-1,-1,-1
70,47663,485,366,5,4,1,-1,-1,-1
70,47662,568,393,58,101,1,-1,-1,-1
70,47659,539,367,11,13,1,-1,-1,-1
70,47656,543,365,12,15,1,-1,-1,-1
70,47653,595,368,5,16,1,-1,-1,-1
71,47694,0,259,173,460,1,-1,-1,-1
71,47689,624,358,32,32,1,-1,-1,-1
71,47682,482,380,73,55,1,-1,-1,-1
71,47671,431,367,13,12,1,-1,-1,-1
71,47662,562,394,59,99,1,-1,-1,-1
71,47659,535,368,12,12,1,-1,-1,-1
71,47656,544,366,12,15,1,-1,-1,-1
71,47653,595,368,5,18,1,-1,-1,-1
72,47694,0,259,113,460,1,-1,-1,-1
72,47689,624,358,32,32,1,-1,-1,-1
72,47682,479,380,75,56,1,-1,-1,-1
72,47671,433,367,14,12,1,-1,-1,-1
72,47662,556,394,60,98,1,-1,-1,-1
72,47659,533,367,12,13,1,-1,-1,-1
72,47656,543,366,15,15,1,-1,-1,-1
72,47653,594,368,6,18,1,-1,-1,-1
73,47689,624,357,32,32,1,-1,-1,-1
73,47682,476,380,77,56,1,-1,-1,-1
73,47671,435,367,13,11,1,-1,-1,-1
73,47662,550,393,60,98,1,-1,-1,-1
73,47659,530,366,13,13,1,-1,-1,-1
73,47656,545,365,15,15,1,-1,-1,-1
73,47654,0,433,7,28,1,-1,-1,-1
73,47653,594,368,5,17,1,-1,-1,-1
74,47689,624,356,32,32,1,-1,-1,-1
74,47682,474,379,78,57,1,-1,-1,-1
74,47671,437,366,14,11,1,-1,-1,-1
74,47662,542,391,62,97,1,-1,-1,-1
74,47659,527,365,10,12,1,-1,-1,-1
74,47656,547,364,14,15,1,-1,-1,-1
74,47653,593,367,6,18,1,-1,-1,-1
75,47689,624,355,32,32,1,-1,-1,-1
75,47682,471,378,79,58,1,-1,-1,-1
75,47671,438,365,15,11,1,-1,-1,-1
75,47662,534,390,63,96,1,-1,-1,-1
75,47659,524,364,12,12,1,-1,-1,-1
75,47656,549,363,14,16,1,-1,-1,-1
75,47653,593,366,6,18,1,-1,-1,-1
76,47689,624,354,32,32,1,-1,-1,-1
76,47682,469,377,80,60,1,-1,-1,-1
76,47671,440,364,15,11,1,-1,-1,-1
76,47663,469,362,4,6,1,-1,-1,-1
76,47662,526,389,64,94,1,-1,-1,-1
76,47659,521,363,14,12,1,-1,-1,-1
76,47656,550,362,15,16,1,-1,-1,-1
76,47653,593,365,5,19,1,-1,-1,-1
77,47709,667,357,11,10,1,-1,-1,-1
77,47689,624,353,32,32,1,-1,-1,-1
77,47682,467,377,76,59,1,-1,-1,-1
77,47671,442,363,15,13,1,-1,-1,-1
77,47662,517,388,66,93,1,-1,-1,-1
77,47659,518,363,14,13,1,-1,-1,-1
77,47656,552,362,15,15,1,-1,-1,-1
77,47653,592,364,6,19,1,-1,-1,-1
78,47689,624,353,32,32,1,-1,-1,-1
78,47682,465,377,81,60,1,-1,-1,-1
78,47671,444,363,15,11,1,-1,-1,-1
78,47663,464,361,6,5,1,-1,-1,-1
78,47662,508,387,67,92,1,-1,-1,-1
78,47659,515,362,14,14,1,-1,-1,-1
78,47656,554,361,15,16,1,-1,-1,-1
78,47653,592,364,6,18,1,-1,-1,-1
79,47689,625,353,31,32,1,-1,-1,-1
79,47682,463,377,84,61,1,-1,-1,-1
79,47671,446,363,15,11,1,-1,-1,-1
79,47663,461,361,6,5,1,-1,-1,-1
79,47662,498,387,69,91,1,-1,-1,-1
79,47659,513,362,13,13,1,-1,-1,-1
79,47656,557,361,14,16,1,-1,-1,-1
79,47653,592,364,6,19,1,-1,-1,-1
80,47689,625,354,32,31,1,-1,-1,-1
80,47682,461,377,85,63,1,-1,-1,-1
80,47671,448,363,15,13,1,-1,-1,-1
80,47662,487,387,71,90,1,-1,-1,-1
80,47659,510,363,14,13,1,-1,-1,-1
80,47656,559,362,14,16,1,-1,-1,-1
80,47653,592,364,6,20,1,-1,-1,-1
81,47689,625,354,32,32,1,-1,-1,-1
81,47682,459,378,87,63,1,-1,-1,-1
81,47671,450,363,16,14,1,-1,-1,-1
81,47662,476,388,73,89,1,-1,-1,-1
81,47659,507,363,14,14,1,-1,-1,-1
81,47656,561,362,14,16,1,-1,-1,-1
81,47653,591,365,6,20,1,-1,-1,-1
82,47689,626,354,31,32,1,-1,-1,-1
82,47682,457,378,88,64,1,-1,-1,-1
82,47671,452,364,15,13,1,-1,-1,-1
82,47662,464,387,75,89,1,-1,-1,-1
82,47659,504,363,14,12,1,-1,-1,-1
82,47656,563,362,14,16,1,-1,-1,-1
82,47653,591,365,6,20,1,-1,-1,-1
83,47689,626,354,31,31,1,-1,-1,-1
83,47682,455,378,89,65,1,-1,-1,-1
83,47671,454,363,15,13,1,-1,-1,-1
83,47662,451,387,78,87,1,-1,-1,-1
83,47659,501,363,14,12,1,-1,-1,-1
83,47656,565,362,14,17,1,-1,-1,-1
83,47653,591,365,6,19,1,-1,-1,-1
84,47689,626,353,32,32,1,-1,-1,-1
84,47682,458,378,85,66,1,-1,-1,-1
84,47671,456,363,16,13,1,-1,-1,-1
84,47662,438,387,79,86,1,-1,-1,-1
84,47659,499,362,13,13,1,-1,-1,-1
84,47656,568,362,12,16,1,-1,-1,-1
84,47653,591,364,6,21,1,-1,-1,-1
85,47689,626,353,32,32,1,-1,-1,-1
85,47682,470,378,73,67,1,-1,-1,-1
85,47671,458,363,15,12,1,-1,-1,-1
85,47662,424,386,81,86,1,-1,-1,-1
85,47659,496,362,13,13,1,-1,-1,-1
85,47656,570,361,12,16,1,-1,-1,-1
85,47653,590,364,6,21,1,-1,-1,-1
86,47689,626,353,32,31,1,-1,-1,-1
86,47682,463,378,79,67,1,-1,-1,-1
86,47671,460,362,14,14,1,-1,-1,-1
86,47662,408,386,84,85,1,-1,-1,-1
86,47659,493,362,13,13,1,-1,-1,-1
86,47656,572,361,12,16,1,-1,-1,-1
86,47653,590,364,6,19,1,-1,-1,-1
87,47689,627,353,31,31,1,-1,-1,-1
87,47682,447,378,94,69,1,-1,-1,-1
87,47671,462,362,14,14,1,-1,-1,-1
87,47662,391,386,86,84,1,-1,-1,-1
87,47659,492,362,11,12,1,-1,-1,-1
87,47656,574,361,11,17,1,-1,-1,-1
87,47653,589,364,7,22,1,-1,-1,-1
88,47689,627,353,31,32,1,-1,-1,-1
88,47682,443,379,97,69,1,-1,-1,-1
88,47671,464,363,15,12,1,-1,-1,-1
88,47662,373,386,87,84,1,-1,-1,-1
88,47659,486,362,14,14,1,-1,-1,-1
88,47656,576,362,11,17,1,-1,-1,-1
88,47653,589,364,6,21,1,-1,-1,-1
89,47689,627,354,31,31,1,-1,-1,-1
89,47682,441,379,98,71,1,-1,-1,-1
89,47671,466,363,16,13,1,-1,-1,-1
89,47662,353,387,90,83,1,-1,-1,-1
89,47659,483,364,14,13,1,-1,-1,-1
89,47656,578,362,10,17,1,-1,-1,-1
89,47653,588,365,7,22,1,-1,-1,-1
90,47689,627,354,32,31,1,-1,-1,-1
90,47682,438,380,100,71,1,-1,-1,-1
90,47671,468,363,16,13,1,-1,-1,-1
90,47662,331,387,94,82,1,-1,-1,-1
90,47659,482,363,12,14,1,-1,-1,-1
90,47656,580,362,8,17,1,-1,-1,-1
90,47653,588,365,7,22,1,-1,-1,-1
91,47689,627,354,32,31,1,-1,-1,-1
91,47682,435,380,102,72,1,-1,-1,-1
91,47671,469,363,17,14,1,-1,-1,-1
91,47662,310,386,97,83,1,-1,-1,-1
91,47659,482,363,9,13,1,-1,-1,-1
91,47656,581,362,6,17,1,-1,-1,-1
91,47653,587,365,7,22,1,-1,-1,-1
92,47689,627,353,32,31,1,-1,-1,-1
92,47682,433,380,103,73,1,-1,-1,-1
92,47671,472,363,13,14,1,-1,-1,-1
92,47662,289,386,99,82,1,-1,-1,-1
92,47659,478,362,7,9,1,-1,-1,-1
92,47656,583,362,10,17,1,-1,-1,-1
92,47653,587,365,7,22,1,-1,-1,-1
93,47689,627,353,32,31,1,-1,-1,-1
93,47682,430,379,105,74,1,-1,-1,-1
93,47671,474,362,15,14,1,-1,-1,-1
93,47662,267,385,101,83,1,-1,-1,-1
93,47659,471,362,12,14,1,-1,-1,-1
93,47656,585,361,9,18,1,-1,-1,-1
93,47653,586,364,7,23,1,-1,-1,-1
94,47689,628,352,31,31,1,-1,-1,-1
94,47682,428,379,106,75,1,-1,-1,-1
94,47671,476,362,15,14,1,-1,-1,-1
94,47662,243,385,105,82,1,-1,-1,-1
94,47659,468,361,11,13,1,-1,-1,-1
94,47656,587,361,8,16,1,-1,-1,-1
94,47653,586,364,7,23,1,-1,-1,-1
95,47689,628,352,31,31,1,-1,-1,-1
95,47682,425,379,108,76,1,-1,-1,-1
95,47671,477,362,15,13,1,-1,-1,-1
95,47662,218,385,108,82,1,-1,-1,-1
95,47659,465,361,13,12,1,-1,-1,-1
95,47656,588,360,7,18,1,-1,-1,-1
95,47653,585,363,7,24,1,-1,-1,-1
96,47689,628,352,31,31,1,-1,-1,-1
96,47682,423,379,109,77,1,-1,-1,-1
96,47671,479,361,15,15,1,-1,-1,-1
96,47662,192,385,111,82,1,-1,-1,-1
96,47659,462,361,14,13,1,-1,-1,-1
96,47656,589,361,6,16,1,-1,-1,-1
96,47653,585,364,7,23,1,-1,-1,-1
97,47689,628,352,31,31,1,-1,-1,-1
97,47682,420,380,111,78,1,-1,-1,-1
97,47671,480,362,16,14,1,-1,-1,-1
97,47662,165,385,114,83,1,-1,-1,-1
97,47659,459,361,14,14,1,-1,-1,-1
97,47656,589,361,7,18,1,-1,-1,-1
97,47653,584,364,7,24,1,-1,-1,-1
98,47689,628,353,31,31,1,-1,-1,-1
98,47682,418,381,112,78,1,-1,-1,-1
98,47671,487,362,11,14,1,-1,-1,-1
98,47662,137,386,118,83,1,-1,-1,-1
98,47659,455,362,15,13,1,-1,-1,-1
98,47656,591,361,6,19,1,-1,-1,-1
98,47653,583,365,8,23,1,-1,-1,-1
99,47689,628,354,31,31,1,-1,-1,-1
99,47682,415,382,114,80,1,-1,-1,-1
99,47671,486,363,14,14,1,-1,-1,-1
99,47662,108,387,121,84,1,-1,-1,-1
99,47659,452,363,12,14,1,-1,-1,-1
99,47656,592,362,5,19,1,-1,-1,-1
99,47653,583,365,7,26,1,-1,-1,-1
100,47689,628,354,31,31,1,-1,-1,-1
100,47682,411,383,117,81,1,-1,-1,-1
100,47671,486,364,17,14,1,-1,-1,-1
100,47662,78,388,125,85,1,-1,-1,-1
100,47659,449,364,12,13,1,-1,-1,-1
100,47656,592,363,6,18,1,-1,-1,-1
100,47653,582,366,8,26,1,-1,-1,-1
101,47689,628,355,31,31,1,-1,-1,-1
101,47682,408,384,118,82,1,-1,-1,-1
101,47671,488,364,16,14,1,-1,-1,-1
101,47662,45,389,131,86,1,-1,-1,-1
101,47659,446,364,14,13,1,-1,-1,-1
101,47656,593,363,5,19,1,-1,-1,-1
101,47653,581,367,8,25,1,-1,-1,-1
102,47689,630,355,31,31,1,-1,-1,-1
102,47682,406,384,121,84,1,-1,-1,-1
102,47671,492,365,14,13,1,-1,-1,-1
102,47662,17,389,133,87,1,-1,-1,-1
102,47659,444,364,15,15,1,-1,-1,-1
102,47656,595,363,6,20,1,-1,-1,-1
102,47653,582,367,8,25,1,-1,-1,-1
103,47689,633,354,31,31,1,-1,-1,-1
103,47682,406,384,123,85,1,-1,-1,-1
103,47671,497,364,15,13,1,-1,-1,-1
103,47662,0,390,128,87,1,-1,-1,-1
103,47659,444,364,15,13,1,-1,-1,-1
103,47656,598,363,6,19,1,-1,-1,-1
103,47653,585,367,8,26,1,-1,-1,-1
104,47689,636,353,31,31,1,-1,-1,-1
104,47682,405,383,125,87,1,-1,-1,-1
104,47671,501,363,16,14,1,-1,-1,-1
104,47662,0,389,105,89,1,-1,-1,-1
104,47659,444,363,15,13,1,-1,-1,-1
104,47656,601,362,6,19,1,-1,-1,-1
104,47653,587,366,8,27,1,-1,-1,-1
105,47689,639,353,30,30,1,-1,-1,-1
105,47682,404,383,128,88,1,-1,-1,-1
105,47671,506,363,15,13,1,-1,-1,-1
105,47662,0,389,80,89,1,-1,-1,-1
105,47659,446,362,12,13,1,-1,-1,-1
105,47656,604,361,6,20,1,-1,-1,-1
105,47653,589,365,8,27,1,-1,-1,-1
106,47689,641,352,31,31,1,-1,-1,-1
106,47682,403,382,130,90,1,-1,-1,-1
106,47671,509,362,17,14,1,-1,-1,-1
106,47662,0,400,55,78,1,-1,-1,-1
106,47659,443,361,12,12,1,-1,-1,-1
106,47656,606,361,6,17,1,-1,-1,-1
106,47653,590,364,9,27,1,-1,-1,-1
107,47689,643,351,31,31,1,-1,-1,-1
107,47682,402,382,132,91,1,-1,-1,-1
107,47671,514,361,16,13,1,-1,-1,-1
107,47663,405,359,5,5,1,-1,-1,-1
107,47662,0,408,29,69,1,-1,-1,-1
107,47659,442,361,14,12,1,-1,-1,-1
107,47656,608,360,6,20,1,-1,-1,-1
107,47653,591,364,9,28,1,-1,-1,-1
108,47689,644,349,31,31,1,-1,-1,-1
108,47682,401,380,133,92,1,-1,-1,-1
108,47671,517,359,16,13,1,-1,-1,-1
108,47663,404,357,5,4,1,-1,-1,-1
108,47659,440,358,14,13,1,-1,-1,-1
108,47656,609,358,7,20,1,-1,-1,-1
108,47653,592,362,9,27,1,-1,-1,-1
109,47689,645,346,31,30,1,-1,-1,-1
109,47682,400,377,134,92,1,-1,-1,-1
109,47671,519,356,17,13,1,-1,-1,-1
109,47663,402,354,6,4,1,-1,-1,-1
109,47659,438,355,14,12,1,-1,-1,-1
109,47656,610,355,6,19,1,-1,-1,-1
109,47653,592,359,9,28,1,-1,-1,-1
110,47689,645,345,31,30,1,-1,-1,-1
110,47682,398,376,135,93,1,-1,-1,-1
110,47671,522,354,16,14,1,-1,-1,-1
110,47663,399,352,6,5,1,-1,-1,-1
110,47659,435,354,14,13,1,-1,-1,-1
110,47656,610,354,7,19,1,-1,-1,-1
110,47653,592,357,9,29,1,-1,-1,-1
111,47689,645,346,31,30,1,-1,-1,-1
111,47682,396,377,137,94,1,-1,-1,-1
111,47671,524,355,16,14,1,-1,-1,-1
111,47663,398,353,4,5,1,-1,-1,-1
111,47659,432,355,14,13,1,-1,-1,-1
111,47656,610,355,7,18,1,-1,-1,-1
111,47653,591,358,9,29,1,-1,-1,-1
112,47689,646,348,30,30,1,-1,-1,-1
112,47682,394,379,138,94,1,-1,-1,-1
112,47671,526,357,16,15,1,-1,-1,-1
112,47663,395,356,5,4,1,-1,-1,-1
112,47659,429,356,14,14,1,-1,-1,-1
112,47656,610,356,7,21,1,-1,-1,-1
112,47653,591,360,9,29,1,-1,-1,-1
113,47689,646,349,30,30,1,-1,-1,-1
113,47682,392,381,140,95,1,-1,-1,-1
113,47671,529,359,16,14,1,-1,-1,-1
113,47659,427,358,14,14,1,-1,-1,-1
113,47656,611,358,6,20,1,-1,-1,-1
113,47653,591,362,9,29,1,-1,-1,-1
114,47689,647,351,30,30,1,-1,-1,-1
114,47682,390,383,141,97,1,-1,-1,-1
114,47671,531,361,16,14,1,-1,-1,-1
114,47663,391,359,5,4,1,-1,-1,-1
114,47659,424,360,14,14,1,-1,-1,-1
114,47656,611,360,7,21,1,-1,-1,-1
114,47653,591,364,9,29,1,-1,-1,-1
115,47689,647,353,30,29,1,-1,-1,-1
115,47682,387,385,144,98,1,-1,-1,-1
115,47671,533,362,15,15,1,-1,-1,-1
115,47663,389,361,5,4,1,-1,-1,-1
115,47659,424,362,12,14,1,-1,-1,-1
115,47656,611,361,7,21,1,-1,-1,-1
115,47653,591,365,9,30,1,-1,-1,-1
116,47689,648,354,30,30,1,-1,-1,-1
116,47682,384,386,146,100,1,-1,-1,-1
116,47671,536,363,13,14,1,-1,-1,-1
116,47659,419,363,14,14,1,-1,-1,-1
116,47656,612,363,7,21,1,-1,-1,-1
116,47653,591,367,9,30,1,-1,-1,-1
117,47689,649,355,30,30,1,-1,-1,-1
117,47682,381,387,149,102,1,-1,-1,-1
117,47671,539,364,17,14,1,-1,-1,-1
117,47659,417,364,14,14,1,-1,-1,-1
117,47656,613,364,6,20,1,-1,-1,-1
117,47653,591,368,10,31,1,-1,-1,-1
118,47689,650,356,29,29,1,-1,-1,-1
118,47682,377,389,152,103,1,-1,-1,-1
118,47671,542,365,16,15,1,-1,-1,-1
118,47659,415,365,14,12,1,-1,-1,-1
118,47656,613,365,7,22,1,-1,-1,-1
118,47653,591,369,10,31,1,-1,-1,-1
119,47689,650,357,30,29,1,-1,-1,-1
119,47682,373,390,155,105,1,-1,-1,-1
119,47671,545,366,16,15,1,-1,-1,-1
119,47659,412,366,12,14,1,-1,-1,-1
119,47656,614,365,7,22,1,-1,-1,-1
119,47653,591,370,10,31,1,-1,-1,-1
120,47689,651,357,31,30,1,-1,-1,-1
120,47682,368,391,160,108,1,-1,-1,-1
120,47671,548,367,16,15,1,-1,-1,-1
120,47659,410,366,14,15,1,-1,-1,-1
120,47656,614,366,7,22,1,-1,-1,-1
120,47653,592,370,10,32,1,-1,-1,-1
121,47689,652,358,31,29,1,-1,-1,-1
121,47682,363,392,164,110,1,-1,-1,-1
121,47671,551,367,17,15,1,-1,-1,-1
121,47659,408,367,14,13,1,-1,-1,-1
121,47656,615,367,7,22,1,-1,-1,-1
121,47653,592,371,10,32,1,-1,-1,-1
122,47689,654,358,30,30,1,-1,-1,-1
122,47682,357,393,169,113,1,-1,-1,-1
122,47671,559,368,12,15,1,-1,-1,-1
122,47659,406,368,14,14,1,-1,-1,-1
122,47656,616,367,7,23,1,-1,-1,-1
122,47653,593,372,10,32,1,-1,-1,-1
123,47689,655,359,30,29,1,-1,-1,-1
123,47682,351,394,174,117,1,-1,-1,-1
123,47671,561,368,14,15,1,-1,-1,-1
123,47659,404,368,14,15,1,-1,-1,-1
123,47656,617,368,7,23,1,-1,-1,-1
123,47653,593,372,10,33,1,-1,-1,-1
124,47689,656,359,31,29,1,-1,-1,-1
124,47682,343,395,180,120,1,-1,-1,-1
124,47671,563,369,16,15,1,-1,-1,-1
124,47659,401,368,14,15,1,-1,-1,-1
124,47656,618,368,7,23,1,-1,-1,-1
124,47653,594,372,10,34,1,-1,-1,-1
125,47689,657,358,31,30,1,-1,-1,-1
125,47682,335,395,187,124,1,-1,-1,-1
125,47671,566,368,16,15,1,-1,-1,-1
125,47659,399,368,14,14,1,-1,-1,-1
125,47656,618,367,8,23,1,-1,-1,-1
125,47653,594,372,10,34,1,-1,-1,-1
126,47689,657,358,32,29,1,-1,-1,-1
126,47682,327,395,193,128,1,-1,-1,-1
126,47671,569,367,17,16,1,-1,-1,-1
126,47659,397,367,14,14,1,-1,-1,-1
126,47656,619,367,8,24,1,-1,-1,-1
126,47653,594,372,11,34,1,-1,-1,-1
127,47689,658,356,32,29,1,-1,-1,-1
127,47682,318,394,200,132,1,-1,-1,-1
127,47671,573,366,16,15,1,-1,-1,-1
127,47659,394,365,14,15,1,-1,-1,-1
127,47656,619,365,8,24,1,-1,-1,-1
127,47653,594,370,11,35,1,-1,-1,-1
128,47689,658,352,32,29,1,-1,-1,-1
128,47682,310,391,205,135,1,-1,-1,-1
128,47671,576,362,16,16,1,-1,-1,-1
128,47659,391,361,14,15,1,-1,-1,-1
128,47656,619,361,8,25,1,-1,-1,-1
128,47653,593,366,11,35,1,-1,-1,-1
129,47689,657,350,33,29,1,-1,-1,-1
129,47682,303,389,210,137,1,-1,-1,-1
129,47671,579,360,16,15,1,-1,-1,-1
129,47659,388,359,14,14,1,-1,-1,-1
129,47656,619,359,7,25,1,-1,-1,-1
129,47653,593,364,11,34,1,-1,-1,-1
130,47689,657,350,33,28,1,-1,-1,-1
130,47682,295,389,216,140,1,-1,-1,-1
130,47671,582,359,13,15,1,-1,-1,-1
130,47659,385,359,14,14,1,-1,-1,-1
130,47656,618,359,8,24,1,-1,-1,-1
130,47653,592,364,11,35,1,-1,-1,-1
131,47689,657,350,32,29,1,-1,-1,-1
131,47682,287,390,222,143,1,-1,-1,-1
131,47671,585,360,12,15,1,-1,-1,-1
131,47659,384,359,10,14,1,-1,-1,-1
131,47656,618,359,8,25,1,-1,-1,-1
131,47653,591,364,12,36,1,-1,-1,-1
132,47689,656,351,33,28,1,-1,-1,-1
132,47682,278,391,228,147,1,-1,-1,-1
132,47671,588,361,15,15,1,-1,-1,-1
132,47659,383,360,9,14,1,-1,-1,-1
132,47656,617,360,8,24,1,-1,-1,-1
132,47653,591,365,11,36,1,-1,-1,-1
133,47689,656,352,33,28,1,-1,-1,-1
133,47682,269,393,234,150,1,-1,-1,-1
133,47671,592,361,13,17,1,-1,-1,-1
133,47659,383,363,6,12,1,-1,-1,-1
133,47656,617,361,8,25,1,-1,-1,-1
133,47653,590,366,11,36,1,-1,-1,-1
134,47689,655,352,34,28,1,-1,-1,-1
134,47682,258,394,242,155,1,-1,-1,-1
134,47671,597,362,11,17,1,-1,-1,-1
134,47659,383,370,3,5,1,-1,-1,-1
134,47656,617,361,8,26,1,-1,-1,-1
134,47653,589,366,12,37,1,-1,-1,-1
135,47689,655,353,34,28,1,-1,-1,-1
135,47682,247,395,250,159,1,-1,-1,-1
135,47671,598,363,13,16,1,-1,-1,-1
135,47656,616,362,8,26,1,-1,-1,-1
135,47653,588,367,12,38,1,-1,-1,-1
136,47689,654,354,35,27,1,-1,-1,-1
136,47682,235,397,259,163,1,-1,-1,-1
136,47671,600,364,13,16,1,-1,-1,-1
136,47656,616,363,8,26,1,-1,-1,-1
136,47653,588,368,12,38,1,-1,-1,-1
137,47689,653,354,35,28,1,-1,-1,-1
137,47682,221,398,269,168,1,-1,-1,-1
137,47671,602,364,13,16,1,-1,-1,-1
137,47656,615,363,9,26,1,-1,-1,-1
137,47653,587,368,12,38,1,-1,-1,-1
138,47689,653,354,35,28,1,-1,-1,-1
138,47682,207,399,280,175,1,-1,-1,-1
138,47671,605,364,11,16,1,-1,-1,-1
138,47656,615,363,8,28,1,-1,-1,-1
138,47653,586,369,12,38,1,-1,-1,-1
139,47689,652,355,35,27,1,-1,-1,-1
139,47682,191,400,292,181,1,-1,-1,-1
139,47671,608,365,11,16,1,-1,-1,-1
139,47656,614,364,9,26,1,-1,-1,-1
139,47653,585,369,13,39,1,-1,-1,-1
140,47689,651,355,36,27,1,-1,-1,-1
140,47682,173,401,305,188,1,-1,-1,-1
140,47671,610,365,11,17,1,-1,-1,-1
140,47656,614,364,8,28,1,-1,-1,-1
140,47653,585,369,12,40,1,-1,-1,-1
141,47689,650,355,37,27,1,-1,-1,-1
141,47682,153,403,321,195,1,-1,-1,-1
141,47671,613,365,10,17,1,-1,-1,-1
141,47656,613,364,9,27,1,-1,-1,-1
141,47653,584,370,12,39,1,-1,-1,-1
142,47689,649,355,37,27,1,-1,-1,-1
142,47682,132,404,337,204,1,-1,-1,-1
142,47671,619,365,6,17,1,-1,-1,-1
142,47656,613,364,9,29,1,-1,-1,-1
142,47653,583,370,13,40,1,-1,-1,-1
143,47689,648,356,38,26,1,-1,-1,-1
143,47682,108,405,355,213,1,-1,-1,-1
143,47671,619,366,7,17,1,-1,-1,-1
143,47656,612,365,9,27,1,-1,-1,-1
143,47653,582,370,13,41,1,-1,-1,-1
144,47689,647,356,38,26,1,-1,-1,-1
144,47682,81,406,376,224,1,-1,-1,-1
144,47671,620,366,7,17,1,-1,-1,-1
144,47656,612,365,9,28,1,-1,-1,-1
144,47653,581,370,13,41,1,-1,-1,-1
145,47689,646,356,38,26,1,-1,-1,-1
145,47682,50,408,401,235,1,-1,-1,-1
145,47671,620,366,8,17,1,-1,-1,-1
145,47663,328,363,5,5,1,-1,-1,-1
145,47656,611,365,9,28,1,-1,-1,-1
145,47653,581,370,13,42,1,-1,-1,-1
146,47689,644,356,40,26,1,-1,-1,-1
146,47682,14,409,430,251,1,-1,-1,-1
146,47671,621,366,8,17,1,-1,-1,-1
146,47663,324,363,6,5,1,-1,-1,-1
146,47656,611,365,9,29,1,-1,-1,-1
146,47653,580,371,13,41,1,-1,-1,-1
147,47689,643,356,40,26,1,-1,-1,-1
147,47682,0,411,436,268,1,-1,-1,-1
147,47671,622,366,8,17,1,-1,-1,-1
147,47663,322,363,7,5,1,-1,-1,-1
147,47659,332,374,3,5,1,-1,-1,-1
147,47656,610,365,10,29,1,-1,-1,-1
147,47653,579,371,13,42,1,-1,-1,-1
148,47689,641,356,41,26,1,-1,-1,-1
148,47682,0,413,428,288,1,-1,-1,-1
148,47671,622,366,9,17,1,-1,-1,-1
148,47659,329,371,6,8,1,-1,-1,-1
148,47656,610,365,9,30,1,-1,-1,-1
148,47653,578,371,14,42,1,-1,-1,-1
149,47689,639,356,42,26,1,-1,-1,-1
149,47682,0,415,420,304,1,-1,-1,-1
149,47671,623,366,9,18,1,-1,-1,-1
149,47663,319,363,5,5,1,-1,-1,-1
149,47659,326,365,8,14,1,-1,-1,-1
149,47656,609,365,10,30,1,-1,-1,-1
149,47653,578,371,13,42,1,-1,-1,-1
150,47689,637,356,43,26,1,-1,-1,-1
150,47682,0,417,410,302,1,-1,-1,-1
150,47671,623,366,9,18,1,-1,-1,-1
150,47659,323,365,12,14,1,-1,-1,-1
150,47656,609,365,9,31,1,-1,-1,-1
150,47653,577,371,13,43,1,-1,-1,-1
151,47689,634,356,45,26,1,-1,-1,-1
151,47682,0,420,399,299,1,-1,-1,-1
151,47671,623,366,9,18,1,-1,-1,-1
151,47659,319,365,14,14,1,-1,-1,-1
151,47656,608,365,10,30,1,-1,-1,-1
151,47653,576,371,14,44,1,-1,-1,-1
152,47689,631,356,46,26,1,-1,-1,-1
152,47682,0,423,386,296,1,-1,-1,-1
152,47671,623,366,9,18,1,-1,-1,-1
152,47659,316,365,14,14,1,-1,-1,-1
152,47656,607,365,10,31,1,-1,-1,-1
152,47653,575,371,14,44,1,-1,-1,-1
153,47689,630,356,46,26,1,-1,-1,-1
153,47682,0,426,372,293,1,-1,-1,-1
153,47671,623,366,10,19,1,-1,-1,-1
153,47659,313,365,13,14,1,-1,-1,-1
153,47656,607,365,10,31,1,-1,-1,-1
153,47653,574,371,14,45,1,-1,-1,-1
154,47689,625,356,49,25,1,-1,-1,-1
154,47682,0,430,355,289,1,-1,-1,-1
154,47671,623,366,10,19,1,-1,-1,-1
154,47659,313,365,10,14,1,-1,-1,-1
154,47656,606,365,10,32,1,-1,-1,-1
154,47653,573,372,14,44,1,-1,-1,-1
155,47689,622,356,50,25,1,-1,-1,-1
155,47682,0,435,335,284,1,-1,-1,-1
155,47671,623,366,10,19,1,-1,-1,-1
155,47659,312,365,8,14,1,-1,-1,-1
155,47656,606,365,10,32,1,-1,-1,-1
155,47653,573,372,14,45,1,-1,-1,-1
156,47689,619,356,51,25,1,-1,-1,-1
156,47682,0,440,313,279,1,-1,-1,-1
156,47671,623,366,10,19,1,-1,-1,-1
156,47659,313,369,3,10,1,-1,-1,-1
156,47656,605,366,10,32,1,-1,-1,-1
156,47653,572,372,14,45,1,-1,-1,-1
157,47689,616,356,52,25,1,-1,-1,-1
157,47682,0,446,286,273,1,-1,-1,-1
157,47671,623,366,10,19,1,-1,-1,-1
157,47656,605,366,10,32,1,-1,-1,-1
157,47653,571,372,14,46,1,-1,-1,-1
158,47689,612,356,54,25,1,-1,-1,-1
158,47682,0,454,254,265,1,-1,-1,-1
158,47671,623,366,10,20,1,-1,-1,-1
158,47656,604,366,11,32,1,-1,-1,-1
158,47653,570,372,15,46,1,-1,-1,-1
159,47689,610,356,54,25,1,-1,-1,-1
159,47682,0,463,215,256,1,-1,-1,-1
159,47671,623,367,10,19,1,-1,-1,-1
159,47656,604,366,10,33,1,-1,-1,-1
159,47653,569,372,15,47,1,-1,-1,-1
160,47689,605,356,55,25,1,-1,-1,-1
160,47682,0,477,167,242,1,-1,-1,-1
160,47671,623,367,10,19,1,-1,-1,-1
160,47656,603,366,11,33,1,-1,-1,-1
160,47653,568,372,15,47,1,-1,-1,-1
161,47689,600,357,58,24,1,-1,-1,-1
161,47682,0,539,105,180,1,-1,-1,-1
161,47671,623,367,10,20,1,-1,-1,-1
161,47656,603,366,10,33,1,-1,-1,-1
161,47653,568,373,14,47,1,-1,-1,-1
162,47689,596,357,60,25,1,-1,-1,-1
162,47682,0,636,19,83,1,-1,-1,-1
162,47671,623,367,10,20,1,-1,-1,-1
162,47656,602,367,11,33,1,-1,-1,-1
162,47653,567,373,15,48,1,-1,-1,-1
163,47689,593,357,61,25,1,-1,-1,-1
163,47671,623,368,10,20,1,-1,-1,-1
163,47656,602,367,11,34,1,-1,-1,-1
163,47653,566,374,15,48,1,-1,-1,-1
164,47689,589,358,62,24,1,-1,-1,-1
164,47671,623,368,10,20,1,-1,-1,-1
164,47656,601,368,11,34,1,-1,-1,-1
164,47653,565,374,15,49,1,-1,-1,-1
165,47689,585,358,62,25,1,-1,-1,-1
165,47671,622,369,11,20,1,-1,-1,-1
165,47656,601,368,11,35,1,-1,-1,-1
165,47653,564,375,16,49,1,-1,-1,-1
166,47689,581,359,63,24,1,-1,-1,-1
166,47671,622,369,11,21,1,-1,-1,-1
166,47656,600,368,12,36,1,-1,-1,-1
166,47653,563,375,16,50,1,-1,-1,-1
167,47689,578,359,63,24,1,-1,-1,-1
167,47671,622,369,11,21,1,-1,-1,-1
167,47656,600,369,12,36,1,-1,-1,-1
167,47653,563,376,16,50,1,-1,-1,-1
168,47689,575,359,63,25,1,-1,-1,-1
168,47671,623,370,11,21,1,-1,-1,-1
168,47656,600,369,12,36,1,-1,-1,-1
168,47653,563,376,16,52,1,-1,-1,-1
169,47689,574,360,64,24,1,-1,-1,-1
169,47671,626,370,11,21,1,-1,-1,-1
169,47656,603,369,12,37,1,-1,-1,-1
169,47653,564,377,17,52,1,-1,-1,-1
170,47689,575,360,61,24,1,-1,-1,-1
170,47671,630,370,11,22,1,-1,-1,-1
170,47656,607,370,12,37,1,-1,-1,-1
170,47653,567,377,16,53,1,-1,-1,-1
171,47689,579,360,58,24,1,-1,-1,-1
171,47671,634,370,11,22,1,-1,-1,-1
171,47656,611,370,12,37,1,-1,-1,-1
171,47653,569,377,18,54,1,-1,-1,-1
172,47689,576,360,64,24,1,-1,-1,-1
172,47671,639,371,11,22,1,-1,-1,-1
172,47656,615,370,12,38,1,-1,-1,-1
172,47653,572,378,19,54,1,-1,-1,-1
173,47689,577,360,64,24,1,-1,-1,-1
173,47671,643,371,12,22,1,-1,-1,-1
173,47656,619,370,13,38,1,-1,-1,-1
173,47653,575,378,19,55,1,-1,-1,-1
174,47689,578,360,64,24,1,-1,-1,-1
174,47671,648,371,12,23,1,-1,-1,-1
174,47656,624,370,13,39,1,-1,-1,-1
174,47653,579,378,20,56,1,-1,-1,-1
175,47689,580,361,64,23,1,-1,-1,-1
175,47671,653,371,12,23,1,-1,-1,-1
175,47656,629,371,13,39,1,-1,-1,-1
175,47653,583,379,20,56,1,-1,-1,-1
176,47689,582,361,61,24,1,-1,-1,-1
176,47671,659,372,12,23,1,-1,-1,-1
176,47656,634,371,13,40,1,-1,-1,-1
176,47653,587,379,20,57,1,-1,-1,-1
177,47689,584,361,61,24,1,-1,-1,-1
177,47671,665,372,12,24,1,-1,-1,-1
177,47656,640,371,13,41,1,-1,-1,-1
177,47653,591,380,21,58,1,-1,-1,-1
178,47689,586,361,62,24,1,-1,-1,-1
178,47671,670,373,13,24,1,-1,-1,-1
178,47656,645,372,14,41,1,-1,-1,-1
178,47653,596,380,21,60,1,-1,-1,-1
179,47689,588,362,63,24,1,-1,-1,-1
179,47671,676,373,13,24,1,-1,-1,-1
179,47656,651,372,14,42,1,-1,-1,-1
179,47653,600,381,22,61,1,-1,-1,-1
180,47689,591,362,64,24,1,-1,-1,-1
180,47671,683,373,12,25,1,-1,-1,-1
180,47656,657,373,14,42,1,-1,-1,-1
180,47653,605,382,22,62,1,-1,-1,-1
181,47689,595,362,65,24,1,-1,-1,-1
181,47671,691,373,13,25,1,-1,-1,-1
181,47656,665,373,14,43,1,-1,-1,-1
181,47653,611,382,23,63,1,-1,-1,-1
182,47689,604,362,65,23,1,-1,-1,-1
182,47671,704,373,13,25,1,-1,-1,-1
182,47656,678,372,14,45,1,-1,-1,-1
182,47653,623,382,22,65,1,-1,-1,-1
183,47689,614,361,65,24,1,-1,-1,-1
183,47671,718,372,13,26,1,-1,-1,-1
183,47656,691,372,15,45,1,-1,-1,-1
183,47653,635,382,24,66,1,-1,-1,-1
184,47689,624,361,64,24,1,-1,-1,-1
184,47671,732,372,13,26,1,-1,-1,-1
184,47656,705,371,15,47,1,-1,-1,-1
184,47653,648,382,24,68,1,-1,-1,-1
185,47689,635,360,63,25,1,-1,-1,-1
185,47671,745,372,14,27,1,-1,-1,-1
185,47656,719,371,15,48,1,-1,-1,-1
185,47653,660,382,25,70,1,-1,-1,-1
186,47689,641,360,66,24,1,-1,-1,-1
186,47671,759,371,14,28,1,-1,-1,-1
186,47656,732,371,16,49,1,-1,-1,-1
186,47653,671,382,26,72,1,-1,-1,-1
187,47689,651,359,63,25,1,-1,-1,-1
187,47671,773,371,15,28,1,-1,-1,-1
187,47656,746,370,17,50,1,-1,-1,-1
187,47653,684,382,27,74,1,-1,-1,-1
188,47689,662,359,66,24,1,-1,-1,-1
188,47671,790,370,15,29,1,-1,-1,-1
188,47659,395,372,4,13,1,-1,-1,-1
188,47656,763,370,17,51,1,-1,-1,-1
188,47653,699,381,28,77,1,-1,-1,-1
189,47689,673,358,67,24,1,-1,-1,-1
189,47671,806,369,16,30,1,-1,-1,-1
189,47659,408,371,5,13,1,-1,-1,-1
189,47656,780,369,17,52,1,-1,-1,-1
189,47653,714,381,29,80,1,-1,-1,-1
190,47689,685,356,67,25,1,-1,-1,-1
190,47671,825,368,16,30,1,-1,-1,-1
190,47659,424,370,5,12,1,-1,-1,-1
190,47656,798,368,19,54,1,-1,-1,-1
190,47653,731,380,30,83,1,-1,-1,-1
191,47689,700,356,68,24,1,-1,-1,-1
191,47671,846,367,17,31,1,-1,-1,-1
191,47659,439,370,8,12,1,-1,-1,-1
191,47656,820,367,19,56,1,-1,-1,-1
191,47653,751,380,31,86,1,-1,-1,-1
192,47689,719,356,68,25,1,-1,-1,-1
192,47671,872,367,18,32,1,-1,-1,-1
192,47659,460,371,8,13,1,-1,-1,-1
192,47656,846,367,20,58,1,-1,-1,-1
192,47653,776,381,32,90,1,-1,-1,-1
193,47689,740,356,70,26,1,-1,-1,-1
193,47671,903,366,19,34,1,-1,-1,-1
193,47659,484,372,8,13,1,-1,-1,-1
193,47656,878,367,21,61,1,-1,-1,-1
193,47653,805,382,34,94,1,-1,-1,-1
194,47689,764,355,71,26,1,-1,-1,-1
194,47671,938,365,20,36,1,-1,-1,-1
194,47659,511,374,6,10,1,-1,-1,-1
194,47656,913,366,23,64,1,-1,-1,-1
194,47653,839,382,36,100,1,-1,-1,-1
195,47689,790,354,73,26,1,-1,-1,-1
195,47671,976,364,22,37,1,-1,-1,-1
195,47659,539,377,3,7,1,-1,-1,-1
195,47656,953,364,25,68,1,-1,-1,-1
195,47653,877,382,39,107,1,-1,-1,-1
196,47689,818,352,75,28,1,-1,-1,-1
196,47671,1019,362,24,39,1,-1,-1,-1
196,47656,998,362,27,72,1,-1,-1,-1
196,47653,920,381,43,115,1,-1,-1,-1
197,47689,851,349,79,27,1,-1,-1,-1
197,47671,1073,359,25,41,1,-1,-1,-1
197,47656,1053,359,30,77,1,-1,-1,-1
197,47653,974,380,47,124,1,-1,-1,-1
198,47689,890,346,82,28,1,-1,-1,-1
198,47671,1142,354,24,45,1,-1,-1,-1
198,47656,1121,355,34,83,1,-1,-1,-1
198,47653,1041,378,53,137,1,-1,-1,-1
199,47689,931,343,85,30,1,-1,-1,-1
199,47671,1208,351,34,43,1,-1,-1,-1
199,47662,0,412,4,20,1,-1,-1,-1
199,47656,1198,351,40,92,1,-1,-1,-1
199,47653,1119,377,62,153,1,-1,-1,-1
200,47710,15,394,28,21,1,-1,-1,-1
200,47690,42,390,28,13,1,-1,-1,-1
200,47689,972,341,92,30,1,-1,-1,-1
200,47672,29,399,12,20,1,-1,-1,-1
200,47662,40,404,22,29,1,-1,-1,-1
200,47653,1209,377,70,173,1,-1,-1,-1
201,47710,77,392,25,20,1,-1,-1,-1
201,47690,102,388,26,13,1,-1,-1,-1
201,47689,1015,337,100,32,1,-1,-1,-1
201,47679,0,399,17,74,1,-1,-1,-1
201,47672,89,397,11,18,1,-1,-1,-1
201,47664,61,397,5,7,1,-1,-1,-1
201,47662,97,401,19,28,1,-1,-1,-1
202,47710,136,389,23,19,1,-1,-1,-1
202,47690,158,386,25,11,1,-1,-1,-1
202,47689,1064,332,107,35,1,-1,-1,-1
202,47679,0,396,73,72,1,-1,-1,-1
202,47674,0,428,30,101,1,-1,-1,-1
202,47672,146,394,9,18,1,-1,-1,-1
202,47664,122,394,4,7,1,-1,-1,-1
202,47662,151,398,18,27,1,-1,-1,-1
203,47710,188,386,21,18,1,-1,-1,-1
203,47706,0,395,44,7,1,-1,-1,-1
203,47690,209,383,24,11,1,-1,-1,-1
203,47689,1115,327,117,38,1,-1,-1,-1
203,47679,18,392,106,71,1,-1,-1,-1
203,47674,0,421,76,105,1,-1,-1,-1
203,47672,197,391,9,16,1,-1,-1,-1
203,47664,177,390,3,7,1,-1,-1,-1
203,47662,200,395,17,25,1,-1,-1,-1
204,47710,237,383,20,18,1,-1,-1,-1
204,47690,257,380,23,10,1,-1,-1,-1
204,47689,1170,322,109,39,1,-1,-1,-1
204,47679,71,390,100,69,1,-1,-1,-1
204,47674,0,418,121,104,1,-1,-1,-1
204,47672,245,388,8,16,1,-1,-1,-1
204,47664,227,387,4,6,1,-1,-1,-1
204,47662,246,391,16,25,1,-1,-1,-1
205,47710,287,380,19,17,1,-1,-1,-1
205,47690,306,377,22,10,1,-1,-1,-1
205,47689,1236,319,43,36,1,-1,-1,-1
205,47679,125,387,96,68,1,-1,-1,-1
205,47674,0,416,169,120,1,-1,-1,-1
205,47672,294,385,7,13,1,-1,-1,-1
205,47662,294,389,15,23,1,-1,-1,-1
206,47710,334,377,17,16,1,-1,-1,-1
206,47690,351,374,21,10,1,-1,-1,-1
206,47679,176,384,91,66,1,-1,-1,-1
206,47674,36,412,177,119,1,-1,-1,-1
206,47672,340,381,7,8,1,-1,-1,-1
206,47662,339,385,14,23,1,-1,-1,-1
207,47710,376,374,16,16,1,-1,-1,-1
207,47690,392,371,20,10,1,-1,-1,-1
207,47679,220,381,89,66,1,-1,-1,-1
207,47674,79,409,174,117,1,-1,-1,-1
207,47672,382,378,6,8,1,-1,-1,-1
207,47662,380,382,13,23,1,-1,-1,-1
208,47710,414,372,16,16,1,-1,-1,-1
208,47690,430,369,19,10,1,-1,-1,-1
208,47679,260,379,86,65,1,-1,-1,-1
208,47674,117,408,172,116,1,-1,-1,-1
208,47672,419,376,6,10,1,-1,-1,-1
208,47662,417,380,13,22,1,-1,-1,-1
209,47710,448,370,16,16,1,-1,-1,-1
209,47690,463,367,19,10,1,-1,-1,-1
209,47679,295,377,85,66,1,-1,-1,-1
209,47674,149,406,171,117,1,-1,-1,-1
209,47672,453,375,6,5,1,-1,-1,-1
209,47662,451,378,12,22,1,-1,-1,-1
210,47710,478,369,15,16,1,-1,-1,-1
210,47690,493,366,18,10,1,-1,-1,-1
210,47679,325,376,84,66,1,-1,-1,-1
210,47674,174,405,173,118,1,-1,-1,-1
210,47672,483,374,5,4,1,-1,-1,-1
210,47662,480,377,12,22,1,-1,-1,-1
211,47710,506,368,15,16,1,-1,-1,-1
211,47690,520,366,17,9,1,-1,-1,-1
211,47679,352,375,83,68,1,-1,-1,-1
211,47674,195,404,176,120,1,-1,-1,-1
211,47662,507,376,12,21,1,-1,-1,-1
212,47710,530,367,15,16,1,-1,-1,-1
212,47706,425,372,32,10,1,-1,-1,-1
212,47690,544,365,17,9,1,-1,-1,-1
212,47679,375,373,84,70,1,-1,-1,-1
212,47674,211,403,180,122,1,-1,-1,-1
212,47672,534,371,6,4,1,-1,-1,-1
212,47662,531,375,12,21,1,-1,-1,-1
213,47710,552,366,15,15,1,-1,-1,-1
213,47706,452,371,29,10,1,-1,-1,-1
213,47690,566,364,16,9,1,-1,-1,-1
213,47679,394,372,84,71,1,-1,-1,-1
213,47674,223,403,185,124,1,-1,-1,-1
213,47672,555,370,6,4,1,-1,-1,-1
213,47662,552,374,11,21,1,-1,-1,-1
214,47710,570,365,15,15,1,-1,-1,-1
214,47706,469,369,32,12,1,-1,-1,-1
214,47690,584,363,15,9,1,-1,-1,-1
214,47679,410,371,85,71,1,-1,-1,-1
214,47674,229,402,193,128,1,-1,-1,-1
214,47672,573,369,6,5,1,-1,-1,-1
214,47662,570,373,11,21,1,-1,-1,-1
215,47710,585,364,16,15,1,-1,-1,-1
215,47706,488,367,30,13,1,-1,-1,-1
215,47690,599,361,15,9,1,-1,-1,-1
215,47679,422,369,87,72,1,-1,-1,-1
215,47674,231,401,201,133,1,-1,-1,-1
215,47672,589,368,5,4,1,-1,-1,-1
215,47662,585,371,11,21,1,-1,-1,-1
216,47710,598,362,16,15,1,-1,-1,-1
216,47706,501,365,31,13,1,-1,-1,-1
216,47690,612,360,15,9,1,-1,-1,-1
216,47679,432,367,88,73,1,-1,-1,-1
216,47674,228,400,211,137,1,-1,-1,-1
216,47672,601,366,6,5,1,-1,-1,-1
216,47662,598,370,11,20,1,-1,-1,-1
217,47710,609,361,16,14,1,-1,-1,-1
217,47706,513,363,30,13,1,-1,-1,-1
217,47690,622,358,14,9,1,-1,-1,-1
217,47679,439,365,90,75,1,-1,-1,-1
217,47674,220,399,223,143,1,-1,-1,-1
217,47672,612,365,5,4,1,-1,-1,-1
217,47662,608,368,11,21,1,-1,-1,-1
218,47710,616,359,18,15,1,-1,-1,-1
218,47706,522,362,31,13,1,-1,-1,-1
218,47690,629,357,15,9,1,-1,-1,-1
218,47679,443,364,92,76,1,-1,-1,-1
218,47674,207,399,238,150,1,-1,-1,-1
218,47672,619,364,6,4,1,-1,-1,-1
218,47662,616,367,11,21,1,-1,-1,-1
219,47710,623,359,18,15,1,-1,-1,-1
219,47706,528,361,32,13,1,-1,-1,-1
219,47690,635,357,14,9,1,-1,-1,-1
219,47679,445,363,94,77,1,-1,-1,-1
219,47674,190,399,254,158,1,-1,-1,-1
219,47672,625,363,6,4,1,-1,-1,-1
219,47662,622,366,11,21,1,-1,-1,-1
220,47710,627,359,19,14,1,-1,-1,-1
220,47706,534,360,32,14,1,-1,-1,-1
220,47690,639,356,14,9,1,-1,-1,-1
220,47679,446,362,96,79,1,-1,-1,-1
220,47674,169,400,272,167,1,-1,-1,-1
220,47672,630,363,6,4,1,-1,-1,-1
220,47662,627,366,11,21,1,-1,-1,-1
221,47710,631,359,20,14,1,-1,-1,-1
221,47706,538,360,33,14,1,-1,-1,-1
221,47690,643,356,14,9,1,-1,-1,-1
221,47679,445,362,99,81,1,-1,-1,-1
221,47674,142,401,295,178,1,-1,-1,-1
221,47672,634,363,5,4,1,-1,-1,-1
221,47662,631,366,11,21,1,-1,-1,-1
222,47710,634,359,21,15,1,-1,-1,-1
222,47706,541,360,34,14,1,-1,-1,-1
222,47690,645,357,14,9,1,-1,-1,-1
222,47679,443,362,102,83,1,-1,-1,-1
222,47674,110,403,321,190,1,-1,-1,-1
222,47672,637,363,5,4,1,-1,-1,-1
222,47662,634,366,11,21,1,-1,-1,-1
223,47710,637,359,22,15,1,-1,-1,-1
223,47706,545,360,34,14,1,-1,-1,-1
223,47690,647,357,14,8,1,-1,-1,-1
223,47679,440,362,106,85,1,-1,-1,-1
223,47674,72,405,352,205,1,-1,-1,-1
223,47672,639,363,6,4,1,-1,-1,-1
223,47662,636,366,11,21,1,-1,-1,-1
224,47710,640,359,23,15,1,-1,-1,-1
224,47706,548,360,34,14,1,-1,-1,-1
224,47679,437,362,108,87,1,-1,-1,-1
224,47674,25,407,390,223,1,-1,-1,-1
224,47672,641,363,6,5,1,-1,-1,-1
224,47662,638,367,11,20,1,-1,-1,-1
225,47710,642,360,24,15,1,-1,-1,-1
225,47706,550,361,34,13,1,-1,-1,-1
225,47679,432,362,113,90,1,-1,-1,-1
225,47674,0,410,405,243,1,-1,-1,-1
225,47672,643,364,5,4,1,-1,-1,-1
225,47662,640,367,11,21,1,-1,-1,-1
226,47710,643,360,26,15,1,-1,-1,-1
226,47706,552,361,34,13,1,-1,-1,-1
226,47679,427,362,116,92,1,-1,-1,-1
226,47674,0,412,392,270,1,-1,-1,-1
226,47672,643,364,6,4,1,-1,-1,-1
226,47662,640,367,11,21,1,-1,-1,-1
227,47710,644,360,27,15,1,-1,-1,-1
227,47706,553,361,35,13,1,-1,-1,-1
227,47679,420,362,121,95,1,-1,-1,-1
227,47674,0,416,377,303,1,-1,-1,-1
227,47672,643,364,6,4,1,-1,-1,-1
227,47662,640,367,11,21,1,-1,-1,-1
228,47710,645,360,28,15,1,-1,-1,-1
228,47706,555,360,34,14,1,-1,-1,-1
228,47679,413,362,125,98,1,-1,-1,-1
228,47674,0,420,359,299,1,-1,-1,-1
228,47672,643,364,6,4,1,-1,-1,-1
228,47662,640,367,11,21,1,-1,-1,-1
229,47710,647,360,28,15,1,-1,-1,-1
229,47706,555,360,35,14,1,-1,-1,-1
229,47690,644,358,17,7,1,-1,-1,-1
229,47679,405,361,130,102,1,-1,-1,-1
229,47674,0,424,339,295,1,-1,-1,-1
229,47672,643,364,6,4,1,-1,-1,-1
229,47662,640,367,11,21,1,-1,-1,-1
230,47710,647,360,30,15,1,-1,-1,-1
230,47706,557,360,35,14,1,-1,-1,-1
230,47690,643,358,17,8,1,-1,-1,-1
230,47679,396,361,136,105,1,-1,-1,-1
230,47674,0,430,316,289,1,-1,-1,-1
230,47672,643,364,5,4,1,-1,-1,-1
230,47662,640,367,11,21,1,-1,-1,-1
231,47710,648,359,31,16,1,-1,-1,-1
231,47706,560,360,33,14,1,-1,-1,-1
231,47690,642,358,17,8,1,-1,-1,-1
231,47679,387,361,142,109,1,-1,-1,-1
231,47674,0,436,290,283,1,-1,-1,-1
231,47672,642,364,6,4,1,-1,-1,-1
231,47662,639,367,12,21,1,-1,-1,-1
232,47710,649,359,32,16,1,-1,-1,-1
232,47706,559,360,36,14,1,-1,-1,-1
232,47690,642,358,16,8,1,-1,-1,-1
232,47679,378,361,148,113,1,-1,-1,-1
232,47674,0,445,258,274,1,-1,-1,-1
232,47662,639,367,11,21,1,-1,-1,-1
233,47710,650,359,33,16,1,-1,-1,-1
233,47706,560,360,36,14,1,-1,-1,-1
233,47690,641,358,17,8,1,-1,-1,-1
233,47679,367,361,155,117,1,-1,-1,-1
233,47674,0,455,221,264,1,-1,-1,-1
233,47672,642,364,6,4,1,-1,-1,-1
233,47662,639,367,11,21,1,-1,-1,-1
234,47710,651,359,35,16,1,-1,-1,-1
234,47706,561,360,36,15,1,-1,-1,-1
234,47690,640,358,17,9,1,-1,-1,-1
234,47679,356,361,163,121,1,-1,-1,-1
234,47674,0,469,176,250,1,-1,-1,-1
234,47672,642,364,6,4,1,-1,-1,-1
234,47662,639,367,11,21,1,-1,-1,-1
235,47710,653,359,35,16,1,-1,-1,-1
235,47706,563,360,36,15,1,-1,-1,-1
235,47690,640,358,16,9,1,-1,-1,-1
235,47679,344,361,171,126,1,-1,-1,-1
235,47674,0,491,119,228,1,-1,-1,-1
235,47672,642,364,5,4,1,-1,-1,-1
235,47662,639,367,11,21,1,-1,-1,-1
236,47710,655,359,35,16,1,-1,-1,-1
236,47706,564,360,36,15,1,-1,-1,-1
236,47690,639,358,17,9,1,-1,-1,-1
236,47679,331,361,180,132,1,-1,-1,-1
236,47674,0,546,44,173,1,-1,-1,-1
236,47672,642,364,6,4,1,-1,-1,-1
236,47662,639,367,11,21,1,-1,-1,-1
237,47710,656,360,37,16,1,-1,-1,-1
237,47706,565,360,37,16,1,-1,-1,-1
237,47690,639,358,17,9,1,-1,-1,-1
237,47679,317,361,190,138,1,-1,-1,-1
237,47672,642,364,6,4,1,-1,-1,-1
237,47662,639,367,11,21,1,-1,-1,-1
238,47710,658,360,37,15,1,-1,-1,-1
238,47706,567,360,36,16,1,-1,-1,-1
238,47690,638,358,17,9,1,-1,-1,-1
238,47679,301,361,201,144,1,-1,-1,-1
238,47672,641,364,6,4,1,-1,-1,-1
238,47662,638,367,12,21,1,-1,-1,-1
239,47710,660,360,37,16,1,-1,-1,-1
239,47706,568,360,37,16,1,-1,-1,-1
239,47690,637,358,17,10,1,-1,-1,-1
239,47679,283,361,213,151,1,-1,-1,-1
239,47672,641,364,6,5,1,-1,-1,-1
239,47662,638,368,11,20,1,-1,-1,-1
240,47710,662,360,37,16,1,-1,-1,-1
240,47706,569,360,37,16,1,-1,-1,-1
240,47690,636,358,17,10,1,-1,-1,-1
240,47679,263,361,228,159,1,-1,-1,-1
240,47672,640,364,6,4,1,-1,-1,-1
240,47662,638,367,11,22,1,-1,-1,-1
241,47710,664,360,36,16,1,-1,-1,-1
241,47706,570,360,37,16,1,-1,-1,-1
241,47690,635,358,17,10,1,-1,-1,-1
241,47679,241,361,244,168,1,-1,-1,-1
241,47672,640,364,6,4,1,-1,-1,-1
241,47662,637,368,11,21,1,-1,-1,-1
242,47710,667,360,37,15,1,-1,-1,-1
242,47706,571,360,37,16,1,-1,-1,-1
242,47690,634,358,17,10,1,-1,-1,-1
242,47679,216,361,262,177,1,-1,-1,-1
242,47672,640,364,6,4,1,-1,-1,-1
242,47662,637,368,11,20,1,-1,-1,-1
243,47710,670,360,37,15,1,-1,-1,-1
243,47706,572,360,37,16,1,-1,-1,-1
243,47690,633,358,17,10,1,-1,-1,-1
243,47679,187,361,285,188,1,-1,-1,-1
243,47672,639,364,6,4,1,-1,-1,-1
243,47662,637,367,11,21,1,-1,-1,-1
244,47710,672,360,38,15,1,-1,-1,-1
244,47706,573,360,37,16,1,-1,-1,-1
244,47690,633,358,16,10,1,-1,-1,-1
244,47679,154,361,310,200,1,-1,-1,-1
244,47672,639,364,6,4,1,-1,-1,-1
244,47664,624,363,4,6,1,-1,-1,-1
244,47662,637,367,11,21,1,-1,-1,-1
245,47710,675,360,38,15,1,-1,-1,-1
245,47706,575,360,37,17,1,-1,-1,-1
245,47690,632,358,16,10,1,-1,-1,-1
245,47679,115,361,342,214,1,-1,-1,-1
245,47672,639,364,6,4,1,-1,-1,-1
245,47662,636,367,12,21,1,-1,-1,-1
246,47710,678,360,38,15,1,-1,-1,-1
246,47706,576,360,37,17,1,-1,-1,-1
246,47690,631,358,16,10,1,-1,-1,-1
246,47679,71,361,377,234,1,-1,-1,-1
246,47672,639,364,6,4,1,-1,-1,-1
246,47662,636,367,11,21,1,-1,-1,-1
247,47710,682,360,38,16,1,-1,-1,-1
247,47706,577,360,37,17,1,-1,-1,-1
247,47690,631,358,16,10,1,-1,-1,-1
247,47679,18,361,421,257,1,-1,-1,-1
247,47672,639,364,6,4,1,-1,-1,-1
247,47664,623,363,4,6,1,-1,-1,-1
247,47662,636,367,11,21,1,-1,-1,-1
248,47710,685,360,37,16,1,-1,-1,-1
248,47706,579,360,36,17,1,-1,-1,-1
248,47690,630,358,16,10,1,-1,-1,-1
248,47679,0,361,429,285,1,-1,-1,-1
248,47672,639,364,6,4,1,-1,-1,-1
248,47664,623,363,4,6,1,-1,-1,-1
248,47662,636,367,11,21,1,-1,-1,-1
249,47710,688,360,38,16,1,-1,-1,-1
249,47706,580,360,36,17,1,-1,-1,-1
249,47690,630,358,15,10,1,-1,-1,-1
249,47679,0,362,417,314,1,-1,-1,-1
249,47672,638,364,7,4,1,-1,-1,-1
249,47662,636,367,11,21,1,-1,-1,-1
250,47710,692,360,38,16,1,-1,-1,-1
250,47706,581,360,35,17,1,-1,-1,-1
250,47700,475,360,10,10,1,-1,-1,-1
250,47690,629,358,15,10,1,-1,-1,-1
250,47679,0,362,405,341,1,-1,-1,-1
250,47672,638,364,7,4,1,-1,-1,-1
250,47664,623,363,3,7,1,-1,-1,-1
250,47662,636,368,11,21,1,-1,-1,-1
251,47710,695,360,39,16,1,-1,-1,-1
251,47706,583,360,34,17,1,-1,-1,-1
251,47700,472,360,14,12,1,-1,-1,-1
251,47690,628,358,16,10,1,-1,-1,-1
251,47679,0,362,391,357,1,-1,-1,-1
251,47672,638,364,6,4,1,-1,-1,-1
251,47664,622,363,4,7,1,-1,-1,-1
251,47662,636,368,11,21,1,-1,-1,-1
252,47710,699,360,38,16,1,-1,-1,-1
252,47706,584,360,33,18,1,-1,-1,-1
252,47700,470,360,17,12,1,-1,-1,-1
252,47690,628,358,15,10,1,-1,-1,-1
252,47679,0,363,374,356,1,-1,-1,-1
252,47672,638,364,6,5,1,-1,-1,-1
252,47664,622,363,3,7,1,-1,-1,-1
252,47662,636,367,11,22,1,-1,-1,-1
253,47710,702,360,39,16,1,-1,-1,-1
253,47706,585,360,32,18,1,-1,-1,-1
253,47700,467,360,21,12,1,-1,-1,-1
253,47690,627,358,15,10,1,-1,-1,-1
253,47679,0,363,356,356,1,-1,-1,-1
253,47672,638,364,6,4,1,-1,-1,-1
253,47664,621,363,4,7,1,-1,-1,-1
253,47662,635,367,12,22,1,-1,-1,-1
254,47710,706,360,39,16,1,-1,-1,-1
254,47706,587,360,30,18,1,-1,-1,-1
254,47700,464,360,26,12,1,-1,-1,-1
254,47690,627,358,14,10,1,-1,-1,-1
254,47679,0,364,335,355,1,-1,-1,-1
254,47672,638,364,6,5,1,-1,-1,-1
254,47664,621,363,4,7,1,-1,-1,-1
254,47662,635,368,11,21,1,-1,-1,-1
255,47710,709,360,40,16,1,-1,-1,-1
255,47706,588,360,29,18,1,-1,-1,-1
255,47700,461,360,30,13,1,-1,-1,-1
255,47690,626,358,14,10,1,-1,-1,-1
255,47679,0,365,310,354,1,-1,-1,-1
255,47672,638,364,6,5,1,-1,-1,-1
255,47664,621,363,3,7,1,-1,-1,-1
255,47662,635,368,11,21,1,-1,-1,-1
256,47710,713,360,40,17,1,-1,-1,-1
256,47706,589,360,28,18,1,-1,-1,-1
256,47700,459,360,33,14,1,-1,-1,-1
256,47690,626,358,14,10,1,-1,-1,-1
256,47679,0,366,281,353,1,-1,-1,-1
256,47672,637,364,7,5,1,-1,-1,-1
256,47664,621,363,3,7,1,-1,-1,-1
256,47662,635,368,11,21,1,-1,-1,-1
257,47710,717,360,40,17,1,-1,-1,-1
257,47706,590,360,27,19,1,-1,-1,-1
257,47700,456,360,37,14,1,-1,-1,-1
257,47690,625,357,14,11,1,-1,-1,-1
257,47679,0,367,244,352,1,-1,-1,-1
257,47672,637,364,7,5,1,-1,-1,-1
257,47664,621,363,3,7,1,-1,-1,-1
257,47662,635,368,11,21,1,-1,-1,-1
258,47710,721,360,40,17,1,-1,-1,-1
258,47706,591,360,26,19,1,-1,-1,-1
258,47700,455,360,39,14,1,-1,-1,-1
258,47690,625,357,13,11,1,-1,-1,-1
258,47679,0,368,199,351,1,-1,-1,-1
258,47672,637,364,7,5,1,-1,-1,-1
258,47662,635,368,11,21,1,-1,-1,-1
259,47710,725,360,41,17,1,-1,-1,-1
259,47706,592,360,25,19,1,-1,-1,-1
259,47700,455,360,40,15,1,-1,-1,-1
259,47690,624,357,14,11,1,-1,-1,-1
259,47679,0,372,142,347,1,-1,-1,-1
259,47672,637,364,6,5,1,-1,-1,-1
259,47664,620,363,3,7,1,-1,-1,-1
259,47662,635,368,11,21,1,-1,-1,-1
260,47710,730,360,40,17,1,-1,-1,-1
260,47706,593,360,24,19,1,-1,-1,-1
260,47700,455,360,41,15,1,-1,-1,-1
260,47690,624,357,13,11,1,-1,-1,-1
260,47679,0,389,67,330,1,-1,-1,-1
260,47672,637,364,6,5,1,-1,-1,-1
260,47664,620,363,3,7,1,-1,-1,-1
260,47662,635,367,11,22,1,-1,-1,-1
261,47710,733,360,41,17,1,-1,-1,-1
261,47706,594,360,22,20,1,-1,-1,-1
261,47700,455,360,42,15,1,-1,-1,-1
261,47690,624,357,13,11,1,-1,-1,-1
261,47672,637,364,6,5,1,-1,-1,-1
261,47664,620,363,3,8,1,-1,-1,-1
261,47662,635,367,11,22,1,-1,-1,-1
262,47710,737,360,42,17,1,-1,-1,-1
262,47706,594,360,22,20,1,-1,-1,-1
262,47700,455,360,43,15,1,-1,-1,-1
262,47690,623,357,13,12,1,-1,-1,-1
262,47672,637,364,7,5,1,-1,-1,-1
262,47664,620,363,3,8,1,-1,-1,-1
262,47662,635,367,11,22,1,-1,-1,-1
263,47710,741,360,43,17,1,-1,-1,-1
263,47706,594,360,21,20,1,-1,-1,-1
263,47700,456,360,43,17,1,-1,-1,-1
263,47690,623,357,13,12,1,-1,-1,-1
263,47672,637,364,7,5,1,-1,-1,-1
263,47664,619,363,3,8,1,-1,-1,-1
263,47662,635,367,11,22,1,-1,-1,-1
264,47710,745,360,43,17,1,-1,-1,-1
264,47706,593,360,21,20,1,-1,-1,-1
264,47700,457,360,43,14,1,-1,-1,-1
264,47690,623,357,12,12,1,-1,-1,-1
264,47672,637,364,7,5,1,-1,-1,-1
264,47664,619,363,3,8,1,-1,-1,-1
264,47662,635,368,11,21,1,-1,-1,-1
265,47710,749,360,44,17,1,-1,-1,-1
265,47706,592,360,22,21,1,-1,-1,-1
265,47700,458,360,43,14,1,-1,-1,-1
265,47690,622,357,13,12,1,-1,-1,-1
265,47672,637,364,6,5,1,-1,-1,-1
265,47664,619,363,3,8,1,-1,-1,-1
265,47662,634,367,12,22,1,-1,-1,-1
266,47710,754,360,43,18,1,-1,-1,-1
266,47706,591,360,22,21,1,-1,-1,-1
266,47700,459,360,43,15,1,-1,-1,-1
266,47690,622,357,12,12,1,-1,-1,-1
266,47672,637,364,7,5,1,-1,-1,-1
266,47664,618,363,4,8,1,-1,-1,-1
266,47662,634,368,12,21,1,-1,-1,-1
267,47710,758,360,44,18,1,-1,-1,-1
267,47706,591,360,22,21,1,-1,-1,-1
267,47700,460,360,43,15,1,-1,-1,-1
267,47690,622,357,12,12,1,-1,-1,-1
267,47672,637,364,6,5,1,-1,-1,-1
267,47664,618,363,3,8,1,-1,-1,-1
267,47662,634,368,12,21,1,-1,-1,-1
268,47710,763,360,44,18,1,-1,-1,-1
268,47706,590,360,22,21,1,-1,-1,-1
268,47700,461,360,44,16,1,-1,-1,-1
268,47690,622,357,11,12,1,-1,-1,-1
268,47672,637,365,6,8,1,-1,-1,-1
268,47664,618,363,3,8,1,-1,-1,-1
268,47662,634,368,12,21,1,-1,-1,-1
269,47710,767,360,45,18,1,-1,-1,-1
269,47706,589,360,23,22,1,-1,-1,-1
269,47700,462,360,44,18,1,-1,-1,-1
269,47690,621,357,12,12,1,-1,-1,-1
269,47672,637,365,7,4,1,-1,-1,-1
269,47664,617,363,4,8,1,-1,-1,-1
269,47662,634,368,12,21,1,-1,-1,-1
270,47710,772,360,45,18,1,-1,-1,-1
270,47706,588,360,23,22,1,-1,-1,-1
270,47700,463,360,45,18,1,-1,-1,-1
270,47690,621,357,12,12,1,-1,-1,-1
270,47672,637,364,7,5,1,-1,-1,-1
270,47664,617,363,4,8,1,-1,-1,-1
270,47662,634,368,12,21,1,-1,-1,-1
271,47710,776,360,45,18,1,-1,-1,-1
271,47706,587,360,24,22,1,-1,-1,-1
271,47700,464,360,45,18,1,-1,-1,-1
271,47690,621,357,11,12,1,-1,-1,-1
271,47672,638,364,6,5,1,-1,-1,-1
271,47664,617,363,4,8,1,-1,-1,-1
271,47662,634,367,12,22,1,-1,-1,-1
272,47710,781,360,45,18,1,-1,-1,-1
272,47706,586,360,25,23,1,-1,-1,-1
272,47700,465,360,45,16,1,-1,-1,-1
272,47690,621,357,11,12,1,-1,-1,-1
272,47672,638,364,6,5,1,-1,-1,-1
272,47664,616,363,5,8,1,-1,-1,-1
272,47662,634,368,12,21,1,-1,-1,-1
273,47710,785,360,47,18,1,-1,-1,-1
273,47706,585,360,25,23,1,-1,-1,-1
273,47700,467,360,45,18,1,-1,-1,-1
273,47690,620,357,12,12,1,-1,-1,-1
273,47672,638,364,7,5,1,-1,-1,-1
273,47664,616,363,4,9,1,-1,-1,-1
273,47662,634,368,12,22,1,-1,-1,-1
274,47710,790,360,47,19,1,-1,-1,-1
274,47706,584,360,25,23,1,-1,-1,-1
274,47700,467,360,46,15,1,-1,-1,-1
274,47690,620,357,12,12,1,-1,-1,-1
274,47672,638,364,7,13,1,-1,-1,-1
274,47664,616,363,4,9,1,-1,-1,-1
274,47662,634,368,12,22,1,-1,-1,-1
275,47710,795,360,47,19,1,-1,-1,-1
275,47706,583,360,26,24,1,-1,-1,-1
275,47700,469,360,45,16,1,-1,-1,-1
275,47690,620,357,11,12,1,-1,-1,-1
275,47672,638,364,7,14,1,-1,-1,-1
275,47664,616,363,4,9,1,-1,-1,-1
275,47662,634,368,12,22,1,-1,-1,-1
276,47710,800,360,47,19,1,-1,-1,-1
276,47706,583,360,25,24,1,-1,-1,-1
276,47700,469,360,47,16,1,-1,-1,-1
276,47690,620,357,11,12,1,-1,-1,-1
276,47672,640,364,6,14,1,-1,-1,-1
276,47664,615,363,5,9,1,-1,-1,-1
276,47662,634,368,12,22,1,-1,-1,-1
277,47710,805,360,47,19,1,-1,-1,-1
277,47706,582,360,26,25,1,-1,-1,-1
277,47700,471,360,46,16,1,-1,-1,-1
277,47690,620,357,11,12,1,-1,-1,-1
277,47672,640,365,6,15,1,-1,-1,-1
277,47664,615,363,5,9,1,-1,-1,-1
277,47662,634,368,12,22,1,-1,-1,-1
278,47710,810,360,46,19,1,-1,-1,-1
278,47706,581,360,26,25,1,-1,-1,-1
278,47700,472,360,46,17,1,-1,-1,-1
278,47690,619,357,12,13,1,-1,-1,-1
278,47672,641,364,7,16,1,-1,-1,-1
278,47664,615,363,4,9,1,-1,-1,-1
278,47662,634,368,12,22,1,-1,-1,-1
279,47710,815,360,44,19,1,-1,-1,-1
279,47706,580,360,27,25,1,-1,-1,-1
279,47700,473,360,47,19,1,-1,-1,-1
279,47690,619,357,12,13,1,-1,-1,-1
279,47672,642,365,7,15,1,-1,-1,-1
279,47664,615,363,4,9,1,-1,-1,-1
279,47662,634,368,12,22,1,-1,-1,-1
280,47710,820,360,41,19,1,-1,-1,-1
280,47706,579,360,27,26,1,-1,-1,-1
280,47700,474,360,46,19,1,-1,-1,-1
280,47690,619,357,11,13,1,-1,-1,-1
280,47672,642,365,8,16,1,-1,-1,-1
280,47664,614,363,5,9,1,-1,-1,-1
280,47662,634,368,12,22,1,-1,-1,-1
281,47710,825,360,39,20,1,-1,-1,-1
281,47706,578,359,27,27,1,-1,-1,-1
281,47700,475,360,44,19,1,-1,-1,-1
281,47690,619,357,11,13,1,-1,-1,-1
281,47672,643,365,9,16,1,-1,-1,-1
281,47664,614,364,5,8,1,-1,-1,-1
281,47662,634,368,11,22,1,-1,-1,-1
282,47710,831,360,36,20,1,-1,-1,-1
282,47706,576,359,29,28,1,-1,-1,-1
282,47700,477,360,47,18,1,-1,-1,-1
282,47690,618,357,12,13,1,-1,-1,-1
282,47672,644,365,9,16,1,-1,-1,-1
282,47664,614,364,4,9,1,-1,-1,-1
282,47662,634,368,12,22,1,-1,-1,-1
283,47710,836,360,35,20,1,-1,-1,-1
283,47706,575,359,29,28,1,-1,-1,-1
283,47700,478,360,48,17,1,-1,-1,-1
283,47690,618,357,12,13,1,-1,-1,-1
283,47672,644,365,11,16,1,-1,-1,-1
283,47664,614,363,4,10,1,-1,-1,-1
283,47662,634,368,12,22,1,-1,-1,-1
284,47710,842,360,32,20,1,-1,-1,-1
284,47706,574,359,30,29,1,-1,-1,-1
284,47700,478,360,49,17,1,-1,-1,-1
284,47690,618,357,12,13,1,-1,-1,-1
284,47672,644,365,13,16,1,-1,-1,-1
284,47664,614,364,4,9,1,-1,-1,-1
284,47662,634,368,12,22,1,-1,-1,-1
285,47710,847,360,30,20,1,-1,-1,-1
285,47706,573,359,30,29,1,-1,-1,-1
285,47700,480,360,49,20,1,-1,-1,-1
285,47690,618,357,12,13,1,-1,-1,-1
285,47672,645,365,14,16,1,-1,-1,-1
285,47664,614,364,4,9,1,-1,-1,-1
285,47662,634,368,12,22,1,-1,-1,-1
286,47710,853,360,26,20,1,-1,-1,-1
286,47706,572,359,30,30,1,-1,-1,-1
286,47700,481,360,49,20,1,-1,-1,-1
286,47690,617,357,12,13,1,-1,-1,-1
286,47672,646,365,15,16,1,-1,-1,-1
286,47664,613,364,4,9,1,-1,-1,-1
286,47662,634,368,12,23,1,-1,-1,-1
287,47710,858,360,23,20,1,-1,-1,-1
287,47706,570,359,32,30,1,-1,-1,-1
287,47700,482,360,49,20,1,-1,-1,-1
287,47690,617,357,12,13,1,-1,-1,-1
287,47672,648,365,16,17,1,-1,-1,-1
287,47664,613,364,4,9,1,-1,-1,-1
287,47662,634,368,12,23,1,-1,-1,-1
288,47710,864,360,19,21,1,-1,-1,-1
288,47706,569,359,32,31,1,-1,-1,-1
288,47700,483,360,50,20,1,-1,-1,-1
288,47690,617,357,12,13,1,-1,-1,-1
288,47672,649,365,18,17,1,-1,-1,-1
288,47664,613,364,4,9,1,-1,-1,-1
288,47662,634,368,12,23,1,-1,-1,-1
289,47710,870,360,16,21,1,-1,-1,-1
289,47706,568,359,32,31,1,-1,-1,-1
289,47700,485,360,49,20,1,-1,-1,-1
289,47690,617,357,12,13,1,-1,-1,-1
289,47672,651,365,19,17,1,-1,-1,-1
289,47664,612,364,5,9,1,-1,-1,-1
289,47662,634,368,12,23,1,-1,-1,-1
290,47710,876,360,12,21,1,-1,-1,-1
290,47706,566,359,34,32,1,-1,-1,-1
290,47700,486,360,50,21,1,-1,-1,-1
290,47690,617,357,12,13,1,-1,-1,-1
290,47672,653,365,20,17,1,-1,-1,-1
290,47664,612,364,5,9,1,-1,-1,-1
290,47662,634,368,12,23,1,-1,-1,-1
291,47710,882,360,8,21,1,-1,-1,-1
291,47706,565,359,34,33,1,-1,-1,-1
291,47700,487,360,50,21,1,-1,-1,-1
291,47690,616,357,13,14,1,-1,-1,-1
291,47672,656,365,21,17,1,-1,-1,-1
291,47664,612,364,5,10,1,-1,-1,-1
291,47662,634,368,12,23,1,-1,-1,-1
292,47706,563,359,35,33,1,-1,-1,-1
292,47700,488,360,51,21,1,-1,-1,-1
292,47690,616,357,13,14,1,-1,-1,-1
292,47672,658,365,23,17,1,-1,-1,-1
292,47664,611,364,6,10,1,-1,-1,-1
292,47662,634,368,12,23,1,-1,-1,-1
293,47706,561,359,36,34,1,-1,-1,-1
293,47700,489,360,52,21,1,-1,-1,-1
293,47690,616,357,12,14,1,-1,-1,-1
293,47672,661,365,23,17,1,-1,-1,-1
293,47664,611,364,5,10,1,-1,-1,-1
293,47662,634,368,12,23,1,-1,-1,-1
294,47706,560,359,36,35,1,-1,-1,-1
294,47700,491,360,51,21,1,-1,-1,-1
294,47690,615,357,13,14,1,-1,-1,-1
294,47672,665,365,23,17,1,-1,-1,-1
294,47664,611,364,5,10,1,-1,-1,-1
294,47662,633,368,13,23,1,-1,-1,-1
295,47706,558,359,38,36,1,-1,-1,-1
295,47700,492,360,52,21,1,-1,-1,-1
295,47690,615,357,13,14,1,-1,-1,-1
295,47672,668,365,24,17,1,-1,-1,-1
295,47664,610,364,6,10,1,-1,-1,-1
295,47662,633,368,13,23,1,-1,-1,-1
296,47706,556,359,39,37,1,-1,-1,-1
296,47700,494,360,52,22,1,-1,-1,-1
296,47690,615,357,13,14,1,-1,-1,-1
296,47672,672,365,25,17,1,-1,-1,-1
296,47664,610,364,6,10,1,-1,-1,-1
296,47662,633,368,13,23,1,-1,-1,-1
297,47706,554,359,40,38,1,-1,-1,-1
297,47700,495,360,52,22,1,-1,-1,-1
297,47690,615,357,13,14,1,-1,-1,-1
297,47672,676,365,26,18,1,-1,-1,-1
297,47664,610,364,5,10,1,-1,-1,-1
297,47662,633,368,13,23,1,-1,-1,-1
298,47706,552,359,41,39,1,-1,-1,-1
298,47700,497,360,52,22,1,-1,-1,-1
298,47690,614,357,14,14,1,-1,-1,-1
298,47672,681,365,26,18,1,-1,-1,-1
298,47664,610,364,5,11,1,-1,-1,-1
298,47662,633,368,13,24,1,-1,-1,-1
299,47706,549,359,43,40,1,-1,-1,-1
299,47700,499,360,52,22,1,-1,-1,-1
299,47690,614,357,13,14,1,-1,-1,-1
299,47672,686,365,26,18,1,-1,-1,-1
299,47664,609,364,6,11,1,-1,-1,-1
299,47662,633,368,13,24,1,-1,-1,-1
300,47706,547,359,44,41,1,-1,-1,-1
300,47700,500,360,51,23,1,-1,-1,-1
300,47690,614,357,13,14,1,-1,-1,-1
300,47672,691,365,26,18,1,-1,-1,-1
300,47664,609,364,6,11,1,-1,-1,-1
300,47662,633,368,13,24,1,-1,-1,-1
301,47706,545,359,45,42,1,-1,-1,-1
301,47700,504,360,46,23,1,-1,-1,-1
301,47690,613,357,14,14,1,-1,-1,-1
301,47672,696,365,27,18,1,-1,-1,-1
301,47664,609,364,6,11,1,-1,-1,-1
301,47662,633,368,13,24,1,-1,-1,-1
302,47706,542,359,46,43,1,-1,-1,-1
302,47700,504,360,47,23,1,-1,-1,-1
302,47690,613,357,14,15,1,-1,-1,-1
302,47672,701,365,25,18,1,-1,-1,-1
302,47664,609,364,5,11,1,-1,-1,-1
302,47662,633,368,13,24,1,-1,-1,-1
303,47706,539,359,48,44,1,-1,-1,-1
303,47700,506,360,43,23,1,-1,-1,-1
303,47690,613,357,14,15,1,-1,-1,-1
303,47672,707,365,27,18,1,-1,-1,-1
303,47664,609,364,5,11,1,-1,-1,-1
303,47662,633,368,13,24,1,-1,-1,-1
304,47706,537,359,49,45,1,-1,-1,-1
304,47700,508,360,41,23,1,-1,-1,-1
304,47690,613,357,13,15,1,-1,-1,-1
304,47672,712,365,28,18,1,-1,-1,-1
304,47664,608,364,6,11,1,-1,-1,-1
304,47662,633,369,13,24,1,-1,-1,-1
305,47706,533,359,51,46,1,-1,-1,-1
305,47700,511,360,36,23,1,-1,-1,-1
305,47690,612,357,14,15,1,-1,-1,-1
305,47687,357,365,14,16,1,-1,-1,-1
305,47672,718,365,28,18,1,-1,-1,-1
305,47664,608,364,5,11,1,-1,-1,-1
305,47662,633,369,13,24,1,-1,-1,-1
306,47706,530,359,53,48,1,-1,-1,-1
306,47700,513,360,31,24,1,-1,-1,-1
306,47690,612,357,14,15,1,-1,-1,-1
306,47687,354,361,18,20,1,-1,-1,-1
306,47672,724,365,28,19,1,-1,-1,-1
306,47664,608,364,5,12,1,-1,-1,-1
306,47662,633,369,13,24,1,-1,-1,-1
307,47706,527,359,54,49,1,-1,-1,-1
307,47700,515,360,27,24,1,-1,-1,-1
307,47690,612,357,14,15,1,-1,-1,-1
307,47687,352,361,22,21,1,-1,-1,-1
307,47672,729,365,29,19,1,-1,-1,-1
307,47664,607,364,6,12,1,-1,-1,-1
307,47662,633,369,13,24,1,-1,-1,-1
308,47706,523,359,57,51,1,-1,-1,-1
308,47700,517,360,22,22,1,-1,-1,-1
308,47690,611,356,15,16,1,-1,-1,-1
308,47687,349,355,27,29,1,-1,-1,-1
308,47672,737,365,27,19,1,-1,-1,-1
308,47664,607,364,6,12,1,-1,-1,-1
308,47662,633,369,13,24,1,-1,-1,-1
309,47706,519,359,59,52,1,-1,-1,-1
309,47700,520,360,16,20,1,-1,-1,-1
309,47690,611,356,15,16,1,-1,-1,-1
309,47687,346,355,31,26,1,-1,-1,-1
309,47672,741,365,30,19,1,-1,-1,-1
309,47664,606,364,7,12,1,-1,-1,-1
309,47662,633,369,13,24,1,-1,-1,-1
310,47706,515,359,61,54,1,-1,-1,-1
310,47700,526,360,52,19,1,-1,-1,-1
310,47690,611,356,14,16,1,-1,-1,-1
310,47687,343,355,36,26,1,-1,-1,-1
310,47672,747,366,30,18,1,-1,-1,-1
310,47664,606,365,6,11,1,-1,-1,-1
310,47662,633,369,13,24,1,-1,-1,-1
311,47706,511,359,63,56,1,-1,-1,-1
311,47700,568,360,13,20,1,-1,-1,-1
311,47690,610,356,15,17,1,-1,-1,-1
311,47687,340,355,40,26,1,-1,-1,-1
311,47672,754,366,29,19,1,-1,-1,-1
311,47664,606,364,6,13,1,-1,-1,-1
311,47662,633,369,13,24,1,-1,-1,-1
312,47706,506,359,66,58,1,-1,-1,-1
312,47700,566,360,18,25,1,-1,-1,-1
312,47690,610,356,15,17,1,-1,-1,-1
312,47687,337,355,45,27,1,-1,-1,-1
312,47672,760,369,30,16,1,-1,-1,-1
312,47664,605,365,7,11,1,-1,-1,-1
312,47662,633,369,13,25,1,-1,-1,-1
313,47706,501,359,69,60,1,-1,-1,-1
313,47700,563,360,24,25,1,-1,-1,-1
313,47690,610,356,15,17,1,-1,-1,-1
313,47687,334,355,49,27,1,-1,-1,-1
313,47672,766,366,31,19,1,-1,-1,-1
313,47664,605,365,7,12,1,-1,-1,-1
313,47662,633,369,13,25,1,-1,-1,-1
314,47706,495,359,73,63,1,-1,-1,-1
314,47700,560,360,30,25,1,-1,-1,-1
314,47690,609,356,16,17,1,-1,-1,-1
314,47687,331,355,54,27,1,-1,-1,-1
314,47672,773,366,30,19,1,-1,-1,-1
314,47664,605,365,6,12,1,-1,-1,-1
314,47662,633,369,13,25,1,-1,-1,-1
315,47706,489,360,76,65,1,-1,-1,-1
315,47700,557,361,36,26,1,-1,-1,-1
315,47690,609,357,15,17,1,-1,-1,-1
315,47687,328,356,58,28,1,-1,-1,-1
315,47672,779,366,31,20,1,-1,-1,-1
315,47664,604,366,7,12,1,-1,-1,-1
315,47662,633,370,13,25,1,-1,-1,-1
316,47706,483,362,79,68,1,-1,-1,-1
316,47700,552,362,43,26,1,-1,-1,-1
316,47690,609,359,15,16,1,-1,-1,-1
316,47687,324,358,64,29,1,-1,-1,-1
316,47672,786,368,31,20,1,-1,-1,-1
316,47664,604,367,7,13,1,-1,-1,-1
316,47662,633,371,13,26,1,-1,-1,-1
317,47706,476,362,84,72,1,-1,-1,-1
317,47700,550,363,48,26,1,-1,-1,-1
317,47690,608,359,16,17,1,-1,-1,-1
317,47687,321,358,68,30,1,-1,-1,-1
317,47672,792,368,32,20,1,-1,-1,-1
317,47664,604,368,6,13,1,-1,-1,-1
317,47662,633,372,13,25,1,-1,-1,-1
318,47710,1071,361,8,27,1,-1,-1,-1
318,47706,468,362,88,75,1,-1,-1,-1
318,47700,548,363,53,27,1,-1,-1,-1
318,47690,608,359,16,18,1,-1,-1,-1
318,47687,318,359,73,30,1,-1,-1,-1
318,47672,799,368,32,21,1,-1,-1,-1
318,47664,603,368,7,13,1,-1,-1,-1
318,47662,633,372,13,26,1,-1,-1,-1
319,47710,1077,361,13,28,1,-1,-1,-1
319,47706,459,362,94,79,1,-1,-1,-1
319,47700,547,363,58,27,1,-1,-1,-1
319,47690,607,359,16,18,1,-1,-1,-1
319,47687,314,359,78,29,1,-1,-1,-1
319,47672,806,368,32,21,1,-1,-1,-1
319,47664,603,368,7,13,1,-1,-1,-1
319,47662,632,372,14,26,1,-1,-1,-1
320,47710,1083,361,19,28,1,-1,-1,-1
320,47706,450,362,99,83,1,-1,-1,-1
320,47700,547,363,61,27,1,-1,-1,-1
320,47690,607,359,16,18,1,-1,-1,-1
320,47687,310,359,84,32,1,-1,-1,-1
320,47672,813,369,32,20,1,-1,-1,-1
320,47664,605,368,4,8,1,-1,-1,-1
320,47662,632,372,14,26,1,-1,-1,-1
321,47710,1090,361,25,28,1,-1,-1,-1
321,47706,439,362,106,87,1,-1,-1,-1
321,47700,550,363,62,27,1,-1,-1,-1
321,47690,607,359,16,18,1,-1,-1,-1
321,47687,307,359,88,29,1,-1,-1,-1
321,47672,820,368,33,22,1,-1,-1,-1
321,47662,632,372,14,26,1,-1,-1,-1
322,47710,1098,360,31,28,1,-1,-1,-1
322,47706,427,362,114,92,1,-1,-1,-1
322,47700,554,363,62,27,1,-1,-1,-1
322,47690,608,359,15,17,1,-1,-1,-1
322,47687,303,358,94,32,1,-1,-1,-1
322,47672,827,367,34,22,1,-1,-1,-1
322,47662,632,372,14,26,1,-1,-1,-1
323,47710,1105,358,30,28,1,-1,-1,-1
323,47706,414,361,122,97,1,-1,-1,-1
323,47700,557,361,62,28,1,-1,-1,-1
323,47690,608,357,14,18,1,-1,-1,-1
323,47687,302,357,97,32,1,-1,-1,-1
323,47672,835,366,33,22,1,-1,-1,-1
323,47662,632,370,14,27,1,-1,-1,-1
324,47710,1113,357,28,29,1,-1,-1,-1
324,47706,399,360,132,104,1,-1,-1,-1
324,47700,561,361,62,27,1,-1,-1,-1
324,47690,608,356,14,14,1,-1,-1,-1
324,47687,299,356,101,33,1,-1,-1,-1
324,47672,842,365,34,22,1,-1,-1,-1
324,47662,632,370,14,26,1,-1,-1,-1
325,47710,1121,357,27,29,1,-1,-1,-1
325,47706,382,360,143,111,1,-1,-1,-1
325,47700,564,360,63,28,1,-1,-1,-1
325,47690,608,356,14,8,1,-1,-1,-1
325,47687,302,356,95,34,1,-1,-1,-1
325,47672,850,365,34,22,1,-1,-1,-1
325,47662,632,369,14,27,1,-1,-1,-1
326,47710,1129,356,25,29,1,-1,-1,-1
326,47706,362,361,157,119,1,-1,-1,-1
326,47700,568,361,62,28,1,-1,-1,-1
326,47687,301,357,86,32,1,-1,-1,-1
326,47672,858,365,35,22,1,-1,-1,-1
326,47662,632,370,14,27,1,-1,-1,-1
327,47710,1136,355,24,29,1,-1,-1,-1
327,47706,338,362,173,130,1,-1,-1,-1
327,47700,572,362,62,28,1,-1,-1,-1
327,47687,298,359,84,32,1,-1,-1,-1
327,47672,866,365,35,23,1,-1,-1,-1
327,47662,632,371,14,27,1,-1,-1,-1
328,47710,1144,355,22,30,1,-1,-1,-1
328,47706,309,363,194,141,1,-1,-1,-1
328,47700,575,363,61,28,1,-1,-1,-1
328,47687,300,360,76,32,1,-1,-1,-1
328,47672,874,366,36,23,1,-1,-1,-1
328,47662,632,372,14,27,1,-1,-1,-1
329,47710,1153,357,20,30,1,-1,-1,-1
329,47706,275,363,219,154,1,-1,-1,-1
329,47700,579,363,59,28,1,-1,-1,-1
329,47687,297,360,77,30,1,-1,-1,-1
329,47672,883,367,36,23,1,-1,-1,-1
329,47662,632,372,14,28,1,-1,-1,-1
330,47710,1162,358,17,30,1,-1,-1,-1
330,47706,232,363,251,170,1,-1,-1,-1
330,47700,583,363,59,29,1,-1,-1,-1
330,47687,300,359,75,11,1,-1,-1,-1
330,47672,891,367,37,23,1,-1,-1,-1
330,47662,632,372,14,28,1,-1,-1,-1
331,47710,1171,358,16,30,1,-1,-1,-1
331,47706,178,363,293,189,1,-1,-1,-1
331,47700,586,363,59,28,1,-1,-1,-1
331,47672,900,367,37,24,1,-1,-1,-1
331,47662,632,372,14,28,1,-1,-1,-1
332,47710,1180,357,14,31,1,-1,-1,-1
332,47706,107,363,350,214,1,-1,-1,-1
332,47700,590,362,58,29,1,-1,-1,-1
332,47672,909,366,38,24,1,-1,-1,-1
332,47662,632,372,15,28,1,-1,-1,-1
333,47710,1190,353,12,31,1,-1,-1,-1
333,47706,10,362,430,248,1,-1,-1,-1
333,47700,594,361,56,29,1,-1,-1,-1
333,47672,919,364,37,24,1,-1,-1,-1
333,47662,632,370,15,29,1,-1,-1,-1
334,47710,1200,350,10,31,1,-1,-1,-1
334,47706,0,361,420,303,1,-1,-1,-1
334,47700,597,359,54,29,1,-1,-1,-1
334,47687,299,357,107,31,1,-1,-1,-1
334,47672,928,361,38,24,1,-1,-1,-1
334,47664,596,365,4,10,1,-1,-1,-1
334,47662,632,369,15,28,1,-1,-1,-1
335,47710,1210,349,8,32,1,-1,-1,-1
335,47706,0,359,395,360,1,-1,-1,-1
335,47700,600,357,53,29,1,-1,-1,-1
335,47690,601,353,18,12,1,-1,-1,-1
335,47687,298,354,109,33,1,-1,-1,-1
335,47672,938,360,38,25,1,-1,-1,-1
335,47664,595,363,7,16,1,-1,-1,-1
335,47662,632,367,15,29,1,-1,-1,-1
336,47706,0,355,364,364,1,-1,-1,-1
336,47700,604,355,49,29,1,-1,-1,-1
336,47690,601,351,17,20,1,-1,-1,-1
336,47687,298,351,110,34,1,-1,-1,-1
336,47672,947,360,40,25,1,-1,-1,-1
336,47664,595,362,9,16,1,-1,-1,-1
336,47662,632,365,15,30,1,-1,-1,-1
337,47706,0,353,324,366,1,-1,-1,-1
337,47700,607,354,47,30,1,-1,-1,-1
337,47690,600,350,18,21,1,-1,-1,-1
337,47687,295,350,114,36,1,-1,-1,-1
337,47672,957,360,40,25,1,-1,-1,-1
337,47664,595,361,8,16,1,-1,-1,-1
337,47662,632,365,15,29,1,-1,-1,-1
338,47706,0,352,270,367,1,-1,-1,-1
338,47700,610,354,45,29,1,-1,-1,-1
338,47690,600,350,18,21,1,-1,-1,-1
338,47687,295,350,115,36,1,-1,-1,-1
338,47672,968,360,40,26,1,-1,-1,-1
338,47664,594,361,9,17,1,-1,-1,-1
338,47662,632,365,15,30,1,-1,-1,-1
339,47706,0,353,196,366,1,-1,-1,-1
339,47700,613,355,42,29,1,-1,-1,-1
339,47690,600,351,18,21,1,-1,-1,-1
339,47687,296,350,116,38,1,-1,-1,-1
339,47672,978,360,41,26,1,-1,-1,-1
339,47664,594,361,9,17,1,-1,-1,-1
339,47662,632,365,16,30,1,-1,-1,-1
340,47706,0,420,82,299,1,-1,-1,-1
340,47700,615,356,41,29,1,-1,-1,-1
340,47690,599,352,19,21,1,-1,-1,-1
340,47687,297,351,116,40,1,-1,-1,-1
340,47672,989,361,41,26,1,-1,-1,-1
340,47664,593,362,9,18,1,-1,-1,-1
340,47662,632,366,16,30,1,-1,-1,-1
341,47700,618,356,38,30,1,-1,-1,-1
341,47690,599,352,20,22,1,-1,-1,-1
341,47687,296,352,119,39,1,-1,-1,-1
341,47672,1000,362,41,26,1,-1,-1,-1
341,47664,593,363,9,18,1,-1,-1,-1
341,47662,632,367,16,31,1,-1,-1,-1
342,47700,620,358,36,29,1,-1,-1,-1
342,47690,598,353,21,23,1,-1,-1,-1
342,47687,296,352,121,41,1,-1,-1,-1
342,47672,1011,364,42,26,1,-1,-1,-1
342,47664,592,365,10,17,1,-1,-1,-1
342,47662,632,368,16,31,1,-1,-1,-1
343,47700,622,359,34,29,1,-1,-1,-1
343,47690,598,355,20,22,1,-1,-1,-1
343,47687,297,353,122,41,1,-1,-1,-1
343,47672,1022,366,42,27,1,-1,-1,-1
343,47664,592,366,9,18,1,-1,-1,-1
343,47662,632,370,16,31,1,-1,-1,-1
344,47700,623,360,32,29,1,-1,-1,-1
344,47690,597,355,21,23,1,-1,-1,-1
344,47687,297,353,123,42,1,-1,-1,-1
344,47672,1033,367,44,28,1,-1,-1,-1
344,47664,591,367,10,18,1,-1,-1,-1
344,47662,632,371,16,31,1,-1,-1,-1
345,47700,624,360,31,29,1,-1,-1,-1
345,47690,597,355,21,23,1,-1,-1,-1
345,47687,298,353,120,42,1,-1,-1,-1
345,47672,1045,368,44,27,1,-1,-1,-1
345,47664,590,367,10,18,1,-1,-1,-1
345,47662,632,371,16,31,1,-1,-1,-1
346,47700,625,360,30,29,1,-1,-1,-1
346,47690,596,355,21,23,1,-1,-1,-1
346,47687,298,353,125,42,1,-1,-1,-1
346,47672,1057,368,44,28,1,-1,-1,-1
346,47664,590,367,10,18,1,-1,-1,-1
346,47662,632,371,16,31,1,-1,-1,-1
347,47700,626,360,28,29,1,-1,-1,-1
347,47690,596,355,21,23,1,-1,-1,-1
347,47687,298,353,127,42,1,-1,-1,-1
347,47672,1069,368,45,28,1,-1,-1,-1
347,47664,589,367,10,18,1,-1,-1,-1
347,47662,632,371,16,31,1,-1,-1,-1
348,47700,626,359,28,30,1,-1,-1,-1
348,47690,595,355,22,24,1,-1,-1,-1
348,47687,298,352,128,44,1,-1,-1,-1
348,47672,1081,368,46,29,1,-1,-1,-1
348,47664,588,367,10,19,1,-1,-1,-1
348,47662,632,371,16,31,1,-1,-1,-1
349,47700,626,359,28,29,1,-1,-1,-1
349,47690,595,355,21,24,1,-1,-1,-1
349,47687,299,352,129,45,1,-1,-1,-1
349,47672,1094,368,46,29,1,-1,-1,-1
349,47664,587,367,11,19,1,-1,-1,-1
349,47662,632,371,16,31,1,-1,-1,-1
350,47700,626,359,28,29,1,-1,-1,-1
350,47690,594,354,22,25,1,-1,-1,-1
350,47687,298,352,131,45,1,-1,-1,-1
350,47672,1106,368,48,29,1,-1,-1,-1
350,47664,587,367,10,19,1,-1,-1,-1
350,47662,632,370,16,32,1,-1,-1,-1
351,47700,626,359,28,29,1,-1,-1,-1
351,47690,593,354,23,25,1,-1,-1,-1
351,47687,297,352,134,45,1,-1,-1,-1
351,47672,1119,368,48,30,1,-1,-1,-1
351,47664,586,367,11,20,1,-1,-1,-1
351,47662,632,370,16,32,1,-1,-1,-1
352,47700,626,359,28,29,1,-1,-1,-1
352,47690,593,354,23,25,1,-1,-1,-1
352,47687,297,352,135,46,1,-1,-1,-1
352,47672,1133,368,48,30,1,-1,-1,-1
352,47664,585,367,11,20,1,-1,-1,-1
352,47663,1233,362,4,5,1,-1,-1,-1
352,47662,632,370,16,32,1,-1,-1,-1
353,47700,626,359,28,29,1,-1,-1,-1
353,47690,592,354,23,25,1,-1,-1,-1
353,47687,297,351,137,47,1,-1,-1,-1
353,47672,1146,368,49,31,1,-1,-1,-1
353,47664,584,367,11,20,1,-1,-1,-1
353,47663,1232,362,8,7,1,-1,-1,-1
353,47662,632,370,16,32,1,-1,-1,-1
354,47700,626,359,27,29,1,-1,-1,-1
354,47690,591,354,24,26,1,-1,-1,-1
354,47687,297,351,138,48,1,-1,-1,-1
354,47672,1159,368,50,31,1,-1,-1,-1
354,47664,583,367,12,21,1,-1,-1,-1
354,47663,1231,362,9,6,1,-1,-1,-1
354,47662,632,370,16,32,1,-1,-1,-1
355,47700,626,359,27,29,1,-1,-1,-1
355,47690,591,354,23,26,1,-1,-1,-1
355,47687,297,351,139,48,1,-1,-1,-1
355,47672,1173,368,51,32,1,-1,-1,-1
355,47664,583,367,11,21,1,-1,-1,-1
355,47663,1227,362,12,7,1,-1,-1,-1
355,47662,631,370,17,32,1,-1,-1,-1
356,47700,626,358,27,30,1,-1,-1,-1
356,47690,590,353,24,27,1,-1,-1,-1
356,47687,296,350,141,49,1,-1,-1,-1
356,47672,1187,368,52,32,1,-1,-1,-1
356,47664,582,367,11,21,1,-1,-1,-1
356,47663,1229,362,9,7,1,-1,-1,-1
356,47662,631,370,17,32,1,-1,-1,-1
357,47700,626,358,27,29,1,-1,-1,-1
357,47690,589,353,25,27,1,-1,-1,-1
357,47687,296,350,142,50,1,-1,-1,-1
357,47672,1201,368,52,32,1,-1,-1,-1
357,47664,581,367,12,21,1,-1,-1,-1
357,47663,1228,362,9,6,1,-1,-1,-1
357,47662,631,370,17,32,1,-1,-1,-1
358,47700,626,358,27,29,1,-1,-1,-1
358,47690,589,353,24,27,1,-1,-1,-1
358,47687,294,350,145,50,1,-1,-1,-1
358,47672,1215,368,53,33,1,-1,-1,-1
358,47664,580,366,12,23,1,-1,-1,-1
358,47663,1224,362,11,6,1,-1,-1,-1
358,47662,631,369,17,33,1,-1,-1,-1
359,47700,626,358,27,29,1,-1,-1,-1
359,47690,588,353,25,27,1,-1,-1,-1
359,47687,295,350,145,51,1,-1,-1,-1
359,47672,1230,368,49,33,1,-1,-1,-1
359,47664,579,366,12,23,1,-1,-1,-1
359,47663,1224,361,11,7,1,-1,-1,-1
359,47662,631,369,17,33,1,-1,-1,-1
360,47700,626,358,27,29,1,-1,-1,-1
360,47690,587,353,26,27,1,-1,-1,-1
360,47687,292,350,148,51,1,-1,-1,-1
360,47672,1244,368,35,33,1,-1,-1,-1
360,47664,578,367,13,22,1,-1,-1,-1
360,47663,1221,363,11,5,1,-1,-1,-1
360,47662,631,369,17,33,1,-1,-1,-1
361,47700,626,358,27,29,1,-1,-1,-1
361,47690,587,353,25,28,1,-1,-1,-1
361,47687,290,350,151,52,1,-1,-1,-1
361,47672,1258,369,21,33,1,-1,-1,-1
361,47664,578,367,12,23,1,-1,-1,-1
361,47663,1223,363,10,5,1,-1,-1,-1
361,47662,631,370,17,32,1,-1,-1,-1
362,47700,626,358,27,29,1,-1,-1,-1
362,47690,586,353,26,28,1,-1,-1,-1
362,47687,289,350,152,53,1,-1,-1,-1
362,47672,1273,385,6,17,1,-1,-1,-1
362,47664,577,367,13,23,1,-1,-1,-1
362,47663,1219,364,13,4,1,-1,-1,-1
362,47662,631,370,17,32,1,-1,-1,-1
363,47700,626,358,27,29,1,-1,-1,-1
363,47690,585,353,27,29,1,-1,-1,-1
363,47687,287,350,155,53,1,-1,-1,-1
363,47664,576,367,13,23,1,-1,-1,-1
363,47663,1220,364,11,4,1,-1,-1,-1
363,47662,631,370,17,32,1,-1,-1,-1
364,47700,626,358,27,29,1,-1,-1,-1
364,47690,584,353,27,29,1,-1,-1,-1
364,47687,289,349,154,55,1,-1,-1,-1
364,47664,576,367,13,24,1,-1,-1,-1
364,47663,1220,364,10,4,1,-1,-1,-1
364,47662,631,370,17,32,1,-1,-1,-1
365,47700,626,358,27,29,1,-1,-1,-1
365,47690,584,353,27,29,1,-1,-1,-1
365,47687,285,349,158,56,1,-1,-1,-1
365,47664,575,367,13,24,1,-1,-1,-1
365,47663,1219,363,7,5,1,-1,-1,-1
365,47662,631,370,17,32,1,-1,-1,-1
366,47700,626,358,27,29,1,-1,-1,-1
366,47690,583,352,27,31,1,-1,-1,-1
366,47687,284,349,160,56,1,-1,-1,-1
366,47664,574,367,14,25,1,-1,-1,-1
366,47662,631,370,17,32,1,-1,-1,-1
367,47700,626,358,27,29,1,-1,-1,-1
367,47690,582,352,28,31,1,-1,-1,-1
367,47687,283,349,163,57,1,-1,-1,-1
367,47664,574,368,13,24,1,-1,-1,-1
367,47662,631,370,17,32,1,-1,-1,-1
368,47700,626,358,27,29,1,-1,-1,-1
368,47690,581,352,29,31,1,-1,-1,-1
368,47687,282,349,165,58,1,-1,-1,-1
368,47664,573,368,14,24,1,-1,-1,-1
368,47662,631,370,17,32,1,-1,-1,-1
369,47700,626,358,27,29,1,-1,-1,-1
369,47690,581,352,28,32,1,-1,-1,-1
369,47687,280,349,167,58,1,-1,-1,-1
369,47664,572,368,14,25,1,-1,-1,-1
369,47663,1212,363,6,5,1,-1,-1,-1
369,47662,631,370,17,32,1,-1,-1,-1
370,47700,626,358,27,29,1,-1,-1,-1
370,47690,580,352,29,32,1,-1,-1,-1
370,47687,279,349,169,59,1,-1,-1,-1
370,47664,572,368,14,25,1,-1,-1,-1
370,47662,631,370,17,32,1,-1,-1,-1
371,47700,626,358,27,29,1,-1,-1,-1
371,47690,579,352,30,32,1,-1,-1,-1
371,47687,277,349,172,60,1,-1,-1,-1
371,47664,571,368,14,25,1,-1,-1,-1
371,47662,631,370,17,32,1,-1,-1,-1
372,47700,626,358,27,29,1,-1,-1,-1
372,47690,578,352,30,33,1,-1,-1,-1
372,47687,275,348,174,61,1,-1,-1,-1
372,47664,570,368,15,26,1,-1,-1,-1
372,47663,1208,362,7,6,1,-1,-1,-1
372,47662,631,370,17,32,1,-1,-1,-1
373,47700,626,358,27,29,1,-1,-1,-1
373,47690,577,352,31,33,1,-1,-1,-1
373,47687,272,348,177,62,1,-1,-1,-1
373,47664,570,368,14,26,1,-1,-1,-1
373,47663,1207,363,13,5,1,-1,-1,-1
373,47662,631,370,17,31,1,-1,-1,-1
374,47700,626,358,27,29,1,-1,-1,-1
374,47690,576,351,31,34,1,-1,-1,-1
374,47687,269,348,179,63,1,-1,-1,-1
374,47664,569,368,15,27,1,-1,-1,-1
374,47663,1206,362,13,7,1,-1,-1,-1
374,47662,631,370,17,31,1,-1,-1,-1
375,47700,626,358,27,29,1,-1,-1,-1
375,47690,576,351,31,35,1,-1,-1,-1
375,47687,266,348,182,64,1,-1,-1,-1
375,47664,568,368,15,27,1,-1,-1,-1
375,47663,1205,362,12,6,1,-1,-1,-1
375,47662,631,370,17,31,1,-1,-1,-1
376,47700,626,358,27,29,1,-1,-1,-1
376,47690,575,351,32,35,1,-1,-1,-1
376,47687,263,348,184,64,1,-1,-1,-1
376,47664,567,368,15,27,1,-1,-1,-1
376,47663,1204,362,12,6,1,-1,-1,-1
376,47662,631,370,17,31,1,-1,-1,-1
377,47700,626,358,27,29,1,-1,-1,-1
377,47690,574,351,32,35,1,-1,-1,-1
377,47687,260,348,186,65,1,-1,-1,-1
377,47664,567,368,15,28,1,-1,-1,-1
377,47663,1203,363,12,6,1,-1,-1,-1
377,47662,631,370,17,31,1,-1,-1,-1
378,47700,626,358,27,29,1,-1,-1,-1
378,47690,574,351,32,36,1,-1,-1,-1
378,47687,256,347,190,67,1,-1,-1,-1
378,47664,566,369,15,28,1,-1,-1,-1
378,47663,1203,367,11,2,1,-1,-1,-1
378,47662,631,370,17,31,1,-1,-1,-1
379,47700,626,358,27,29,1,-1,-1,-1
379,47690,573,351,33,36,1,-1,-1,-1
379,47687,253,347,192,68,1,-1,-1,-1
379,47664,565,369,15,28,1,-1,-1,-1
379,47663,1206,363,8,6,1,-1,-1,-1
379,47662,631,370,17,31,1,-1,-1,-1
380,47700,626,358,27,29,1,-1,-1,-1
380,47690,572,351,33,36,1,-1,-1,-1
380,47687,250,347,195,69,1,-1,-1,-1
380,47664,564,369,16,29,1,-1,-1,-1
380,47662,631,370,17,31,1,-1,-1,-1
381,47700,626,358,27,29,1,-1,-1,-1
381,47690,572,351,33,36,1,-1,-1,-1
381,47687,246,347,198,70,1,-1,-1,-1
381,47664,563,369,16,30,1,-1,-1,-1
381,47662,631,370,17,31,1,-1,-1,-1
382,47700,626,358,27,29,1,-1,-1,-1
382,47690,571,351,34,37,1,-1,-1,-1
382,47687,257,347,187,70,1,-1,-1,-1
382,47664,562,369,16,31,1,-1,-1,-1
382,47663,1200,363,8,6,1,-1,-1,-1
382,47662,631,370,17,31,1,-1,-1,-1
383,47700,626,358,27,29,1,-1,-1,-1
383,47690,571,351,34,37,1,-1,-1,-1
383,47687,250,347,194,71,1,-1,-1,-1
383,47664,561,369,17,31,1,-1,-1,-1
383,47662,631,370,17,31,1,-1,-1,-1
384,47700,626,358,27,29,1,-1,-1,-1
384,47690,570,351,34,37,1,-1,-1,-1
384,47687,243,347,201,72,1,-1,-1,-1
384,47664,559,370,18,31,1,-1,-1,-1
384,47663,1200,362,4,7,1,-1,-1,-1
384,47662,631,370,17,31,1,-1,-1,-1
385,47700,626,358,27,29,1,-1,-1,-1
385,47690,569,351,35,38,1,-1,-1,-1
385,47687,235,346,208,74,1,-1,-1,-1
385,47664,558,370,18,32,1,-1,-1,-1
385,47662,631,369,17,32,1,-1,-1,-1
386,47700,626,358,27,29,1,-1,-1,-1
386,47690,568,351,36,38,1,-1,-1,-1
386,47687,229,346,213,75,1,-1,-1,-1
386,47664,557,370,18,33,1,-1,-1,-1
386,47662,631,369,17,31,1,-1,-1,-1
387,47700,626,358,27,28,1,-1,-1,-1
387,47690,568,351,35,38,1,-1,-1,-1
387,47687,225,346,217,76,1,-1,-1,-1
387,47664,556,370,19,33,1,-1,-1,-1
387,47663,1194,362,5,6,1,-1,-1,-1
387,47662,631,369,17,31,1,-1,-1,-1
388,47700,626,358,27,28,1,-1,-1,-1
388,47690,567,351,36,39,1,-1,-1,-1
388,47687,220,346,220,77,1,-1,-1,-1
388,47664,556,371,18,33,1,-1,-1,-1
388,47663,1193,364,10,5,1,-1,-1,-1
388,47662,631,369,17,31,1,-1,-1,-1
389,47700,626,358,27,28,1,-1,-1,-1
389,47690,566,351,37,39,1,-1,-1,-1
389,47687,214,345,224,79,1,-1,-1,-1
389,47664,555,371,19,34,1,-1,-1,-1
389,47663,1194,365,10,4,1,-1,-1,-1
389,47662,631,369,17,31,1,-1,-1,-1
390,47700,626,358,27,28,1,-1,-1,-1
390,47690,565,351,37,39,1,-1,-1,-1
390,47687,207,345,228,80,1,-1,-1,-1
390,47664,555,371,19,35,1,-1,-1,-1
390,47663,1198,365,5,4,1,-1,-1,-1
390,47662,631,369,17,31,1,-1,-1,-1
391,47700,626,358,27,28,1,-1,-1,-1
391,47690,564,351,38,40,1,-1,-1,-1
391,47687,200,345,232,81,1,-1,-1,-1
391,47664,554,371,20,36,1,-1,-1,-1
391,47662,631,369,17,31,1,-1,-1,-1
392,47700,626,359,27,28,1,-1,-1,-1
392,47690,564,351,38,41,1,-1,-1,-1
392,47687,193,346,236,82,1,-1,-1,-1
392,47664,554,372,20,37,1,-1,-1,-1
392,47662,631,370,16,30,1,-1,-1,-1
393,47700,626,360,27,27,1,-1,-1,-1
393,47690,563,352,38,41,1,-1,-1,-1
393,47687,186,348,240,83,1,-1,-1,-1
393,47664,554,373,20,38,1,-1,-1,-1
393,47662,631,370,16,31,1,-1,-1,-1
394,47700,626,360,27,28,1,-1,-1,-1
394,47690,562,352,39,42,1,-1,-1,-1
394,47687,178,348,245,85,1,-1,-1,-1
394,47664,554,374,21,39,1,-1,-1,-1
394,47663,1187,363,12,5,1,-1,-1,-1
394,47662,631,371,16,30,1,-1,-1,-1
395,47700,626,360,27,28,1,-1,-1,-1
395,47690,561,352,39,42,1,-1,-1,-1
395,47687,171,348,249,86,1,-1,-1,-1
395,47664,554,375,22,39,1,-1,-1,-1
395,47663,1189,363,10,6,1,-1,-1,-1
395,47662,631,371,16,30,1,-1,-1,-1
396,47700,626,361,27,27,1,-1,-1,-1
396,47690,559,352,41,43,1,-1,-1,-1
396,47687,163,347,253,88,1,-1,-1,-1
396,47664,554,375,23,41,1,-1,-1,-1
396,47663,1186,363,12,7,1,-1,-1,-1
396,47662,631,371,16,31,1,-1,-1,-1
397,47700,626,361,27,27,1,-1,-1,-1
397,47690,558,352,41,44,1,-1,-1,-1
397,47687,155,347,258,89,1,-1,-1,-1
397,47664,554,376,25,42,1,-1,-1,-1
397,47662,631,371,16,30,1,-1,-1,-1
398,47700,626,361,27,27,1,-1,-1,-1
398,47690,557,352,42,44,1,-1,-1,-1
398,47687,146,347,264,91,1,-1,-1,-1
398,47664,554,376,27,43,1,-1,-1,-1
398,47662,631,371,16,30,1,-1,-1,-1
399,47700,626,360,27,28,1,-1,-1,-1
399,47690,556,352,42,44,1,-1,-1,-1
399,47687,138,346,268,93,1,-1,-1,-1
399,47664,555,376,28,45,1,-1,-1,-1
399,47663,1183,365,11,5,1,-1,-1,-1
399,47662,631,371,16,30,1,-1,-1,-1
400,47700,626,360,26,28,1,-1,-1,-1
400,47690,555,351,43,46,1,-1,-1,-1
400,47687,129,346,274,94,1,-1,-1,-1
400,47664,555,376,31,46,1,-1,-1,-1
400,47663,1183,365,6,5,1,-1,-1,-1
400,47662,631,371,16,30,1,-1,-1,-1
401,47700,626,360,26,27,1,-1,-1,-1
401,47690,554,351,43,46,1,-1,-1,-1
401,47687,120,345,279,96,1,-1,-1,-1
401,47664,557,377,32,47,1,-1,-1,-1
401,47663,1185,366,7,3,1,-1,-1,-1
401,47662,631,370,16,30,1,-1,-1,-1
402,47700,626,359,27,27,1,-1,-1,-1
402,47690,552,350,45,47,1,-1,-1,-1
402,47687,111,345,284,97,1,-1,-1,-1
402,47664,559,376,35,49,1,-1,-1,-1
402,47663,1182,366,12,2,1,-1,-1,-1
402,47662,631,370,16,29,1,-1,-1,-1
403,47700,627,358,26,27,1,-1,-1,-1
403,47690,551,349,45,48,1,-1,-1,-1
403,47687,102,344,289,100,1,-1,-1,-1
403,47664,561,376,37,50,1,-1,-1,-1
403,47663,1184,361,10,5,1,-1,-1,-1
403,47662,632,369,15,29,1,-1,-1,-1
404,47700,627,358,26,27,1,-1,-1,-1
404,47690,550,348,45,49,1,-1,-1,-1
404,47687,92,343,295,102,1,-1,-1,-1
404,47664,563,376,41,51,1,-1,-1,-1
404,47662,632,368,15,29,1,-1,-1,-1
405,47700,627,357,26,27,1,-1,-1,-1
405,47690,548,348,47,49,1,-1,-1,-1
405,47687,82,342,301,103,1,-1,-1,-1
405,47664,566,376,44,53,1,-1,-1,-1
405,47663,1180,360,11,6,1,-1,-1,-1
405,47662,632,367,15,30,1,-1,-1,-1
406,47700,627,356,26,27,1,-1,-1,-1
406,47690,547,347,47,50,1,-1,-1,-1
406,47687,71,340,308,105,1,-1,-1,-1
406,47664,569,376,48,54,1,-1,-1,-1
406,47663,1179,360,12,6,1,-1,-1,-1
406,47662,632,367,15,29,1,-1,-1,-1
407,47700,627,356,26,27,1,-1,-1,-1
407,47690,545,347,49,50,1,-1,-1,-1
407,47687,61,340,314,107,1,-1,-1,-1
407,47664,573,376,52,56,1,-1,-1,-1
407,47663,1179,360,12,6,1,-1,-1,-1
407,47662,632,367,15,29,1,-1,-1,-1
408,47700,627,356,26,27,1,-1,-1,-1
408,47690,543,346,50,52,1,-1,-1,-1
408,47687,50,340,321,108,1,-1,-1,-1
408,47664,578,377,56,58,1,-1,-1,-1
408,47663,1184,360,3,7,1,-1,-1,-1
408,47662,632,367,15,29,1,-1,-1,-1
409,47700,627,357,26,26,1,-1,-1,-1
409,47690,542,347,50,52,1,-1,-1,-1
409,47687,38,339,329,111,1,-1,-1,-1
409,47664,585,378,62,59,1,-1,-1,-1
409,47662,632,367,15,27,1,-1,-1,-1
410,47700,628,357,25,26,1,-1,-1,-1
410,47690,540,347,52,53,1,-1,-1,-1
410,47687,27,339,335,113,1,-1,-1,-1
410,47664,592,378,68,62,1,-1,-1,-1
410,47662,632,367,15,29,1,-1,-1,-1
411,47700,628,357,25,27,1,-1,-1,-1
411,47690,539,347,52,54,1,-1,-1,-1
411,47687,15,339,342,115,1,-1,-1,-1
411,47664,602,379,74,64,1,-1,-1,-1
411,47662,632,367,15,17,1,-1,-1,-1
412,47700,628,357,25,27,1,-1,-1,-1
412,47690,537,347,53,55,1,-1,-1,-1
412,47687,2,339,351,118,1,-1,-1,-1
412,47664,613,380,80,66,1,-1,-1,-1
412,47663,1177,362,4,6,1,-1,-1,-1
412,47662,632,368,15,25,1,-1,-1,-1
413,47700,628,358,25,26,1,-1,-1,-1
413,47690,535,347,54,56,1,-1,-1,-1
413,47687,0,339,348,120,1,-1,-1,-1
413,47664,626,381,86,68,1,-1,-1,-1
413,47663,1181,360,5,8,1,-1,-1,-1
413,47662,632,368,15,27,1,-1,-1,-1
414,47700,628,358,25,26,1,-1,-1,-1
414,47690,533,347,56,57,1,-1,-1,-1
414,47687,0,339,343,122,1,-1,-1,-1
414,47664,640,382,92,70,1,-1,-1,-1
414,47663,1184,362,4,6,1,-1,-1,-1
414,47662,632,368,15,28,1,-1,-1,-1
415,47700,628,358,25,26,1,-1,-1,-1
415,47690,531,347,57,58,1,-1,-1,-1
415,47687,0,338,338,125,1,-1,-1,-1
415,47664,655,383,98,73,1,-1,-1,-1
415,47662,632,368,15,28,1,-1,-1,-1
416,47700,628,358,25,27,1,-1,-1,-1
416,47690,529,347,58,60,1,-1,-1,-1
416,47687,0,338,333,127,1,-1,-1,-1
416,47664,673,384,105,75,1,-1,-1,-1
416,47662,632,369,15,28,1,-1,-1,-1
417,47700,628,359,25,26,1,-1,-1,-1
417,47690,527,347,59,61,1,-1,-1,-1
417,47687,0,337,327,130,1,-1,-1,-1
417,47664,692,385,111,78,1,-1,-1,-1
417,47662,632,369,15,28,1,-1,-1,-1
418,47700,630,359,25,26,1,-1,-1,-1
418,47690,526,347,61,62,1,-1,-1,-1
418,47687,0,338,323,132,1,-1,-1,-1
418,47664,714,386,116,80,1,-1,-1,-1
418,47663,1176,364,6,8,1,-1,-1,-1
418,47662,634,369,14,28,1,-1,-1,-1
419,47700,631,359,25,26,1,-1,-1,-1
419,47690,525,347,62,63,1,-1,-1,-1
419,47687,0,337,319,136,1,-1,-1,-1
419,47664,737,387,122,82,1,-1,-1,-1
419,47663,1178,367,10,5,1,-1,-1,-1
419,47662,635,369,15,28,1,-1,-1,-1
420,47700,632,359,25,26,1,-1,-1,-1
420,47690,524,347,63,64,1,-1,-1,-1
420,47687,0,337,315,138,1,-1,-1,-1
420,47664,762,388,128,85,1,-1,-1,-1
420,47663,1182,362,10,9,1,-1,-1,-1
420,47662,636,369,15,28,1,-1,-1,-1
421,47700,634,359,24,26,1,-1,-1,-1
421,47690,523,346,65,66,1,-1,-1,-1
421,47687,0,337,310,140,1,-1,-1,-1
421,47664,789,389,131,87,1,-1,-1,-1
421,47662,637,369,15,28,1,-1,-1,-1
422,47700,635,359,25,25,1,-1,-1,-1
422,47690,521,346,67,67,1,-1,-1,-1
422,47687,0,335,305,141,1,-1,-1,-1
422,47664,816,389,137,90,1,-1,-1,-1
422,47662,638,369,15,27,1,-1,-1,-1
423,47700,636,358,24,25,1,-1,-1,-1
423,47690,520,344,68,69,1,-1,-1,-1
423,47687,0,334,301,142,1,-1,-1,-1
423,47664,844,389,142,92,1,-1,-1,-1
423,47662,639,368,15,27,1,-1,-1,-1
424,47700,637,357,24,25,1,-1,-1,-1
424,47690,518,343,69,71,1,-1,-1,-1
424,47687,0,333,297,145,1,-1,-1,-1
424,47664,873,390,147,94,1,-1,-1,-1
424,47662,640,367,15,28,1,-1,-1,-1
425,47700,638,357,24,25,1,-1,-1,-1
425,47690,516,343,71,72,1,-1,-1,-1
425,47687,0,332,293,148,1,-1,-1,-1
425,47664,903,391,152,96,1,-1,-1,-1
425,47662,641,367,14,27,1,-1,-1,-1
426,47700,638,357,25,25,1,-1,-1,-1
426,47690,514,343,73,73,1,-1,-1,-1
426,47687,0,332,289,151,1,-1,-1,-1
426,47664,936,392,157,99,1,-1,-1,-1
426,47662,641,367,15,27,1,-1,-1,-1
427,47700,639,358,24,25,1,-1,-1,-1
427,47690,512,343,75,75,1,-1,-1,-1
427,47687,0,332,285,154,1,-1,-1,-1
427,47664,971,394,160,101,1,-1,-1,-1
427,47662,642,368,14,27,1,-1,-1,-1
428,47700,640,359,24,25,1,-1,-1,-1
428,47690,511,344,76,76,1,-1,-1,-1
428,47687,0,332,280,158,1,-1,-1,-1
428,47664,1008,395,167,104,1,-1,-1,-1
428,47662,643,369,14,26,1,-1,-1,-1
429,47700,640,360,24,25,1,-1,-1,-1
429,47690,509,345,78,76,1,-1,-1,-1
429,47687,0,332,275,162,1,-1,-1,-1
429,47664,1048,398,171,106,1,-1,-1,-1
429,47663,1188,368,7,5,1,-1,-1,-1
429,47662,643,369,14,27,1,-1,-1,-1
430,47700,641,360,24,25,1,-1,-1,-1
430,47690,508,345,79,78,1,-1,-1,-1
430,47687,0,332,270,166,1,-1,-1,-1
430,47664,1090,399,177,110,1,-1,-1,-1
430,47663,1188,366,11,8,1,-1,-1,-1
430,47662,644,370,14,27,1,-1,-1,-1
431,47700,642,360,23,25,1,-1,-1,-1
431,47690,507,345,80,78,1,-1,-1,-1
431,47687,0,331,266,170,1,-1,-1,-1
431,47664,1134,401,145,112,1,-1,-1,-1
431,47663,1189,370,11,4,1,-1,-1,-1
431,47662,644,370,14,27,1,-1,-1,-1
432,47700,642,360,24,25,1,-1,-1,-1
432,47690,506,344,81,80,1,-1,-1,-1
432,47687,0,330,261,174,1,-1,-1,-1
432,47664,1180,402,99,115,1,-1,-1,-1
432,47663,1189,370,10,4,1,-1,-1,-1
432,47662,644,369,14,27,1,-1,-1,-1
433,47700,642,359,24,25,1,-1,-1,-1
433,47690,504,344,82,80,1,-1,-1,-1
433,47687,0,329,256,178,1,-1,-1,-1
433,47664,1228,429,51,92,1,-1,-1,-1
433,47663,1190,366,11,7,1,-1,-1,-1
433,47662,645,369,14,26,1,-1,-1,-1
434,47700,643,358,23,25,1,-1,-1,-1
434,47690,503,343,83,81,1,-1,-1,-1
434,47687,0,327,252,183,1,-1,-1,-1
434,47663,1190,365,11,7,1,-1,-1,-1
434,47662,645,368,14,26,1,-1,-1,-1
435,47700,643,358,24,25,1,-1,-1,-1
435,47690,501,342,85,82,1,-1,-1,-1
435,47687,0,327,249,186,1,-1,-1,-1
435,47662,645,368,14,26,1,-1,-1,-1
436,47700,644,357,23,25,1,-1,-1,-1
436,47690,499,342,86,83,1,-1,-1,-1
436,47687,0,326,245,190,1,-1,-1,-1
436,47662,646,367,14,26,1,-1,-1,-1
437,47700,644,357,23,24,1,-1,-1,-1
437,47690,498,341,87,84,1,-1,-1,-1
437,47687,0,325,243,194,1,-1,-1,-1
437,47662,646,366,14,26,1,-1,-1,-1
438,47700,644,356,24,24,1,-1,-1,-1
438,47690,496,340,88,85,1,-1,-1,-1
438,47687,0,324,241,198,1,-1,-1,-1
438,47662,646,366,14,26,1,-1,-1,-1
439,47700,645,356,23,24,1,-1,-1,-1
439,47690,494,339,90,87,1,-1,-1,-1
439,47687,0,323,239,202,1,-1,-1,-1
439,47662,646,365,14,26,1,-1,-1,-1
440,47700,645,355,23,25,1,-1,-1,-1
440,47690,492,339,91,87,1,-1,-1,-1
440,47687,0,322,238,206,1,-1,-1,-1
440,47663,1190,365,5,4,1,-1,-1,-1
440,47662,647,365,13,25,1,-1,-1,-1
441,47700,645,355,23,24,1,-1,-1,-1
441,47690,491,339,92,88,1,-1,-1,-1
441,47687,0,322,238,209,1,-1,-1,-1
441,47663,1189,362,9,8,1,-1,-1,-1
441,47662,647,365,13,25,1,-1,-1,-1
442,47700,647,356,23,23,1,-1,-1,-1
442,47690,490,339,94,89,1,-1,-1,-1
442,47687,0,323,240,212,1,-1,-1,-1
442,47663,1192,362,11,7,1,-1,-1,-1
442,47662,649,365,13,25,1,-1,-1,-1
443,47700,653,356,23,24,1,-1,-1,-1
443,47690,494,339,95,91,1,-1,-1,-1
443,47687,0,324,248,215,1,-1,-1,-1
443,47663,1201,362,12,6,1,-1,-1,-1
443,47662,654,365,14,25,1,-1,-1,-1
444,47700,661,357,23,23,1,-1,-1,-1
444,47690,501,340,96,92,1,-1,-1,-1
444,47687,0,325,260,217,1,-1,-1,-1
444,47663,1215,361,11,7,1,-1,-1,-1
444,47662,663,366,13,25,1,-1,-1,-1
445,47700,670,357,22,24,1,-1,-1,-1
445,47690,508,340,97,94,1,-1,-1,-1
445,47687,0,326,272,219,1,-1,-1,-1
445,47663,1230,361,11,8,1,-1,-1,-1
445,47662,671,367,13,24,1,-1,-1,-1
446,47700,678,358,23,24,1,-1,-1,-1
446,47690,514,341,99,95,1,-1,-1,-1
446,47687,0,326,284,222,1,-1,-1,-1
446,47663,1248,363,8,6,1,-1,-1,-1
446,47662,680,367,13,25,1,-1,-1,-1
447,47700,686,359,23,23,1,-1,-1,-1
447,47690,520,341,100,97,1,-1,-1,-1
447,47687,0,325,296,226,1,-1,-1,-1
447,47662,688,368,13,24,1,-1,-1,-1
448,47700,694,359,23,23,1,-1,-1,-1
448,47690,526,341,101,98,1,-1,-1,-1
448,47687,0,323,307,231,1,-1,-1,-1
448,47662,696,368,13,24,1,-1,-1,-1
449,47700,701,359,23,23,1,-1,-1,-1
449,47690,531,340,103,99,1,-1,-1,-1
449,47687,0,322,317,234,1,-1,-1,-1
449,47662,703,367,13,25,1,-1,-1,-1
450,47700,707,358,23,23,1,-1,-1,-1
450,47690,536,339,104,101,1,-1,-1,-1
450,47687,0,320,328,238,1,-1,-1,-1
450,47662,709,367,13,24,1,-1,-1,-1
451,47700,713,358,23,23,1,-1,-1,-1
451,47690,540,339,105,102,1,-1,-1,-1
451,47687,0,319,338,241,1,-1,-1,-1
451,47662,715,366,13,24,1,-1,-1,-1
452,47700,718,357,23,23,1,-1,-1,-1
452,47690,543,338,107,103,1,-1,-1,-1
452,47687,0,317,347,246,1,-1,-1,-1
452,47662,720,366,13,24,1,-1,-1,-1
453,47700,724,357,22,23,1,-1,-1,-1
453,47690,546,337,108,106,1,-1,-1,-1
453,47687,0,316,357,250,1,-1,-1,-1
453,47662,725,366,13,23,1,-1,-1,-1
454,47700,728,357,23,23,1,-1,-1,-1
454,47690,549,337,110,107,1,-1,-1,-1
454,47687,0,315,366,255,1,-1,-1,-1
454,47662,730,366,13,23,1,-1,-1,-1
455,47700,733,357,23,24,1,-1,-1,-1
455,47690,551,337,112,109,1,-1,-1,-1
455,47687,0,314,376,260,1,-1,-1,-1
455,47662,735,366,13,24,1,-1,-1,-1
456,47700,738,358,22,23,1,-1,-1,-1
456,47690,553,337,114,111,1,-1,-1,-1
456,47687,0,313,385,266,1,-1,-1,-1
456,47662,740,366,12,24,1,-1,-1,-1
457,47700,742,358,22,23,1,-1,-1,-1
457,47690,555,337,116,113,1,-1,-1,-1
457,47687,0,312,395,272,1,-1,-1,-1
457,47662,744,366,13,24,1,-1,-1,-1
458,47700,746,358,22,23,1,-1,-1,-1
458,47690,556,336,118,115,1,-1,-1,-1
458,47687,0,310,405,279,1,-1,-1,-1
458,47662,748,366,13,23,1,-1,-1,-1
459,47700,749,357,23,23,1,-1,-1,-1
459,47690,558,335,120,117,1,-1,-1,-1
459,47687,0,309,415,284,1,-1,-1,-1
459,47662,752,366,12,23,1,-1,-1,-1
460,47700,753,357,22,23,1,-1,-1,-1
460,47690,560,335,121,118,1,-1,-1,-1
460,47687,0,307,426,290,1,-1,-1,-1
460,47662,755,365,13,23,1,-1,-1,-1
461,47700,756,356,22,23,1,-1,-1,-1
461,47690,562,334,122,119,1,-1,-1,-1
461,47687,0,305,438,296,1,-1,-1,-1
461,47662,758,365,13,23,1,-1,-1,-1
462,47700,758,355,22,23,1,-1,-1,-1
462,47690,563,333,123,120,1,-1,-1,-1
462,47687,0,303,450,301,1,-1,-1,-1
462,47662,761,364,12,23,1,-1,-1,-1
463,47700,760,355,23,22,1,-1,-1,-1
463,47690,565,332,124,121,1,-1,-1,-1
463,47687,0,301,464,306,1,-1,-1,-1
463,47662,763,363,12,23,1,-1,-1,-1
464,47700,763,353,22,23,1,-1,-1,-1
464,47690,566,330,125,122,1,-1,-1,-1
464,47687,0,299,478,309,1,-1,-1,-1
464,47662,765,362,13,22,1,-1,-1,-1
465,47700,764,350,22,22,1,-1,-1,-1
465,47690,567,327,125,122,1,-1,-1,-1
465,47687,0,295,494,309,1,-1,-1,-1
465,47662,766,358,12,23,1,-1,-1,-1
466,47700,764,348,22,23,1,-1,-1,-1
466,47690,567,325,125,123,1,-1,-1,-1
466,47687,0,293,510,307,1,-1,-1,-1
466,47662,766,357,12,22,1,-1,-1,-1
467,47700,764,349,22,22,1,-1,-1,-1
467,47690,567,326,125,122,1,-1,-1,-1
467,47687,0,294,526,305,1,-1,-1,-1
467,47662,766,357,12,22,1,-1,-1,-1
468,47700,764,350,22,22,1,-1,-1,-1
468,47690,567,327,125,122,1,-1,-1,-1
468,47687,0,295,542,302,1,-1,-1,-1
468,47662,766,358,12,22,1,-1,-1,-1
469,47700,764,351,22,22,1,-1,-1,-1
469,47690,567,328,125,122,1,-1,-1,-1
469,47687,0,297,559,301,1,-1,-1,-1
469,47662,766,359,12,22,1,-1,-1,-1
470,47700,764,352,22,22,1,-1,-1,-1
470,47690,567,329,125,122,1,-1,-1,-1
470,47687,0,298,577,312,1,-1,-1,-1
470,47662,766,360,12,22,1,-1,-1,-1
471,47700,764,353,22,22,1,-1,-1,-1
471,47690,567,330,125,122,1,-1,-1,-1
471,47687,0,299,596,318,1,-1,-1,-1
471,47662,766,361,12,22,1,-1,-1,-1
472,47700,764,354,22,22,1,-1,-1,-1
472,47690,568,331,124,122,1,-1,-1,-1
472,47687,0,300,617,317,1,-1,-1,-1
472,47662,766,362,12,21,1,-1,-1,-1
473,47700,764,355,22,21,1,-1,-1,-1
473,47690,568,332,124,122,1,-1,-1,-1
473,47687,0,301,639,315,1,-1,-1,-1
473,47662,767,363,11,21,1,-1,-1,-1
474,47700,764,355,22,22,1,-1,-1,-1
474,47690,568,332,124,123,1,-1,-1,-1
474,47687,0,301,661,315,1,-1,-1,-1
474,47662,767,363,11,21,1,-1,-1,-1
475,47700,765,356,21,21,1,-1,-1,-1
475,47690,569,333,123,103,1,-1,-1,-1
475,47687,0,302,683,312,1,-1,-1,-1
475,47662,767,364,11,21,1,-1,-1,-1
476,47700,765,356,21,21,1,-1,-1,-1
476,47690,571,333,121,100,1,-1,-1,-1
476,47687,0,302,704,311,1,-1,-1,-1
476,47662,767,364,11,21,1,-1,-1,-1
477,47700,765,356,21,22,1,-1,-1,-1
477,47690,583,333,109,93,1,-1,-1,-1
477,47687,0,302,725,309,1,-1,-1,-1
477,47662,767,364,11,21,1,-1,-1,-1
478,47700,765,357,21,21,1,-1,-1,-1
478,47690,587,334,105,87,1,-1,-1,-1
478,47687,0,302,747,307,1,-1,-1,-1
478,47662,767,365,11,20,1,-1,-1,-1
479,47700,765,357,21,21,1,-1,-1,-1
479,47690,587,334,105,83,1,-1,-1,-1
479,47687,0,303,767,303,1,-1,-1,-1
479,47662,767,365,11,20,1,-1,-1,-1
480,47700,765,357,21,21,1,-1,-1,-1
480,47690,594,334,97,67,1,-1,-1,-1
480,47687,39,303,748,300,1,-1,-1,-1
480,47662,767,365,11,20,1,-1,-1,-1
481,47700,765,357,21,21,1,-1,-1,-1
481,47690,623,334,68,51,1,-1,-1,-1
481,47687,80,304,726,296,1,-1,-1,-1
481,47662,767,365,11,20,1,-1,-1,-1
482,47700,765,357,21,21,1,-1,-1,-1
482,47690,651,334,37,29,1,-1,-1,-1
482,47687,123,305,700,292,1,-1,-1,-1
482,47662,767,365,11,20,1,-1,-1,-1
483,47700,765,357,21,21,1,-1,-1,-1
483,47687,166,305,673,288,1,-1,-1,-1
483,47662,767,365,11,20,1,-1,-1,-1
484,47700,765,357,21,21,1,-1,-1,-1
484,47687,210,306,644,283,1,-1,-1,-1
484,47662,767,365,11,20,1,-1,-1,-1
485,47700,765,357,21,21,1,-1,-1,-1
485,47687,255,307,612,278,1,-1,-1,-1
485,47662,767,365,11,18,1,-1,-1,-1
486,47700,766,357,20,19,1,-1,-1,-1
486,47687,299,308,579,272,1,-1,-1,-1
487,47700,770,357,16,7,1,-1,-1,-1
487,47687,335,309,552,266,1,-1,-1,-1
488,47687,362,310,533,260,1,-1,-1,-1
489,47687,390,312,511,252,1,-1,-1,-1
490,47687,418,313,487,245,1,-1,-1,-1
491,47687,446,315,460,237,1,-1,-1,-1
492,47687,474,316,429,230,1,-1,-1,-1
493,47687,502,318,397,222,1,-1,-1,-1
494,47687,529,319,365,215,1,-1,-1,-1
495,47687,555,321,337,206,1,-1,-1,-1
496,47690,567,347,26,108,1,-1,-1,-1
496,47687,580,322,310,198,1,-1,-1,-1
497,47690,567,335,48,120,1,-1,-1,-1
497,47687,604,324,284,188,1,-1,-1,-1
498,47690,567,335,68,121,1,-1,-1,-1
498,47687,625,325,261,181,1,-1,-1,-1
499,47690,567,336,86,120,1,-1,-1,-1
499,47687,644,327,239,173,1,-1,-1,-1
500,47690,568,336,101,123,1,-1,-1,-1
500,47687,662,328,218,166,1,-1,-1,-1
501,47690,568,336,115,124,1,-1,-1,-1
501,47687,677,330,200,160,1,-1,-1,-1
502,47690,568,337,126,123,1,-1,-1,-1
502,47687,691,331,183,154,1,-1,-1,-1
503,47690,568,337,127,124,1,-1,-1,-1
503,47687,702,332,170,149,1,-1,-1,-1
504,47690,569,337,126,125,1,-1,-1,-1
504,47687,712,333,158,144,1,-1,-1,-1
505,47690,569,337,128,126,1,-1,-1,-1
505,47687,721,334,149,140,1,-1,-1,-1
506,47690,569,337,128,127,1,-1,-1,-1
506,47687,729,335,144,136,1,-1,-1,-1
507,47690,571,337,129,128,1,-1,-1,-1
507,47687,737,335,140,133,1,-1,-1,-1
508,47690,573,337,130,129,1,-1,-1,-1
508,47687,746,336,137,129,1,-1,-1,-1
509,47690,575,337,132,130,1,-1,-1,-1
509,47687,754,336,134,127,1,-1,-1,-1
510,47690,578,337,133,132,1,-1,-1,-1
510,47687,761,337,132,124,1,-1,-1,-1
511,47690,580,337,135,134,1,-1,-1,-1
511,47687,769,337,128,122,1,-1,-1,-1
512,47690,583,337,136,136,1,-1,-1,-1
512,47687,776,338,127,120,1,-1,-1,-1
513,47690,587,337,139,138,1,-1,-1,-1
513,47687,783,339,127,117,1,-1,-1,-1
514,47690,593,337,141,141,1,-1,-1,-1
514,47687,792,339,128,116,1,-1,-1,-1
515,47690,599,337,144,144,1,-1,-1,-1
515,47687,802,340,128,114,1,-1,-1,-1
516,47690,606,337,147,148,1,-1,-1,-1
516,47687,812,340,130,114,1,-1,-1,-1
517,47690,615,336,150,152,1,-1,-1,-1
517,47687,825,340,131,113,1,-1,-1,-1
518,47690,626,335,154,157,1,-1,-1,-1
518,47687,841,340,133,112,1,-1,-1,-1
519,47690,637,334,159,163,1,-1,-1,-1
519,47687,857,340,136,112,1,-1,-1,-1
520,47690,651,332,163,170,1,-1,-1,-1
520,47687,877,339,138,112,1,-1,-1,-1
521,47690,667,331,169,177,1,-1,-1,-1
521,47687,899,338,143,112,1,-1,-1,-1
522,47690,684,329,175,186,1,-1,-1,-1
522,47687,922,337,148,113,1,-1,-1,-1
523,47690,706,327,180,194,1,-1,-1,-1
523,47687,949,335,154,115,1,-1,-1,-1
523,47662,953,369,4,16,1,-1,-1,-1
524,47700,976,358,10,21,1,-1,-1,-1
524,47690,730,324,185,203,1,-1,-1,-1
524,47687,978,333,161,117,1,-1,-1,-1
524,47662,979,366,8,20,1,-1,-1,-1
525,47700,1004,356,14,22,1,-1,-1,-1
525,47690,756,320,194,213,1,-1,-1,-1
525,47687,1009,330,170,119,1,-1,-1,-1
525,47662,1007,364,11,21,1,-1,-1,-1
526,47700,1037,353,19,22,1,-1,-1,-1
526,47690,787,316,207,223,1,-1,-1,-1
526,47687,1046,326,180,122,1,-1,-1,-1
526,47662,1040,361,14,22,1,-1,-1,-1
527,47700,1071,351,25,23,1,-1,-1,-1
527,47690,820,311,221,237,1,-1,-1,-1
527,47687,1085,323,192,124,1,-1,-1,-1
527,47662,1075,359,14,22,1,-1,-1,-1
528,47700,1108,349,32,24,1,-1,-1,-1
528,47690,857,307,238,252,1,-1,-1,-1
528,47687,1127,321,152,126,1,-1,-1,-1
528,47662,1113,358,15,22,1,-1,-1,-1
529,47700,1147,349,36,23,1,-1,-1,-1
529,47690,896,303,262,271,1,-1,-1,-1
529,47687,1173,321,106,124,1,-1,-1,-1
529,47662,1152,357,16,23,1,-1,-1,-1
530,47700,1193,347,38,25,1,-1,-1,-1
530,47690,942,297,295,296,1,-1,-1,-1
530,47687,1227,321,52,125,1,-1,-1,-1
530,47662,1198,356,18,24,1,-1,-1,-1
531,47690,996,289,283,324,1,-1,-1,-1
532,47697,0,394,10,18,1,-1,-1,-1
532,47690,1063,282,216,332,1,-1,-1,-1
532,47686,0,390,10,9,1,-1,-1,-1
533,47697,0,378,68,33,1,-1,-1,-1
533,47690,1145,279,134,344,1,-1,-1,-1
534,47703,0,449,11,134,1,-1,-1,-1
534,47697,0,377,120,36,1,-1,-1,-1
534,47690,1245,389,34,195,1,-1,-1,-1
535,47703,0,398,32,210,1,-1,-1,-1
535,47697,58,377,112,35,1,-1,-1,-1
536,47703,0,389,60,309,1,-1,-1,-1
536,47697,114,377,103,34,1,-1,-1,-1
537,47703,0,387,81,329,1,-1,-1,-1
537,47697,163,376,95,32,1,-1,-1,-1
538,47703,0,387,101,332,1,-1,-1,-1
538,47697,209,374,88,32,1,-1,-1,-1
538,47666,67,393,17,19,1,-1,-1,-1
539,47703,0,386,119,333,1,-1,-1,-1
539,47697,251,373,83,30,1,-1,-1,-1
539,47666,92,391,28,19,1,-1,-1,-1
540,47703,0,385,137,295,1,-1,-1,-1
540,47697,293,371,77,29,1,-1,-1,-1
540,47666,132,389,27,20,1,-1,-1,-1
541,47703,0,384,157,317,1,-1,-1,-1
541,47697,334,368,72,29,1,-1,-1,-1
541,47666,171,387,27,19,1,-1,-1,-1
542,47703,0,383,174,335,1,-1,-1,-1
542,47697,372,366,68,28,1,-1,-1,-1
542,47666,207,385,25,17,1,-1,-1,-1
543,47703,0,381,185,338,1,-1,-1,-1
543,47697,405,364,64,28,1,-1,-1,-1
543,47666,237,382,24,19,1,-1,-1,-1
544,47703,0,379,191,340,1,-1,-1,-1
544,47697,434,362,61,27,1,-1,-1,-1
544,47666,262,379,23,19,1,-1,-1,-1
545,47703,0,377,189,342,1,-1,-1,-1
545,47697,459,360,57,27,1,-1,-1,-1
545,47666,281,377,23,19,1,-1,-1,-1
546,47703,0,377,185,342,1,-1,-1,-1
546,47697,482,359,54,27,1,-1,-1,-1
546,47666,299,376,22,18,1,-1,-1,-1
547,47703,0,376,175,343,1,-1,-1,-1
547,47697,504,358,50,27,1,-1,-1,-1
547,47666,315,375,22,17,1,-1,-1,-1
548,47703,0,375,158,344,1,-1,-1,-1
548,47697,523,357,47,27,1,-1,-1,-1
548,47666,327,373,22,17,1,-1,-1,-1
549,47703,0,377,132,342,1,-1,-1,-1
549,47697,540,356,44,26,1,-1,-1,-1
549,47666,338,372,21,17,1,-1,-1,-1
550,47703,0,406,96,313,1,-1,-1,-1
550,47697,555,355,42,26,1,-1,-1,-1
550,47666,347,371,20,16,1,-1,-1,-1
551,47703,0,510,45,209,1,-1,-1,-1
551,47697,567,355,40,26,1,-1,-1,-1
551,47666,351,370,22,17,1,-1,-1,-1
552,47697,578,354,38,26,1,-1,-1,-1
552,47666,355,369,22,17,1,-1,-1,-1
553,47697,587,354,36,26,1,-1,-1,-1
553,47666,357,368,21,17,1,-1,-1,-1
554,47697,595,353,34,26,1,-1,-1,-1
554,47673,591,361,3,7,1,-1,-1,-1
554,47666,358,367,21,18,1,-1,-1,-1
555,47697,601,353,33,27,1,-1,-1,-1
555,47673,596,361,3,7,1,-1,-1,-1
555,47666,357,367,21,17,1,-1,-1,-1
556,47697,607,354,32,26,1,-1,-1,-1
556,47666,355,367,22,18,1,-1,-1,-1
557,47699,337,360,14,8,1,-1,-1,-1
557,47697,611,354,31,26,1,-1,-1,-1
557,47673,604,362,3,7,1,-1,-1,-1
557,47666,353,367,21,18,1,-1,-1,-1
558,47699,338,360,16,8,1,-1,-1,-1
558,47697,616,355,29,26,1,-1,-1,-1
558,47666,350,367,21,18,1,-1,-1,-1
559,47699,337,359,21,9,1,-1,-1,-1
559,47697,619,355,28,26,1,-1,-1,-1
559,47666,345,367,22,19,1,-1,-1,-1
560,47699,335,359,27,8,1,-1,-1,-1
560,47697,622,355,27,26,1,-1,-1,-1
560,47673,612,363,3,7,1,-1,-1,-1
560,47666,341,367,22,19,1,-1,-1,-1
561,47699,333,359,31,8,1,-1,-1,-1
561,47697,623,355,28,26,1,-1,-1,-1
561,47673,613,363,3,7,1,-1,-1,-1
561,47666,335,367,22,18,1,-1,-1,-1
562,47699,331,359,37,8,1,-1,-1,-1
562,47697,625,355,27,26,1,-1,-1,-1
562,47673,615,363,3,8,1,-1,-1,-1
562,47666,331,367,21,17,1,-1,-1,-1
563,47699,327,359,40,8,1,-1,-1,-1
563,47697,626,355,27,26,1,-1,-1,-1
563,47673,615,363,3,8,1,-1,-1,-1
563,47666,327,367,19,18,1,-1,-1,-1
564,47699,324,358,47,9,1,-1,-1,-1
564,47697,627,355,27,26,1,-1,-1,-1
564,47673,616,363,3,8,1,-1,-1,-1
564,47666,324,367,15,17,1,-1,-1,-1
565,47699,324,358,47,9,1,-1,-1,-1
565,47697,628,355,26,26,1,-1,-1,-1
565,47666,320,367,12,17,1,-1,-1,-1
566,47699,325,358,46,9,1,-1,-1,-1
566,47697,628,355,26,26,1,-1,-1,-1
566,47673,617,363,3,8,1,-1,-1,-1
566,47666,316,369,10,17,1,-1,-1,-1
567,47699,325,358,48,8,1,-1,-1,-1
567,47697,628,355,26,26,1,-1,-1,-1
567,47666,311,372,7,14,1,-1,-1,-1
568,47699,326,358,48,8,1,-1,-1,-1
568,47697,628,355,27,26,1,-1,-1,-1
568,47673,617,363,3,8,1,-1,-1,-1
568,47666,306,376,5,9,1,-1,-1,-1
569,47699,326,357,49,9,1,-1,-1,-1
569,47697,628,355,26,26,1,-1,-1,-1
569,47673,617,363,3,8,1,-1,-1,-1
570,47699,327,357,48,9,1,-1,-1,-1
570,47697,628,355,27,26,1,-1,-1,-1
570,47673,617,363,3,8,1,-1,-1,-1
571,47699,326,357,47,9,1,-1,-1,-1
571,47697,628,355,27,26,1,-1,-1,-1
571,47673,617,363,3,8,1,-1,-1,-1
572,47699,327,357,47,9,1,-1,-1,-1
572,47697,628,355,27,26,1,-1,-1,-1
572,47673,617,363,3,8,1,-1,-1,-1
573,47699,327,357,47,9,1,-1,-1,-1
573,47697,628,355,27,26,1,-1,-1,-1
574,47699,327,357,49,9,1,-1,-1,-1
574,47697,628,355,27,26,1,-1,-1,-1
574,47673,617,363,3,8,1,-1,-1,-1
575,47699,327,357,47,9,1,-1,-1,-1
575,47697,628,355,27,26,1,-1,-1,-1
576,47699,328,357,47,9,1,-1,-1,-1
576,47697,628,355,27,26,1,-1,-1,-1
576,47673,616,363,3,9,1,-1,-1,-1
577,47699,327,357,50,9,1,-1,-1,-1
577,47697,628,355,26,26,1,-1,-1,-1
577,47673,616,363,3,9,1,-1,-1,-1
578,47699,328,357,48,9,1,-1,-1,-1
578,47697,628,355,27,26,1,-1,-1,-1
578,47673,616,363,3,9,1,-1,-1,-1
579,47699,327,357,49,9,1,-1,-1,-1
579,47697,627,355,27,26,1,-1,-1,-1
579,47673,615,363,3,9,1,-1,-1,-1
580,47699,327,357,52,9,1,-1,-1,-1
580,47697,628,355,26,26,1,-1,-1,-1
580,47673,615,363,3,9,1,-1,-1,-1
581,47699,327,357,51,9,1,-1,-1,-1
581,47697,627,355,27,26,1,-1,-1,-1
581,47673,614,363,4,9,1,-1,-1,-1
582,47699,327,357,52,9,1,-1,-1,-1
582,47697,627,355,27,26,1,-1,-1,-1
582,47673,614,363,4,9,1,-1,-1,-1
583,47699,327,357,52,9,1,-1,-1,-1
583,47697,627,355,27,26,1,-1,-1,-1
583,47673,613,363,4,9,1,-1,-1,-1
584,47701,195,363,8,23,1,-1,-1,-1
584,47699,327,357,52,9,1,-1,-1,-1
584,47697,627,355,27,26,1,-1,-1,-1
584,47673,613,363,4,9,1,-1,-1,-1
585,47701,185,361,18,27,1,-1,-1,-1
585,47699,327,357,50,9,1,-1,-1,-1
585,47697,627,355,26,26,1,-1,-1,-1
585,47673,612,363,4,9,1,-1,-1,-1
586,47701,176,360,28,30,1,-1,-1,-1
586,47699,327,357,53,9,1,-1,-1,-1
586,47697,627,355,27,26,1,-1,-1,-1
586,47673,612,363,4,10,1,-1,-1,-1
587,47701,165,360,39,31,1,-1,-1,-1
587,47699,327,357,53,9,1,-1,-1,-1
587,47697,627,355,26,26,1,-1,-1,-1
587,47673,611,364,5,9,1,-1,-1,-1
588,47701,154,359,51,32,1,-1,-1,-1
588,47699,333,357,45,9,1,-1,-1,-1
588,47697,627,355,27,26,1,-1,-1,-1
588,47673,611,364,5,9,1,-1,-1,-1
589,47701,142,359,63,34,1,-1,-1,-1
589,47699,326,356,54,10,1,-1,-1,-1
589,47697,627,355,26,26,1,-1,-1,-1
589,47673,611,363,4,10,1,-1,-1,-1
590,47701,131,359,74,34,1,-1,-1,-1
590,47699,326,356,54,10,1,-1,-1,-1
590,47697,627,355,27,26,1,-1,-1,-1
590,47673,611,364,4,9,1,-1,-1,-1
591,47701,118,359,87,35,1,-1,-1,-1
591,47699,327,356,53,10,1,-1,-1,-1
591,47697,627,355,26,26,1,-1,-1,-1
591,47673,610,364,4,10,1,-1,-1,-1
592,47701,107,359,99,36,1,-1,-1,-1
592,47699,326,356,54,10,1,-1,-1,-1
592,47697,627,355,26,26,1,-1,-1,-1
592,47673,609,364,4,9,1,-1,-1,-1
593,47701,105,359,100,36,1,-1,-1,-1
593,47699,325,356,55,10,1,-1,-1,-1
593,47697,627,355,26,26,1,-1,-1,-1
593,47673,608,364,5,9,1,-1,-1,-1
594,47701,105,359,101,36,1,-1,-1,-1
594,47699,325,356,51,10,1,-1,-1,-1
594,47697,627,355,26,26,1,-1,-1,-1
594,47673,607,364,5,10,1,-1,-1,-1
595,47701,103,359,102,37,1,-1,-1,-1
595,47699,325,356,55,11,1,-1,-1,-1
595,47697,627,355,26,26,1,-1,-1,-1
595,47673,606,364,5,10,1,-1,-1,-1
596,47701,102,359,104,38,1,-1,-1,-1
596,47699,325,356,56,12,1,-1,-1,-1
596,47697,627,355,26,26,1,-1,-1,-1
596,47673,604,364,7,10,1,-1,-1,-1
597,47701,100,359,105,38,1,-1,-1,-1
597,47699,324,356,57,12,1,-1,-1,-1
597,47697,626,355,27,26,1,-1,-1,-1
597,47673,602,364,7,10,1,-1,-1,-1
597,47670,27,369,4,12,1,-1,-1,-1
598,47702,10,360,22,16,1,-1,-1,-1
598,47701,100,359,106,38,1,-1,-1,-1
598,47699,324,356,57,16,1,-1,-1,-1
598,47697,627,355,26,26,1,-1,-1,-1
598,47673,601,364,8,10,1,-1,-1,-1
598,47670,15,365,17,16,1,-1,-1,-1
599,47702,0,360,31,16,1,-1,-1,-1
599,47701,97,359,108,40,1,-1,-1,-1
599,47699,324,356,57,17,1,-1,-1,-1
599,47697,626,355,27,26,1,-1,-1,-1
599,47673,598,364,9,10,1,-1,-1,-1
599,47670,12,365,19,16,1,-1,-1,-1
600,47702,0,360,32,16,1,-1,-1,-1
600,47701,95,359,109,39,1,-1,-1,-1
600,47699,324,356,57,20,1,-1,-1,-1
600,47697,627,355,26,26,1,-1,-1,-1
600,47673,597,364,9,10,1,-1,-1,-1
600,47670,13,365,18,16,1,-1,-1,-1
