1,46942,455,366,73,31,1,-1,-1,-1
1,46937,770,359,81,33,1,-1,-1,-1
1,46936,16,360,39,30,1,-1,-1,-1
1,46932,532,359,78,34,1,-1,-1,-1
1,46927,81,361,99,31,1,-1,-1,-1
1,46918,19,373,81,24,1,-1,-1,-1
1,46916,537,378,47,34,1,-1,-1,-1
1,46891,607,374,16,29,1,-1,-1,-1
1,46879,694,373,8,26,1,-1,-1,-1
1,46877,845,372,22,22,1,-1,-1,-1
1,46873,748,372,21,22,1,-1,-1,-1
1,46866,704,369,4,8,1,-1,-1,-1
2,46942,457,366,73,31,1,-1,-1,-1
2,46937,768,359,81,34,1,-1,-1,-1
2,46936,9,360,38,34,1,-1,-1,-1
2,46932,529,359,75,34,1,-1,-1,-1
2,46927,79,361,93,32,1,-1,-1,-1
2,46918,21,373,81,25,1,-1,-1,-1
2,46916,535,378,48,35,1,-1,-1,-1
2,46891,606,374,17,29,1,-1,-1,-1
2,46879,694,373,8,26,1,-1,-1,-1
2,46877,846,372,22,22,1,-1,-1,-1
2,46873,748,372,22,23,1,-1,-1,-1
2,46866,705,369,4,8,1,-1,-1,-1
3,46942,458,366,74,32,1,-1,-1,-1
3,46937,766,359,81,34,1,-1,-1,-1
3,46936,2,360,37,34,1,-1,-1,-1
3,46932,528,359,71,34,1,-1,-1,-1
3,46927,71,361,93,32,1,-1,-1,-1
3,46918,23,373,81,25,1,-1,-1,-1
3,46916,532,378,50,36,1,-1,-1,-1
3,46891,605,374,17,30,1,-1,-1,-1
3,46881,599,368,4,9,1,-1,-1,-1
3,46879,694,373,8,26,1,-1,-1,-1
3,46877,847,372,22,22,1,-1,-1,-1
3,46873,749,372,21,23,1,-1,-1,-1
3,46866,707,371,2,6,1,-1,-1,-1
4,46942,459,366,74,32,1,-1,-1,-1
4,46937,766,359,79,34,1,-1,-1,-1
4,46936,0,360,31,34,1,-1,-1,-1
4,46932,524,359,69,34,1,-1,-1,-1
4,46927,62,361,94,32,1,-1,-1,-1
4,46918,25,373,81,25,1,-1,-1,-1
4,46916,529,379,51,36,1,-1,-1,-1
4,46891,605,374,17,30,1,-1,-1,-1
4,46881,594,368,7,8,1,-1,-1,-1
4,46879,695,373,8,27,1,-1,-1,-1
4,46877,848,372,23,23,1,-1,-1,-1
4,46873,750,372,21,23,1,-1,-1,-1
5,46942,461,365,73,32,1,-1,-1,-1
5,46937,762,358,81,34,1,-1,-1,-1
5,46936,0,359,26,35,1,-1,-1,-1
5,46932,527,358,60,30,1,-1,-1,-1
5,46927,54,360,94,27,1,-1,-1,-1
5,46918,26,372,80,26,1,-1,-1,-1
5,46916,526,378,53,38,1,-1,-1,-1
5,46891,604,373,17,31,1,-1,-1,-1
5,46881,589,367,9,10,1,-1,-1,-1
5,46879,695,372,8,27,1,-1,-1,-1
5,46877,849,371,23,23,1,-1,-1,-1
5,46873,750,372,22,23,1,-1,-1,-1
6,46942,462,364,74,33,1,-1,-1,-1
6,46937,759,358,83,34,1,-1,-1,-1
6,46936,0,359,18,29,1,-1,-1,-1
6,46932,510,357,72,35,1,-1,-1,-1
6,46927,34,359,106,27,1,-1,-1,-1
6,46918,28,371,69,26,1,-1,-1,-1
6,46916,523,378,54,38,1,-1,-1,-1
6,46891,603,373,17,30,1,-1,-1,-1
6,46881,589,366,7,10,1,-1,-1,-1
6,46879,695,372,8,27,1,-1,-1,-1
6,46877,851,371,23,22,1,-1,-1,-1
6,46873,751,371,22,23,1,-1,-1,-1
7,46958,576,364,12,16,1,-1,-1,-1
7,46942,463,364,74,32,1,-1,-1,-1
7,46937,757,357,79,34,1,-1,-1,-1
7,46936,0,358,11,29,1,-1,-1,-1
7,46932,504,357,72,34,1,-1,-1,-1
7,46927,23,358,109,33,1,-1,-1,-1
7,46918,29,371,60,25,1,-1,-1,-1
7,46916,520,377,56,40,1,-1,-1,-1
7,46891,602,372,18,30,1,-1,-1,-1
7,46881,588,366,5,9,1,-1,-1,-1
7,46879,695,371,8,26,1,-1,-1,-1
7,46877,852,370,23,23,1,-1,-1,-1
7,46873,752,370,22,23,1,-1,-1,-1
8,46958,570,363,17,17,1,-1,-1,-1
8,46942,465,363,74,33,1,-1,-1,-1
8,46937,755,356,83,34,1,-1,-1,-1
8,46932,497,356,73,35,1,-1,-1,-1
8,46927,14,357,110,34,1,-1,-1,-1
8,46918,31,370,83,26,1,-1,-1,-1
8,46916,516,377,58,41,1,-1,-1,-1
8,46891,601,371,18,31,1,-1,-1,-1
8,46881,587,365,4,8,1,-1,-1,-1
8,46879,695,370,9,27,1,-1,-1,-1
8,46877,853,369,24,23,1,-1,-1,-1
8,46873,753,369,22,24,1,-1,-1,-1
9,46958,569,363,18,17,1,-1,-1,-1
9,46942,466,363,75,33,1,-1,-1,-1
9,46937,753,356,83,34,1,-1,-1,-1
9,46932,493,355,71,36,1,-1,-1,-1
9,46927,4,357,108,34,1,-1,-1,-1
9,46918,32,370,84,26,1,-1,-1,-1
9,46916,513,377,59,42,1,-1,-1,-1
9,46891,600,371,19,31,1,-1,-1,-1
9,46879,696,370,8,27,1,-1,-1,-1
9,46877,855,369,23,23,1,-1,-1,-1
9,46873,753,369,23,24,1,-1,-1,-1
10,46958,568,364,19,17,1,-1,-1,-1
10,46942,467,364,76,33,1,-1,-1,-1
10,46937,750,356,84,35,1,-1,-1,-1
10,46932,496,356,62,23,1,-1,-1,-1
10,46927,0,358,103,34,1,-1,-1,-1
10,46918,33,371,84,26,1,-1,-1,-1
10,46916,508,378,63,44,1,-1,-1,-1
10,46891,600,372,18,31,1,-1,-1,-1
10,46879,696,371,8,27,1,-1,-1,-1
10,46877,856,370,24,23,1,-1,-1,-1
10,46873,754,370,23,24,1,-1,-1,-1
11,46958,568,365,18,17,1,-1,-1,-1
11,46942,469,364,76,34,1,-1,-1,-1
11,46937,748,357,84,35,1,-1,-1,-1
11,46932,467,357,84,35,1,-1,-1,-1
11,46927,0,359,94,33,1,-1,-1,-1
11,46918,34,373,85,25,1,-1,-1,-1
11,46916,504,380,65,45,1,-1,-1,-1
11,46891,599,373,19,31,1,-1,-1,-1
11,46879,696,372,9,26,1,-1,-1,-1
11,46877,858,371,24,23,1,-1,-1,-1
11,46873,755,371,23,24,1,-1,-1,-1
12,46958,567,365,18,18,1,-1,-1,-1
12,46942,470,365,76,34,1,-1,-1,-1
12,46937,745,358,85,35,1,-1,-1,-1
12,46932,460,358,85,36,1,-1,-1,-1
12,46927,0,359,84,34,1,-1,-1,-1
12,46918,34,372,86,27,1,-1,-1,-1
12,46916,499,381,67,47,1,-1,-1,-1
12,46891,599,374,19,31,1,-1,-1,-1
12,46879,696,372,9,28,1,-1,-1,-1
12,46877,860,371,24,24,1,-1,-1,-1
12,46873,756,371,23,25,1,-1,-1,-1
13,46958,566,366,19,17,1,-1,-1,-1
13,46942,471,365,77,35,1,-1,-1,-1
13,46937,743,358,85,36,1,-1,-1,-1
13,46932,453,358,85,36,1,-1,-1,-1
13,46927,0,360,75,34,1,-1,-1,-1
13,46918,58,373,63,27,1,-1,-1,-1
13,46916,493,382,71,49,1,-1,-1,-1
13,46891,599,374,19,32,1,-1,-1,-1
13,46879,697,373,8,28,1,-1,-1,-1
13,46877,861,372,24,24,1,-1,-1,-1
13,46873,757,372,23,24,1,-1,-1,-1
14,46958,566,366,19,18,1,-1,-1,-1
14,46942,472,366,79,34,1,-1,-1,-1
14,46937,740,359,86,35,1,-1,-1,-1
14,46932,445,358,86,37,1,-1,-1,-1
14,46927,0,360,64,30,1,-1,-1,-1
14,46918,44,373,77,28,1,-1,-1,-1
14,46916,487,383,74,51,1,-1,-1,-1
14,46891,598,375,20,32,1,-1,-1,-1
14,46879,697,373,9,28,1,-1,-1,-1
14,46877,863,372,24,24,1,-1,-1,-1
14,46873,758,372,23,25,1,-1,-1,-1
15,46958,565,366,19,18,1,-1,-1,-1
15,46942,473,366,80,35,1,-1,-1,-1
15,46937,738,359,86,36,1,-1,-1,-1
15,46932,438,358,86,37,1,-1,-1,-1
15,46927,29,360,25,34,1,-1,-1,-1
15,46918,34,373,87,28,1,-1,-1,-1
15,46916,480,384,78,53,1,-1,-1,-1
15,46891,598,375,19,33,1,-1,-1,-1
15,46881,562,374,3,4,1,-1,-1,-1
15,46879,697,373,9,29,1,-1,-1,-1
15,46877,865,373,25,24,1,-1,-1,-1
15,46873,759,373,23,25,1,-1,-1,-1
16,46958,564,366,20,18,1,-1,-1,-1
16,46942,474,366,81,31,1,-1,-1,-1
16,46937,735,359,87,36,1,-1,-1,-1
16,46932,430,358,87,38,1,-1,-1,-1
16,46927,14,360,29,34,1,-1,-1,-1
16,46918,32,373,90,28,1,-1,-1,-1
16,46916,473,384,82,56,1,-1,-1,-1
16,46891,597,375,20,33,1,-1,-1,-1
16,46881,561,368,5,10,1,-1,-1,-1
16,46879,698,373,9,28,1,-1,-1,-1
16,46877,868,373,24,24,1,-1,-1,-1
16,46873,760,373,24,25,1,-1,-1,-1
17,46958,563,366,20,18,1,-1,-1,-1
17,46942,475,365,82,31,1,-1,-1,-1
17,46937,732,358,87,37,1,-1,-1,-1
17,46932,422,358,88,37,1,-1,-1,-1
17,46927,0,359,34,35,1,-1,-1,-1
17,46918,31,373,91,28,1,-1,-1,-1
17,46916,464,384,88,59,1,-1,-1,-1
17,46891,597,375,20,33,1,-1,-1,-1
17,46881,559,367,5,10,1,-1,-1,-1
17,46879,698,373,9,29,1,-1,-1,-1
17,46877,871,372,23,25,1,-1,-1,-1
17,46873,762,372,23,26,1,-1,-1,-1
18,46958,562,365,21,18,1,-1,-1,-1
18,46942,476,364,83,34,1,-1,-1,-1
18,46937,729,357,88,37,1,-1,-1,-1
18,46932,414,357,89,38,1,-1,-1,-1
18,46927,0,359,23,34,1,-1,-1,-1
18,46918,30,372,92,29,1,-1,-1,-1
18,46916,455,384,93,62,1,-1,-1,-1
18,46891,596,374,21,34,1,-1,-1,-1
18,46881,556,366,7,10,1,-1,-1,-1
18,46879,699,372,9,29,1,-1,-1,-1
18,46877,875,371,21,25,1,-1,-1,-1
18,46873,763,371,24,26,1,-1,-1,-1
19,46958,562,363,20,19,1,-1,-1,-1
19,46942,478,363,83,36,1,-1,-1,-1
19,46937,726,356,88,37,1,-1,-1,-1
19,46932,405,355,91,39,1,-1,-1,-1
19,46927,0,357,12,30,1,-1,-1,-1
19,46918,29,371,93,29,1,-1,-1,-1
19,46916,445,384,99,65,1,-1,-1,-1
19,46891,595,372,21,35,1,-1,-1,-1
19,46881,555,365,7,10,1,-1,-1,-1
19,46879,699,371,9,29,1,-1,-1,-1
19,46877,879,370,19,25,1,-1,-1,-1
19,46873,764,370,24,26,1,-1,-1,-1
20,46958,561,362,20,19,1,-1,-1,-1
20,46942,479,362,84,37,1,-1,-1,-1
20,46937,723,354,88,38,1,-1,-1,-1
20,46932,397,354,92,39,1,-1,-1,-1
20,46918,29,370,93,29,1,-1,-1,-1
20,46916,434,384,106,69,1,-1,-1,-1
20,46891,595,371,20,36,1,-1,-1,-1
20,46881,555,364,4,7,1,-1,-1,-1
20,46879,700,370,9,29,1,-1,-1,-1
20,46877,883,369,18,26,1,-1,-1,-1
20,46873,765,369,25,26,1,-1,-1,-1
21,46958,560,361,21,19,1,-1,-1,-1
21,46942,481,361,84,37,1,-1,-1,-1
21,46937,720,353,89,38,1,-1,-1,-1
21,46932,388,353,94,39,1,-1,-1,-1
21,46918,28,369,94,29,1,-1,-1,-1
21,46916,421,384,114,73,1,-1,-1,-1
21,46891,594,370,21,36,1,-1,-1,-1
21,46879,700,368,9,30,1,-1,-1,-1
21,46877,886,368,17,26,1,-1,-1,-1
21,46873,767,368,24,26,1,-1,-1,-1
22,46958,560,360,20,19,1,-1,-1,-1
22,46942,482,360,85,37,1,-1,-1,-1
22,46937,717,352,89,38,1,-1,-1,-1
22,46932,380,352,95,39,1,-1,-1,-1
22,46918,27,368,96,30,1,-1,-1,-1
22,46916,407,384,123,78,1,-1,-1,-1
22,46891,594,369,21,37,1,-1,-1,-1
22,46879,700,367,10,30,1,-1,-1,-1
22,46877,880,367,26,26,1,-1,-1,-1
22,46873,768,367,25,27,1,-1,-1,-1
23,46958,561,359,19,20,1,-1,-1,-1
23,46942,483,359,86,38,1,-1,-1,-1
23,46937,713,351,91,39,1,-1,-1,-1
23,46932,371,351,97,40,1,-1,-1,-1
23,46918,27,367,96,30,1,-1,-1,-1
23,46916,391,384,133,84,1,-1,-1,-1
23,46891,593,369,22,36,1,-1,-1,-1
23,46879,701,367,9,30,1,-1,-1,-1
23,46877,882,367,26,25,1,-1,-1,-1
23,46873,769,366,25,27,1,-1,-1,-1
24,46958,561,358,18,20,1,-1,-1,-1
24,46942,485,358,87,39,1,-1,-1,-1
24,46937,710,350,91,39,1,-1,-1,-1
24,46932,362,350,98,40,1,-1,-1,-1
24,46918,26,366,98,31,1,-1,-1,-1
24,46916,374,385,144,90,1,-1,-1,-1
24,46891,593,368,21,37,1,-1,-1,-1
24,46879,701,366,9,30,1,-1,-1,-1
24,46877,884,368,27,24,1,-1,-1,-1
24,46873,770,365,26,28,1,-1,-1,-1
25,46958,561,358,18,20,1,-1,-1,-1
25,46942,486,358,88,39,1,-1,-1,-1
25,46937,710,350,88,39,1,-1,-1,-1
25,46932,353,349,99,41,1,-1,-1,-1
25,46918,26,366,95,31,1,-1,-1,-1
25,46916,353,386,159,97,1,-1,-1,-1
25,46891,592,368,22,37,1,-1,-1,-1
25,46879,701,366,10,29,1,-1,-1,-1
25,46877,886,368,27,24,1,-1,-1,-1
25,46873,771,365,26,28,1,-1,-1,-1
26,46958,561,358,17,19,1,-1,-1,-1
26,46942,487,357,89,40,1,-1,-1,-1
26,46937,704,349,91,40,1,-1,-1,-1
26,46932,344,349,100,41,1,-1,-1,-1
26,46918,25,366,92,31,1,-1,-1,-1
26,46916,330,388,174,104,1,-1,-1,-1
26,46891,592,368,22,38,1,-1,-1,-1
26,46879,702,365,9,31,1,-1,-1,-1
26,46877,889,370,27,22,1,-1,-1,-1
26,46873,773,365,26,28,1,-1,-1,-1
27,46958,561,358,17,15,1,-1,-1,-1
27,46942,488,357,91,40,1,-1,-1,-1
27,46937,701,349,90,40,1,-1,-1,-1
27,46932,335,349,101,41,1,-1,-1,-1
27,46918,25,366,77,32,1,-1,-1,-1
27,46916,302,390,194,114,1,-1,-1,-1
27,46891,591,368,23,38,1,-1,-1,-1
27,46879,702,365,10,31,1,-1,-1,-1
27,46877,891,372,27,20,1,-1,-1,-1
27,46873,774,365,26,28,1,-1,-1,-1
28,46958,561,358,16,12,1,-1,-1,-1
28,46942,490,357,91,41,1,-1,-1,-1
28,46937,697,350,92,39,1,-1,-1,-1
28,46932,325,349,103,42,1,-1,-1,-1
28,46918,25,366,101,32,1,-1,-1,-1
28,46916,269,392,217,125,1,-1,-1,-1
28,46891,590,368,23,39,1,-1,-1,-1
28,46879,702,366,10,30,1,-1,-1,-1
28,46877,893,366,28,27,1,-1,-1,-1
28,46873,775,365,27,29,1,-1,-1,-1
29,46942,492,358,92,41,1,-1,-1,-1
29,46937,694,350,91,40,1,-1,-1,-1
29,46932,315,349,105,42,1,-1,-1,-1
29,46918,24,366,103,33,1,-1,-1,-1
29,46916,229,395,247,139,1,-1,-1,-1
29,46891,590,368,23,40,1,-1,-1,-1
29,46879,703,366,9,31,1,-1,-1,-1
29,46877,896,365,28,28,1,-1,-1,-1
29,46873,777,366,26,28,1,-1,-1,-1
30,46942,493,358,93,41,1,-1,-1,-1
30,46937,691,350,91,40,1,-1,-1,-1
30,46932,306,350,105,42,1,-1,-1,-1
30,46918,23,367,104,33,1,-1,-1,-1
30,46916,179,398,284,156,1,-1,-1,-1
30,46891,589,369,24,40,1,-1,-1,-1
30,46879,703,366,10,32,1,-1,-1,-1
30,46877,898,366,28,28,1,-1,-1,-1
30,46873,778,366,27,29,1,-1,-1,-1
31,46942,495,358,94,42,1,-1,-1,-1
31,46937,688,350,90,41,1,-1,-1,-1
31,46932,296,350,107,43,1,-1,-1,-1
31,46918,23,368,105,33,1,-1,-1,-1
31,46916,115,402,334,177,1,-1,-1,-1
31,46891,588,369,24,41,1,-1,-1,-1
31,46879,703,367,10,31,1,-1,-1,-1
31,46877,900,366,29,29,1,-1,-1,-1
31,46873,779,366,27,30,1,-1,-1,-1
32,46942,497,359,94,42,1,-1,-1,-1
32,46937,685,351,90,40,1,-1,-1,-1
32,46932,286,350,108,43,1,-1,-1,-1
32,46918,22,368,106,31,1,-1,-1,-1
32,46916,29,407,402,205,1,-1,-1,-1
32,46891,588,370,24,41,1,-1,-1,-1
32,46879,704,367,9,32,1,-1,-1,-1
32,46877,903,367,17,28,1,-1,-1,-1
32,46873,781,367,27,29,1,-1,-1,-1
33,46942,499,359,94,42,1,-1,-1,-1
33,46937,682,351,89,40,1,-1,-1,-1
33,46932,275,350,110,44,1,-1,-1,-1
33,46918,21,368,108,34,1,-1,-1,-1
33,46916,0,412,411,251,1,-1,-1,-1
33,46891,587,370,24,42,1,-1,-1,-1
33,46879,704,367,10,32,1,-1,-1,-1
33,46877,906,367,19,29,1,-1,-1,-1
33,46873,782,367,28,30,1,-1,-1,-1
34,46942,500,359,95,43,1,-1,-1,-1
34,46937,680,350,87,41,1,-1,-1,-1
34,46932,265,350,111,44,1,-1,-1,-1
34,46918,22,368,107,34,1,-1,-1,-1
34,46916,0,419,386,300,1,-1,-1,-1
34,46891,586,370,25,43,1,-1,-1,-1
34,46879,704,367,10,32,1,-1,-1,-1
34,46877,908,367,22,29,1,-1,-1,-1
34,46873,783,367,28,30,1,-1,-1,-1
35,46942,502,358,95,44,1,-1,-1,-1
35,46937,677,350,86,41,1,-1,-1,-1
35,46932,254,350,113,44,1,-1,-1,-1
35,46918,43,368,87,35,1,-1,-1,-1
35,46916,0,427,354,292,1,-1,-1,-1
35,46891,586,370,25,43,1,-1,-1,-1
35,46879,705,367,9,32,1,-1,-1,-1
35,46877,911,367,24,29,1,-1,-1,-1
35,46873,785,367,28,30,1,-1,-1,-1
36,46942,504,358,92,44,1,-1,-1,-1
36,46937,675,350,85,41,1,-1,-1,-1
36,46932,243,349,114,45,1,-1,-1,-1
36,46918,30,368,100,35,1,-1,-1,-1
36,46916,0,438,315,281,1,-1,-1,-1
36,46891,585,370,25,44,1,-1,-1,-1
36,46879,705,367,10,32,1,-1,-1,-1
36,46877,913,366,27,30,1,-1,-1,-1
36,46873,786,367,29,31,1,-1,-1,-1
37,46943,1014,361,12,30,1,-1,-1,-1
37,46942,506,358,100,45,1,-1,-1,-1
37,46937,674,350,82,41,1,-1,-1,-1
37,46932,232,349,116,45,1,-1,-1,-1
37,46918,18,367,113,36,1,-1,-1,-1
37,46916,0,453,264,266,1,-1,-1,-1
37,46891,584,370,26,44,1,-1,-1,-1
37,46879,705,367,10,31,1,-1,-1,-1
37,46877,916,366,30,31,1,-1,-1,-1
37,46873,788,366,29,32,1,-1,-1,-1
38,46943,1018,360,15,35,1,-1,-1,-1
38,46942,508,358,101,45,1,-1,-1,-1
38,46937,672,349,80,42,1,-1,-1,-1
38,46932,221,349,117,45,1,-1,-1,-1
38,46918,18,367,113,36,1,-1,-1,-1
38,46916,0,474,197,245,1,-1,-1,-1
38,46901,1019,389,10,4,1,-1,-1,-1
38,46891,583,370,27,45,1,-1,-1,-1
38,46879,705,366,10,33,1,-1,-1,-1
38,46877,919,366,31,31,1,-1,-1,-1
38,46873,789,366,29,32,1,-1,-1,-1
39,46943,1021,359,20,37,1,-1,-1,-1
39,46942,510,357,101,46,1,-1,-1,-1
39,46937,671,349,77,42,1,-1,-1,-1
39,46932,210,348,118,47,1,-1,-1,-1
39,46918,17,367,115,37,1,-1,-1,-1
39,46916,0,529,102,190,1,-1,-1,-1
39,46901,1017,382,13,11,1,-1,-1,-1
39,46891,583,370,26,46,1,-1,-1,-1
39,46879,706,366,10,33,1,-1,-1,-1
39,46877,921,366,32,31,1,-1,-1,-1
39,46873,791,366,29,32,1,-1,-1,-1
40,46943,1025,359,24,37,1,-1,-1,-1
40,46942,511,357,103,47,1,-1,-1,-1
40,46937,671,349,73,41,1,-1,-1,-1
40,46932,198,348,121,47,1,-1,-1,-1
40,46918,16,367,117,37,1,-1,-1,-1
40,46901,1015,381,21,12,1,-1,-1,-1
40,46891,582,370,27,47,1,-1,-1,-1
40,46879,706,366,10,33,1,-1,-1,-1
40,46877,924,366,32,31,1,-1,-1,-1
40,46873,792,366,30,32,1,-1,-1,-1
41,46943,1028,359,28,38,1,-1,-1,-1
41,46942,512,357,104,47,1,-1,-1,-1
41,46937,670,349,70,41,1,-1,-1,-1
41,46932,186,348,123,47,1,-1,-1,-1
41,46918,16,367,117,38,1,-1,-1,-1
41,46901,1014,372,42,22,1,-1,-1,-1
41,46891,581,370,27,47,1,-1,-1,-1
41,46879,706,366,10,33,1,-1,-1,-1
41,46877,927,366,32,32,1,-1,-1,-1
41,46873,794,366,30,33,1,-1,-1,-1
42,46943,1032,358,33,39,1,-1,-1,-1
42,46942,514,357,104,48,1,-1,-1,-1
42,46937,670,349,67,42,1,-1,-1,-1
42,46932,175,348,123,48,1,-1,-1,-1
42,46918,15,368,119,37,1,-1,-1,-1
42,46901,1012,366,32,28,1,-1,-1,-1
42,46891,580,370,27,48,1,-1,-1,-1
42,46879,706,366,10,33,1,-1,-1,-1
42,46877,930,366,32,32,1,-1,-1,-1
42,46873,795,366,31,33,1,-1,-1,-1
43,46943,1036,358,37,41,1,-1,-1,-1
43,46942,515,357,106,49,1,-1,-1,-1
43,46937,670,349,63,42,1,-1,-1,-1
43,46932,163,348,125,48,1,-1,-1,-1
43,46918,15,368,119,38,1,-1,-1,-1
43,46901,1010,366,38,29,1,-1,-1,-1
43,46891,580,371,27,48,1,-1,-1,-1
43,46879,706,367,11,33,1,-1,-1,-1
43,46877,933,367,32,32,1,-1,-1,-1
43,46873,797,367,30,33,1,-1,-1,-1
44,46943,1040,358,42,42,1,-1,-1,-1
44,46942,516,358,107,48,1,-1,-1,-1
44,46937,671,350,59,41,1,-1,-1,-1
44,46932,150,348,128,49,1,-1,-1,-1
44,46918,14,368,110,39,1,-1,-1,-1
44,46901,1008,366,44,29,1,-1,-1,-1
44,46891,579,371,28,50,1,-1,-1,-1
44,46879,707,367,10,33,1,-1,-1,-1
44,46877,935,367,33,32,1,-1,-1,-1
44,46873,798,367,31,34,1,-1,-1,-1
45,46943,1044,359,47,42,1,-1,-1,-1
45,46942,518,358,108,49,1,-1,-1,-1
45,46937,671,350,56,41,1,-1,-1,-1
45,46932,138,348,129,49,1,-1,-1,-1
45,46918,13,368,123,40,1,-1,-1,-1
45,46901,1009,367,41,29,1,-1,-1,-1
45,46891,578,371,28,51,1,-1,-1,-1
45,46879,707,367,10,33,1,-1,-1,-1
45,46877,938,367,33,33,1,-1,-1,-1
45,46873,800,367,31,34,1,-1,-1,-1
46,46943,1048,359,52,43,1,-1,-1,-1
46,46942,519,358,109,50,1,-1,-1,-1
46,46937,671,350,53,41,1,-1,-1,-1
46,46932,126,348,130,50,1,-1,-1,-1
46,46918,12,369,124,39,1,-1,-1,-1
46,46901,1016,367,33,29,1,-1,-1,-1
46,46891,577,372,29,51,1,-1,-1,-1
46,46879,707,367,10,34,1,-1,-1,-1
46,46877,941,367,34,33,1,-1,-1,-1
46,46873,801,367,32,35,1,-1,-1,-1
47,46943,1052,359,58,43,1,-1,-1,-1
47,46942,521,358,110,50,1,-1,-1,-1
47,46937,671,350,51,41,1,-1,-1,-1
47,46932,114,348,131,50,1,-1,-1,-1
47,46918,11,369,126,40,1,-1,-1,-1
47,46901,1003,367,46,30,1,-1,-1,-1
47,46891,576,372,29,52,1,-1,-1,-1
47,46879,707,367,11,34,1,-1,-1,-1
47,46877,944,367,34,34,1,-1,-1,-1
47,46873,803,368,32,34,1,-1,-1,-1
48,46943,1056,359,65,44,1,-1,-1,-1
48,46942,523,358,111,51,1,-1,-1,-1
48,46937,671,350,49,41,1,-1,-1,-1
48,46932,107,348,127,51,1,-1,-1,-1
48,46918,11,369,127,41,1,-1,-1,-1
48,46901,1001,371,47,26,1,-1,-1,-1
48,46891,575,372,30,53,1,-1,-1,-1
48,46879,707,367,11,34,1,-1,-1,-1
48,46877,947,367,35,34,1,-1,-1,-1
48,46873,804,368,32,35,1,-1,-1,-1
49,46943,1060,358,71,45,1,-1,-1,-1
49,46942,525,358,113,52,1,-1,-1,-1
49,46937,671,350,47,40,1,-1,-1,-1
49,46932,100,348,122,51,1,-1,-1,-1
49,46918,10,369,128,41,1,-1,-1,-1
49,46901,999,374,47,23,1,-1,-1,-1
49,46891,574,372,30,54,1,-1,-1,-1
49,46879,708,367,10,34,1,-1,-1,-1
49,46877,951,367,34,35,1,-1,-1,-1
49,46873,806,368,32,35,1,-1,-1,-1
50,46943,1064,358,78,45,1,-1,-1,-1
50,46942,527,358,114,52,1,-1,-1,-1
50,46937,671,350,44,40,1,-1,-1,-1
50,46932,91,348,120,51,1,-1,-1,-1
50,46918,9,369,130,42,1,-1,-1,-1
50,46901,998,367,31,30,1,-1,-1,-1
50,46891,573,373,30,54,1,-1,-1,-1
50,46879,708,367,10,34,1,-1,-1,-1
50,46877,954,367,35,35,1,-1,-1,-1
50,46873,807,368,33,36,1,-1,-1,-1
51,46958,529,358,14,22,1,-1,-1,-1
51,46943,1068,358,85,46,1,-1,-1,-1
51,46942,529,358,116,53,1,-1,-1,-1
51,46937,671,350,42,40,1,-1,-1,-1
51,46932,78,348,121,51,1,-1,-1,-1
51,46918,8,369,132,42,1,-1,-1,-1
51,46901,996,367,41,31,1,-1,-1,-1
51,46891,572,372,31,56,1,-1,-1,-1
51,46879,708,367,10,34,1,-1,-1,-1
51,46877,957,367,35,35,1,-1,-1,-1
51,46873,808,368,33,36,1,-1,-1,-1
52,46958,528,358,18,27,1,-1,-1,-1
52,46943,1072,358,93,46,1,-1,-1,-1
52,46942,532,358,117,53,1,-1,-1,-1
52,46937,671,350,41,40,1,-1,-1,-1
52,46932,64,347,123,52,1,-1,-1,-1
52,46918,7,369,133,43,1,-1,-1,-1
52,46901,994,367,48,31,1,-1,-1,-1
52,46891,571,373,31,56,1,-1,-1,-1
52,46879,708,367,11,34,1,-1,-1,-1
52,46877,960,367,35,36,1,-1,-1,-1
52,46873,810,368,33,36,1,-1,-1,-1
53,46958,527,358,21,28,1,-1,-1,-1
53,46943,1077,358,100,46,1,-1,-1,-1
53,46942,535,358,118,54,1,-1,-1,-1
53,46937,671,350,40,40,1,-1,-1,-1
53,46932,49,347,126,51,1,-1,-1,-1
53,46918,6,369,135,43,1,-1,-1,-1
53,46901,992,367,48,31,1,-1,-1,-1
53,46891,570,373,32,57,1,-1,-1,-1
53,46879,708,367,11,34,1,-1,-1,-1
53,46877,963,367,36,36,1,-1,-1,-1
53,46873,811,368,34,37,1,-1,-1,-1
54,46958,526,358,25,28,1,-1,-1,-1
54,46943,1083,358,107,47,1,-1,-1,-1
54,46942,538,358,120,54,1,-1,-1,-1
54,46937,671,350,40,39,1,-1,-1,-1
54,46932,34,347,129,51,1,-1,-1,-1
54,46918,26,369,116,44,1,-1,-1,-1
54,46901,991,367,48,32,1,-1,-1,-1
54,46891,569,373,33,58,1,-1,-1,-1
54,46879,708,367,11,34,1,-1,-1,-1
54,46877,966,367,36,37,1,-1,-1,-1
54,46873,812,368,34,37,1,-1,-1,-1
55,46958,524,358,29,28,1,-1,-1,-1
55,46943,1092,358,111,47,1,-1,-1,-1
55,46942,541,358,121,55,1,-1,-1,-1
55,46937,671,350,39,39,1,-1,-1,-1
55,46932,12,347,138,45,1,-1,-1,-1
55,46918,12,369,131,45,1,-1,-1,-1
55,46901,988,367,49,32,1,-1,-1,-1
55,46891,568,373,33,59,1,-1,-1,-1
55,46879,709,367,10,34,1,-1,-1,-1
55,46877,969,368,37,36,1,-1,-1,-1
55,46873,813,368,35,38,1,-1,-1,-1
56,46958,523,358,31,29,1,-1,-1,-1
56,46943,1102,358,114,48,1,-1,-1,-1
56,46942,545,358,122,56,1,-1,-1,-1
56,46937,672,350,38,39,1,-1,-1,-1
56,46932,0,347,138,54,1,-1,-1,-1
56,46918,4,369,140,45,1,-1,-1,-1
56,46901,986,367,49,32,1,-1,-1,-1
56,46891,567,374,33,59,1,-1,-1,-1
56,46879,709,367,10,34,1,-1,-1,-1
56,46877,972,368,37,37,1,-1,-1,-1
56,46873,814,368,35,38,1,-1,-1,-1
57,46958,522,358,32,29,1,-1,-1,-1
57,46943,1113,358,112,49,1,-1,-1,-1
57,46942,548,358,124,56,1,-1,-1,-1
57,46937,672,350,37,39,1,-1,-1,-1
57,46932,0,347,124,49,1,-1,-1,-1
57,46918,4,370,141,45,1,-1,-1,-1
57,46901,983,367,51,33,1,-1,-1,-1
57,46891,566,374,33,61,1,-1,-1,-1
57,46879,709,367,10,34,1,-1,-1,-1
57,46877,975,368,37,37,1,-1,-1,-1
57,46873,816,368,34,39,1,-1,-1,-1
58,46958,521,358,33,29,1,-1,-1,-1
58,46943,1098,358,133,49,1,-1,-1,-1
58,46942,552,358,126,57,1,-1,-1,-1
58,46937,672,350,37,39,1,-1,-1,-1
58,46932,0,347,111,52,1,-1,-1,-1
58,46918,3,370,143,46,1,-1,-1,-1
58,46901,981,367,51,33,1,-1,-1,-1
58,46891,565,374,34,62,1,-1,-1,-1
58,46879,709,367,11,35,1,-1,-1,-1
58,46877,978,368,38,38,1,-1,-1,-1
58,46873,817,368,35,39,1,-1,-1,-1
59,46958,519,359,35,29,1,-1,-1,-1
59,46943,1103,358,135,50,1,-1,-1,-1
59,46942,557,358,127,58,1,-1,-1,-1
59,46937,672,350,36,39,1,-1,-1,-1
59,46932,0,347,97,53,1,-1,-1,-1
59,46918,1,370,145,47,1,-1,-1,-1
59,46901,979,368,52,33,1,-1,-1,-1
59,46891,564,375,34,63,1,-1,-1,-1
59,46879,709,367,11,35,1,-1,-1,-1
59,46877,981,368,38,38,1,-1,-1,-1
59,46873,818,369,35,39,1,-1,-1,-1
60,46958,518,359,35,29,1,-1,-1,-1
60,46943,1107,358,137,50,1,-1,-1,-1
60,46942,561,358,129,59,1,-1,-1,-1
60,46937,676,351,32,38,1,-1,-1,-1
60,46932,0,347,84,50,1,-1,-1,-1
60,46918,0,370,146,48,1,-1,-1,-1
60,46901,977,368,52,33,1,-1,-1,-1
60,46891,563,375,34,64,1,-1,-1,-1
60,46879,709,367,11,35,1,-1,-1,-1
60,46877,984,368,38,39,1,-1,-1,-1
60,46873,819,369,35,40,1,-1,-1,-1
61,46958,516,359,36,30,1,-1,-1,-1
61,46943,1112,358,138,51,1,-1,-1,-1
61,46942,566,358,130,59,1,-1,-1,-1
61,46937,676,351,32,38,1,-1,-1,-1
61,46932,0,347,70,50,1,-1,-1,-1
61,46918,0,370,146,48,1,-1,-1,-1
61,46901,975,368,52,34,1,-1,-1,-1
61,46891,562,375,34,66,1,-1,-1,-1
61,46879,709,367,11,35,1,-1,-1,-1
61,46877,987,369,39,38,1,-1,-1,-1
61,46873,820,369,36,40,1,-1,-1,-1
62,46958,515,359,36,30,1,-1,-1,-1
62,46943,1116,358,140,52,1,-1,-1,-1
62,46942,572,358,130,60,1,-1,-1,-1
62,46937,676,351,31,38,1,-1,-1,-1
62,46932,0,347,56,47,1,-1,-1,-1
62,46918,0,371,145,48,1,-1,-1,-1
62,46901,973,368,53,34,1,-1,-1,-1
62,46891,560,375,35,67,1,-1,-1,-1
62,46879,710,367,10,35,1,-1,-1,-1
62,46877,990,369,39,39,1,-1,-1,-1
62,46873,822,369,36,41,1,-1,-1,-1
63,46958,513,359,37,30,1,-1,-1,-1
63,46943,1120,358,142,52,1,-1,-1,-1
63,46942,580,358,129,61,1,-1,-1,-1
63,46937,676,351,31,32,1,-1,-1,-1
63,46932,0,347,42,39,1,-1,-1,-1
63,46918,0,371,145,49,1,-1,-1,-1
63,46901,971,368,53,34,1,-1,-1,-1
63,46891,558,375,36,68,1,-1,-1,-1
63,46879,710,367,11,35,1,-1,-1,-1
63,46877,993,369,39,39,1,-1,-1,-1
63,46873,824,369,36,41,1,-1,-1,-1
64,46958,512,359,37,31,1,-1,-1,-1
64,46943,1125,358,143,53,1,-1,-1,-1
64,46942,583,358,133,62,1,-1,-1,-1
64,46937,676,351,31,23,1,-1,-1,-1
64,46932,0,347,28,37,1,-1,-1,-1
64,46918,0,371,145,50,1,-1,-1,-1
64,46901,969,368,54,35,1,-1,-1,-1
64,46891,556,376,36,68,1,-1,-1,-1
64,46879,710,367,11,35,1,-1,-1,-1
64,46877,995,369,40,40,1,-1,-1,-1
64,46873,826,369,37,42,1,-1,-1,-1
65,46958,510,359,38,31,1,-1,-1,-1
65,46943,1129,358,145,53,1,-1,-1,-1
65,46942,587,358,137,62,1,-1,-1,-1
65,46937,677,351,29,10,1,-1,-1,-1
65,46932,0,347,13,36,1,-1,-1,-1
65,46918,0,371,145,50,1,-1,-1,-1
65,46901,967,368,52,35,1,-1,-1,-1
65,46891,554,376,37,69,1,-1,-1,-1
65,46879,713,367,8,14,1,-1,-1,-1
65,46877,998,369,41,40,1,-1,-1,-1
65,46873,828,369,37,43,1,-1,-1,-1
66,46958,508,358,39,32,1,-1,-1,-1
66,46943,1132,358,147,54,1,-1,-1,-1
66,46942,593,358,139,63,1,-1,-1,-1
66,46937,677,351,28,8,1,-1,-1,-1
66,46918,0,371,146,51,1,-1,-1,-1
66,46901,964,368,55,36,1,-1,-1,-1
66,46891,552,376,37,71,1,-1,-1,-1
66,46877,1001,369,41,41,1,-1,-1,-1
66,46873,830,369,38,43,1,-1,-1,-1
67,46958,507,358,39,33,1,-1,-1,-1
67,46943,1136,358,143,54,1,-1,-1,-1
67,46942,600,358,140,64,1,-1,-1,-1
67,46937,677,351,28,7,1,-1,-1,-1
67,46918,0,371,147,52,1,-1,-1,-1
67,46901,962,368,55,36,1,-1,-1,-1
67,46891,549,376,38,72,1,-1,-1,-1
67,46877,1004,369,41,41,1,-1,-1,-1
67,46873,832,369,38,44,1,-1,-1,-1
68,46958,505,358,40,33,1,-1,-1,-1
68,46943,1140,358,139,55,1,-1,-1,-1
68,46942,606,358,142,65,1,-1,-1,-1
68,46937,677,351,28,7,1,-1,-1,-1
68,46918,0,371,148,53,1,-1,-1,-1
68,46901,959,368,56,36,1,-1,-1,-1
68,46891,546,376,38,73,1,-1,-1,-1
68,46877,1006,369,42,42,1,-1,-1,-1
68,46873,834,369,39,44,1,-1,-1,-1
69,46958,503,358,41,33,1,-1,-1,-1
69,46943,1144,358,135,55,1,-1,-1,-1
69,46942,613,358,144,66,1,-1,-1,-1
69,46937,677,351,27,6,1,-1,-1,-1
69,46918,0,371,149,54,1,-1,-1,-1
69,46901,957,368,56,37,1,-1,-1,-1
69,46891,544,376,38,74,1,-1,-1,-1
69,46877,1009,369,42,43,1,-1,-1,-1
69,46873,836,369,39,45,1,-1,-1,-1
70,46958,502,358,41,34,1,-1,-1,-1
70,46943,1150,358,114,56,1,-1,-1,-1
70,46942,620,358,146,66,1,-1,-1,-1
70,46937,676,351,28,6,1,-1,-1,-1
70,46918,0,371,151,54,1,-1,-1,-1
70,46901,954,368,57,37,1,-1,-1,-1
70,46891,540,377,39,74,1,-1,-1,-1
70,46877,1013,369,42,43,1,-1,-1,-1
70,46873,838,370,40,45,1,-1,-1,-1
71,46958,500,358,41,34,1,-1,-1,-1
71,46943,1155,358,124,57,1,-1,-1,-1
71,46942,628,358,147,67,1,-1,-1,-1
71,46937,676,351,28,6,1,-1,-1,-1
71,46918,0,372,153,54,1,-1,-1,-1
71,46901,952,369,57,37,1,-1,-1,-1
71,46891,536,377,39,75,1,-1,-1,-1
71,46877,1017,369,43,44,1,-1,-1,-1
71,46873,841,370,40,45,1,-1,-1,-1
72,46958,498,358,42,35,1,-1,-1,-1
72,46943,1160,358,119,57,1,-1,-1,-1
72,46942,635,358,150,68,1,-1,-1,-1
72,46937,676,351,28,6,1,-1,-1,-1
72,46918,0,372,155,55,1,-1,-1,-1
72,46901,949,369,58,37,1,-1,-1,-1
72,46891,531,377,41,75,1,-1,-1,-1
72,46877,1021,370,43,43,1,-1,-1,-1
72,46873,843,370,40,46,1,-1,-1,-1
73,46958,496,359,43,35,1,-1,-1,-1
73,46943,1166,358,113,58,1,-1,-1,-1
73,46942,643,358,152,70,1,-1,-1,-1
73,46937,676,351,28,7,1,-1,-1,-1
73,46918,0,372,156,57,1,-1,-1,-1
73,46901,947,369,58,38,1,-1,-1,-1
73,46891,527,377,41,76,1,-1,-1,-1
73,46877,1025,370,44,44,1,-1,-1,-1
73,46873,845,371,41,46,1,-1,-1,-1
74,46958,494,359,44,36,1,-1,-1,-1
74,46943,1172,358,107,59,1,-1,-1,-1
74,46942,651,359,155,70,1,-1,-1,-1
74,46937,676,351,28,7,1,-1,-1,-1
74,46918,0,373,157,57,1,-1,-1,-1
74,46901,944,369,60,39,1,-1,-1,-1
74,46891,523,378,41,76,1,-1,-1,-1
74,46877,1030,370,44,45,1,-1,-1,-1
74,46873,848,371,41,47,1,-1,-1,-1
75,46958,492,359,44,36,1,-1,-1,-1
75,46943,1177,358,102,60,1,-1,-1,-1
75,46942,660,359,157,71,1,-1,-1,-1
75,46937,676,351,27,7,1,-1,-1,-1
75,46918,0,373,158,58,1,-1,-1,-1
75,46901,941,370,61,38,1,-1,-1,-1
75,46891,518,378,41,77,1,-1,-1,-1
75,46877,1034,370,45,46,1,-1,-1,-1
75,46873,850,371,42,48,1,-1,-1,-1
76,46958,489,359,46,36,1,-1,-1,-1
76,46943,1183,358,96,61,1,-1,-1,-1
76,46942,668,359,161,72,1,-1,-1,-1
76,46937,672,351,31,23,1,-1,-1,-1
76,46918,0,373,159,59,1,-1,-1,-1
76,46901,939,370,61,39,1,-1,-1,-1
76,46891,513,378,41,77,1,-1,-1,-1
76,46877,1039,371,45,46,1,-1,-1,-1
76,46873,853,371,42,48,1,-1,-1,-1
77,46958,487,359,47,37,1,-1,-1,-1
77,46943,1190,358,89,61,1,-1,-1,-1
77,46942,677,358,163,74,1,-1,-1,-1
77,46937,672,351,31,37,1,-1,-1,-1
77,46918,0,373,160,59,1,-1,-1,-1
77,46901,936,369,62,40,1,-1,-1,-1
77,46891,507,378,42,77,1,-1,-1,-1
77,46877,1043,371,46,46,1,-1,-1,-1
77,46873,855,371,43,49,1,-1,-1,-1
78,46958,484,358,49,37,1,-1,-1,-1
78,46943,1195,357,84,62,1,-1,-1,-1
78,46942,687,357,165,74,1,-1,-1,-1
78,46941,650,356,10,10,1,-1,-1,-1
78,46937,671,350,32,37,1,-1,-1,-1
78,46918,0,372,162,60,1,-1,-1,-1
78,46901,934,368,61,40,1,-1,-1,-1
78,46891,502,377,42,77,1,-1,-1,-1
78,46877,1047,370,47,47,1,-1,-1,-1
78,46873,858,370,43,49,1,-1,-1,-1
79,46958,483,357,50,38,1,-1,-1,-1
79,46943,1202,356,77,62,1,-1,-1,-1
79,46942,697,356,169,75,1,-1,-1,-1
79,46937,673,349,32,36,1,-1,-1,-1
79,46918,0,372,166,61,1,-1,-1,-1
79,46901,932,367,62,40,1,-1,-1,-1
79,46891,498,376,42,77,1,-1,-1,-1
79,46877,1053,368,47,48,1,-1,-1,-1
79,46873,863,369,42,50,1,-1,-1,-1
80,46958,481,356,52,38,1,-1,-1,-1
80,46943,1210,355,69,62,1,-1,-1,-1
80,46942,708,355,172,76,1,-1,-1,-1
80,46937,674,348,33,37,1,-1,-1,-1
80,46918,0,371,171,62,1,-1,-1,-1
80,46901,930,366,63,41,1,-1,-1,-1
80,46891,494,375,44,78,1,-1,-1,-1
80,46887,531,364,3,7,1,-1,-1,-1
80,46879,713,365,4,10,1,-1,-1,-1
80,46877,1059,368,48,48,1,-1,-1,-1
80,46873,868,368,41,51,1,-1,-1,-1
81,46958,480,355,53,39,1,-1,-1,-1
81,46943,1217,355,62,59,1,-1,-1,-1
81,46942,719,354,174,78,1,-1,-1,-1
81,46937,675,348,33,36,1,-1,-1,-1
81,46918,0,371,176,62,1,-1,-1,-1
81,46901,928,366,64,41,1,-1,-1,-1
81,46891,492,375,44,78,1,-1,-1,-1
81,46887,530,359,7,12,1,-1,-1,-1
81,46879,714,364,10,34,1,-1,-1,-1
81,46877,1064,367,49,49,1,-1,-1,-1
81,46873,870,368,43,51,1,-1,-1,-1
82,46958,478,355,54,39,1,-1,-1,-1
82,46943,1224,355,55,59,1,-1,-1,-1
82,46942,730,354,177,78,1,-1,-1,-1
82,46937,676,347,33,36,1,-1,-1,-1
82,46918,0,370,181,63,1,-1,-1,-1
82,46901,926,366,64,41,1,-1,-1,-1
82,46891,490,374,45,80,1,-1,-1,-1
82,46887,531,359,8,11,1,-1,-1,-1
82,46879,715,364,11,35,1,-1,-1,-1
82,46877,1069,367,49,49,1,-1,-1,-1
82,46873,883,367,33,51,1,-1,-1,-1
83,46958,476,355,56,39,1,-1,-1,-1
83,46943,1230,355,49,59,1,-1,-1,-1
83,46942,741,354,179,78,1,-1,-1,-1
83,46941,655,353,11,10,1,-1,-1,-1
83,46937,677,347,32,36,1,-1,-1,-1
83,46918,0,370,186,63,1,-1,-1,-1
83,46901,923,365,65,42,1,-1,-1,-1
83,46891,489,374,44,80,1,-1,-1,-1
83,46887,531,358,11,12,1,-1,-1,-1
83,46879,716,363,10,35,1,-1,-1,-1
83,46877,1074,367,49,49,1,-1,-1,-1
83,46873,897,403,23,15,1,-1,-1,-1
84,46958,474,355,57,40,1,-1,-1,-1
84,46943,1235,355,44,59,1,-1,-1,-1
84,46942,751,353,183,80,1,-1,-1,-1
84,46937,677,347,33,36,1,-1,-1,-1
84,46918,0,370,190,63,1,-1,-1,-1
84,46901,932,365,53,42,1,-1,-1,-1
84,46891,486,374,45,80,1,-1,-1,-1
84,46887,532,358,12,12,1,-1,-1,-1
84,46879,716,363,11,35,1,-1,-1,-1
84,46877,1078,367,50,50,1,-1,-1,-1
85,46958,472,355,58,40,1,-1,-1,-1
85,46943,1241,356,38,59,1,-1,-1,-1
85,46942,763,354,185,80,1,-1,-1,-1
85,46941,657,353,11,10,1,-1,-1,-1
85,46937,678,347,32,36,1,-1,-1,-1
85,46918,1,370,194,64,1,-1,-1,-1
85,46901,940,366,42,42,1,-1,-1,-1
85,46891,484,374,45,81,1,-1,-1,-1
85,46887,534,358,13,12,1,-1,-1,-1
85,46879,717,363,10,35,1,-1,-1,-1
85,46877,1083,367,50,50,1,-1,-1,-1
86,46958,469,355,60,41,1,-1,-1,-1
86,46943,1246,357,33,59,1,-1,-1,-1
86,46942,774,354,188,81,1,-1,-1,-1
86,46941,657,354,12,9,1,-1,-1,-1
86,46937,678,348,33,35,1,-1,-1,-1
86,46918,4,371,196,64,1,-1,-1,-1
86,46901,948,366,31,42,1,-1,-1,-1
86,46891,481,375,46,81,1,-1,-1,-1
86,46887,536,359,13,12,1,-1,-1,-1
86,46879,717,364,11,34,1,-1,-1,-1
86,46877,1087,368,50,50,1,-1,-1,-1
87,46958,467,356,61,41,1,-1,-1,-1
87,46943,1252,359,27,58,1,-1,-1,-1
87,46942,786,355,190,82,1,-1,-1,-1
87,46941,658,354,12,10,1,-1,-1,-1
87,46937,679,348,32,35,1,-1,-1,-1
87,46918,8,371,197,65,1,-1,-1,-1
87,46891,480,376,45,81,1,-1,-1,-1
87,46887,539,360,13,12,1,-1,-1,-1
87,46879,717,364,11,35,1,-1,-1,-1
87,46877,1091,368,51,51,1,-1,-1,-1
88,46958,464,357,62,42,1,-1,-1,-1
88,46943,1257,361,22,54,1,-1,-1,-1
88,46942,797,356,194,82,1,-1,-1,-1
88,46941,658,355,13,10,1,-1,-1,-1
88,46937,679,349,32,35,1,-1,-1,-1
88,46918,12,372,198,66,1,-1,-1,-1
88,46891,478,377,45,82,1,-1,-1,-1
88,46887,541,361,13,12,1,-1,-1,-1
88,46879,718,365,10,34,1,-1,-1,-1
88,46877,1095,369,52,52,1,-1,-1,-1
89,46958,461,358,64,43,1,-1,-1,-1
89,46943,1263,366,16,43,1,-1,-1,-1
89,46942,809,357,197,83,1,-1,-1,-1
89,46941,659,356,13,10,1,-1,-1,-1
89,46937,680,350,32,35,1,-1,-1,-1
89,46918,16,373,200,66,1,-1,-1,-1
89,46891,476,378,46,83,1,-1,-1,-1
89,46887,544,362,13,12,1,-1,-1,-1
89,46879,718,366,11,34,1,-1,-1,-1
89,46877,1100,370,52,53,1,-1,-1,-1
90,46958,458,359,65,43,1,-1,-1,-1
90,46943,1269,375,10,34,1,-1,-1,-1
90,46942,822,358,201,84,1,-1,-1,-1
90,46941,660,357,13,10,1,-1,-1,-1
90,46937,680,352,32,34,1,-1,-1,-1
90,46918,20,374,201,67,1,-1,-1,-1
90,46891,471,379,49,84,1,-1,-1,-1
90,46887,546,363,13,12,1,-1,-1,-1
90,46879,718,367,11,34,1,-1,-1,-1
90,46877,1104,372,53,52,1,-1,-1,-1
91,46958,454,359,68,45,1,-1,-1,-1
91,46942,837,359,204,85,1,-1,-1,-1
91,46941,660,358,14,10,1,-1,-1,-1
91,46937,681,352,31,35,1,-1,-1,-1
91,46918,24,375,203,68,1,-1,-1,-1
91,46891,469,380,49,85,1,-1,-1,-1
91,46887,549,364,12,12,1,-1,-1,-1
91,46879,719,368,10,34,1,-1,-1,-1
91,46877,1110,373,53,53,1,-1,-1,-1
92,46958,450,360,70,45,1,-1,-1,-1
92,46942,852,359,208,87,1,-1,-1,-1
92,46941,661,359,13,9,1,-1,-1,-1
92,46937,681,353,32,34,1,-1,-1,-1
92,46918,28,376,204,68,1,-1,-1,-1
92,46891,467,381,49,86,1,-1,-1,-1
92,46887,552,364,11,13,1,-1,-1,-1
92,46879,719,368,11,34,1,-1,-1,-1
92,46877,1114,373,54,54,1,-1,-1,-1
93,46958,446,359,72,46,1,-1,-1,-1
93,46942,867,359,213,87,1,-1,-1,-1
93,46941,661,358,14,10,1,-1,-1,-1
93,46937,681,353,32,34,1,-1,-1,-1
93,46918,33,376,206,68,1,-1,-1,-1
93,46891,464,381,50,87,1,-1,-1,-1
93,46887,554,364,11,12,1,-1,-1,-1
93,46879,720,368,10,34,1,-1,-1,-1
93,46877,1119,373,55,54,1,-1,-1,-1
94,46958,441,359,75,46,1,-1,-1,-1
94,46942,883,359,217,88,1,-1,-1,-1
94,46941,661,358,15,9,1,-1,-1,-1
94,46937,682,352,31,34,1,-1,-1,-1
94,46918,39,375,206,69,1,-1,-1,-1
94,46901,881,397,5,14,1,-1,-1,-1
94,46891,461,380,51,88,1,-1,-1,-1
94,46887,556,363,11,13,1,-1,-1,-1
94,46879,720,368,10,33,1,-1,-1,-1
94,46877,1124,373,55,54,1,-1,-1,-1
95,46958,437,359,77,46,1,-1,-1,-1
95,46942,900,358,221,90,1,-1,-1,-1
95,46941,662,358,15,9,1,-1,-1,-1
95,46937,682,352,31,34,1,-1,-1,-1
95,46918,46,375,207,70,1,-1,-1,-1
95,46901,877,379,30,35,1,-1,-1,-1
95,46891,459,380,51,89,1,-1,-1,-1
95,46887,559,363,10,13,1,-1,-1,-1
95,46879,720,367,10,34,1,-1,-1,-1
95,46877,1129,372,55,55,1,-1,-1,-1
96,46958,432,358,80,48,1,-1,-1,-1
96,46942,917,358,225,90,1,-1,-1,-1
96,46941,662,357,16,10,1,-1,-1,-1
96,46937,682,352,31,33,1,-1,-1,-1
96,46918,53,375,207,70,1,-1,-1,-1
96,46901,872,371,49,43,1,-1,-1,-1
96,46891,457,380,50,90,1,-1,-1,-1
96,46887,561,363,9,13,1,-1,-1,-1
96,46879,720,367,10,33,1,-1,-1,-1
96,46877,1139,372,50,56,1,-1,-1,-1
96,46873,910,374,17,57,1,-1,-1,-1
97,46958,426,358,83,48,1,-1,-1,-1
97,46942,935,358,230,91,1,-1,-1,-1
97,46941,663,357,16,10,1,-1,-1,-1
97,46937,682,352,31,33,1,-1,-1,-1
97,46918,60,375,209,71,1,-1,-1,-1
97,46901,868,370,70,45,1,-1,-1,-1
97,46891,454,380,51,91,1,-1,-1,-1
97,46887,563,363,8,13,1,-1,-1,-1
97,46879,720,367,11,33,1,-1,-1,-1
97,46877,1155,372,39,56,1,-1,-1,-1
97,46873,912,373,39,59,1,-1,-1,-1
98,46958,420,358,87,49,1,-1,-1,-1
98,46942,952,358,235,93,1,-1,-1,-1
98,46941,663,357,17,10,1,-1,-1,-1
98,46937,682,352,31,33,1,-1,-1,-1
98,46918,68,375,209,72,1,-1,-1,-1
98,46901,863,371,70,45,1,-1,-1,-1
98,46891,451,381,51,91,1,-1,-1,-1
98,46887,564,363,7,13,1,-1,-1,-1
98,46879,720,367,11,33,1,-1,-1,-1
98,46877,1167,373,32,56,1,-1,-1,-1
98,46873,915,373,46,60,1,-1,-1,-1
99,46958,413,359,90,50,1,-1,-1,-1
99,46942,971,359,241,93,1,-1,-1,-1
99,46941,664,358,18,9,1,-1,-1,-1
99,46937,683,352,31,34,1,-1,-1,-1
99,46918,77,376,208,72,1,-1,-1,-1
99,46901,858,371,71,46,1,-1,-1,-1
99,46891,448,381,52,93,1,-1,-1,-1
99,46887,565,364,7,13,1,-1,-1,-1
99,46879,720,368,11,33,1,-1,-1,-1
99,46873,917,374,51,60,1,-1,-1,-1
100,46958,406,360,94,50,1,-1,-1,-1
100,46942,991,359,246,95,1,-1,-1,-1
100,46941,664,359,19,9,1,-1,-1,-1
100,46937,683,353,30,33,1,-1,-1,-1
100,46918,85,376,209,73,1,-1,-1,-1
100,46901,853,372,72,45,1,-1,-1,-1
100,46891,446,382,52,95,1,-1,-1,-1
100,46887,565,364,7,13,1,-1,-1,-1
100,46879,721,368,10,33,1,-1,-1,-1
100,46873,919,375,52,60,1,-1,-1,-1
101,46958,397,360,99,52,1,-1,-1,-1
101,46942,1011,359,252,97,1,-1,-1,-1
101,46941,665,359,19,9,1,-1,-1,-1
101,46937,683,353,31,33,1,-1,-1,-1
101,46918,93,377,210,73,1,-1,-1,-1
101,46901,849,372,71,45,1,-1,-1,-1
101,46891,444,383,52,96,1,-1,-1,-1
101,46887,566,365,7,13,1,-1,-1,-1
101,46879,721,368,10,33,1,-1,-1,-1
101,46873,922,375,52,62,1,-1,-1,-1
102,46958,388,360,103,53,1,-1,-1,-1
102,46942,1032,359,247,98,1,-1,-1,-1
102,46941,666,359,19,9,1,-1,-1,-1
102,46937,683,353,31,33,1,-1,-1,-1
102,46918,102,377,210,73,1,-1,-1,-1
102,46901,844,372,70,46,1,-1,-1,-1
102,46891,441,383,53,97,1,-1,-1,-1
102,46887,567,364,6,14,1,-1,-1,-1
102,46879,721,368,10,33,1,-1,-1,-1
102,46873,924,375,53,62,1,-1,-1,-1
103,46958,379,359,108,55,1,-1,-1,-1
103,46942,1053,359,226,99,1,-1,-1,-1
103,46941,666,358,20,10,1,-1,-1,-1
103,46937,683,353,31,33,1,-1,-1,-1
103,46918,111,376,210,75,1,-1,-1,-1
103,46901,838,372,71,46,1,-1,-1,-1
103,46891,439,383,53,99,1,-1,-1,-1
103,46887,567,364,7,14,1,-1,-1,-1
103,46879,721,368,10,32,1,-1,-1,-1
103,46873,926,375,53,63,1,-1,-1,-1
104,46958,368,359,113,55,1,-1,-1,-1
104,46942,1075,358,204,100,1,-1,-1,-1
104,46941,667,358,19,9,1,-1,-1,-1
104,46937,683,352,31,33,1,-1,-1,-1
104,46918,121,376,209,75,1,-1,-1,-1
104,46901,833,371,70,46,1,-1,-1,-1
104,46891,436,383,54,100,1,-1,-1,-1
104,46887,568,364,6,13,1,-1,-1,-1
104,46879,721,367,10,33,1,-1,-1,-1
104,46873,928,375,54,63,1,-1,-1,-1
105,46958,357,359,118,56,1,-1,-1,-1
105,46942,1097,358,182,101,1,-1,-1,-1
105,46941,668,358,18,9,1,-1,-1,-1
105,46937,684,352,30,33,1,-1,-1,-1
105,46918,132,376,209,75,1,-1,-1,-1
105,46901,828,371,70,46,1,-1,-1,-1
105,46891,434,383,54,102,1,-1,-1,-1
105,46887,568,363,7,14,1,-1,-1,-1
105,46879,721,367,10,32,1,-1,-1,-1
105,46873,930,375,54,64,1,-1,-1,-1
106,46958,345,359,123,57,1,-1,-1,-1
106,46942,1120,358,159,102,1,-1,-1,-1
106,46941,669,357,17,10,1,-1,-1,-1
106,46937,684,352,30,33,1,-1,-1,-1
106,46918,144,376,208,76,1,-1,-1,-1
106,46901,826,371,69,46,1,-1,-1,-1
106,46891,431,383,55,104,1,-1,-1,-1
106,46887,568,363,7,14,1,-1,-1,-1
106,46879,721,367,10,32,1,-1,-1,-1
106,46873,932,375,54,64,1,-1,-1,-1
107,46958,336,359,127,59,1,-1,-1,-1
107,46942,1147,357,132,105,1,-1,-1,-1
107,46941,671,358,17,9,1,-1,-1,-1
107,46937,685,352,30,33,1,-1,-1,-1
107,46918,160,377,207,76,1,-1,-1,-1
107,46901,826,371,70,47,1,-1,-1,-1
107,46891,430,384,55,105,1,-1,-1,-1
107,46887,570,364,7,14,1,-1,-1,-1
107,46879,723,367,10,32,1,-1,-1,-1
107,46873,936,375,55,65,1,-1,-1,-1
108,46958,328,360,129,59,1,-1,-1,-1
108,46942,1177,357,102,103,1,-1,-1,-1
108,46941,675,358,17,9,1,-1,-1,-1
108,46937,689,353,29,32,1,-1,-1,-1
108,46918,179,378,204,76,1,-1,-1,-1
108,46901,829,371,71,47,1,-1,-1,-1
108,46891,431,385,56,107,1,-1,-1,-1
108,46887,573,364,7,14,1,-1,-1,-1
108,46879,726,367,10,32,1,-1,-1,-1
108,46873,942,375,55,67,1,-1,-1,-1
109,46958,322,360,132,56,1,-1,-1,-1
109,46942,1209,357,70,97,1,-1,-1,-1
109,46941,679,358,16,10,1,-1,-1,-1
109,46937,692,353,30,32,1,-1,-1,-1
109,46918,199,378,201,77,1,-1,-1,-1
109,46901,833,372,70,47,1,-1,-1,-1
109,46891,432,386,56,109,1,-1,-1,-1
109,46887,577,365,7,14,1,-1,-1,-1
109,46879,729,368,10,32,1,-1,-1,-1
109,46873,947,375,57,68,1,-1,-1,-1
110,46958,315,360,134,57,1,-1,-1,-1
110,46942,1242,359,37,94,1,-1,-1,-1
110,46941,683,359,15,9,1,-1,-1,-1
110,46937,695,353,30,32,1,-1,-1,-1
110,46918,219,378,198,77,1,-1,-1,-1
110,46901,835,372,71,48,1,-1,-1,-1
110,46891,432,386,56,111,1,-1,-1,-1
110,46887,580,365,7,14,1,-1,-1,-1
110,46879,732,368,10,32,1,-1,-1,-1
110,46877,1225,374,32,65,1,-1,-1,-1
110,46873,953,376,57,69,1,-1,-1,-1
111,46958,304,360,138,48,1,-1,-1,-1
111,46941,688,358,13,10,1,-1,-1,-1
111,46937,698,353,29,32,1,-1,-1,-1
111,46918,239,378,196,77,1,-1,-1,-1
111,46901,837,372,71,48,1,-1,-1,-1
111,46891,432,387,57,112,1,-1,-1,-1
111,46887,582,365,8,14,1,-1,-1,-1
111,46879,735,368,10,32,1,-1,-1,-1
111,46877,1236,375,43,65,1,-1,-1,-1
111,46873,958,376,58,70,1,-1,-1,-1
112,46958,286,359,147,42,1,-1,-1,-1
112,46941,691,358,12,9,1,-1,-1,-1
112,46937,700,353,30,32,1,-1,-1,-1
112,46918,260,377,185,77,1,-1,-1,-1
112,46901,838,372,72,48,1,-1,-1,-1
112,46891,431,387,58,114,1,-1,-1,-1
112,46887,585,364,7,15,1,-1,-1,-1
112,46879,737,367,10,32,1,-1,-1,-1
112,46877,1246,375,33,66,1,-1,-1,-1
112,46873,963,376,59,71,1,-1,-1,-1
113,46958,270,359,154,55,1,-1,-1,-1
113,46937,702,352,30,32,1,-1,-1,-1
113,46918,281,377,174,77,1,-1,-1,-1
113,46901,839,371,72,49,1,-1,-1,-1
113,46891,431,387,58,116,1,-1,-1,-1
113,46887,587,364,8,15,1,-1,-1,-1
113,46879,740,367,9,32,1,-1,-1,-1
113,46877,1255,376,24,66,1,-1,-1,-1
113,46873,967,376,60,72,1,-1,-1,-1
114,46958,258,358,154,67,1,-1,-1,-1
114,46937,704,352,30,32,1,-1,-1,-1
114,46918,302,376,186,77,1,-1,-1,-1
114,46901,840,371,71,49,1,-1,-1,-1
114,46891,430,387,59,118,1,-1,-1,-1
114,46887,589,364,8,15,1,-1,-1,-1
114,46879,742,367,9,32,1,-1,-1,-1
114,46877,1264,399,15,44,1,-1,-1,-1
114,46873,971,376,61,73,1,-1,-1,-1
115,46958,244,358,155,68,1,-1,-1,-1
115,46937,706,352,30,32,1,-1,-1,-1
115,46918,323,376,183,77,1,-1,-1,-1
115,46901,839,371,71,49,1,-1,-1,-1
115,46891,429,387,59,120,1,-1,-1,-1
115,46887,591,364,8,15,1,-1,-1,-1
115,46879,744,367,9,30,1,-1,-1,-1
115,46877,1274,401,5,41,1,-1,-1,-1
115,46873,975,376,61,74,1,-1,-1,-1
116,46958,229,358,158,69,1,-1,-1,-1
116,46937,708,352,30,32,1,-1,-1,-1
116,46918,340,376,183,77,1,-1,-1,-1
116,46901,839,372,70,49,1,-1,-1,-1
116,46891,427,388,61,122,1,-1,-1,-1
116,46887,593,364,7,15,1,-1,-1,-1
116,46879,745,367,10,32,1,-1,-1,-1
116,46873,978,377,63,75,1,-1,-1,-1
117,46958,215,359,164,70,1,-1,-1,-1
117,46937,712,353,29,31,1,-1,-1,-1
117,46918,360,377,181,76,1,-1,-1,-1
117,46901,840,372,70,49,1,-1,-1,-1
117,46891,428,389,61,125,1,-1,-1,-1
117,46887,596,364,8,16,1,-1,-1,-1
117,46879,749,367,10,32,1,-1,-1,-1
117,46873,984,377,64,76,1,-1,-1,-1
118,46958,203,360,170,70,1,-1,-1,-1
118,46937,716,353,30,32,1,-1,-1,-1
118,46918,381,377,178,76,1,-1,-1,-1
118,46901,843,372,68,49,1,-1,-1,-1
118,46891,429,390,62,127,1,-1,-1,-1
118,46887,601,365,8,16,1,-1,-1,-1
118,46879,754,368,9,31,1,-1,-1,-1
118,46873,992,377,65,78,1,-1,-1,-1
119,46958,191,360,174,71,1,-1,-1,-1
119,46937,721,353,29,32,1,-1,-1,-1
119,46918,401,377,176,74,1,-1,-1,-1
119,46901,844,372,68,50,1,-1,-1,-1
119,46891,430,390,63,131,1,-1,-1,-1
119,46887,605,365,8,16,1,-1,-1,-1
119,46879,758,368,10,31,1,-1,-1,-1
119,46873,999,378,66,79,1,-1,-1,-1
120,46958,178,360,178,71,1,-1,-1,-1
120,46937,725,353,29,31,1,-1,-1,-1
120,46918,420,377,173,69,1,-1,-1,-1
120,46901,845,372,67,50,1,-1,-1,-1
120,46891,431,391,63,132,1,-1,-1,-1
120,46887,609,365,8,16,1,-1,-1,-1
120,46879,762,367,10,32,1,-1,-1,-1
120,46873,1006,378,67,80,1,-1,-1,-1
121,46958,166,359,180,72,1,-1,-1,-1
121,46937,729,353,29,31,1,-1,-1,-1
121,46918,440,376,169,75,1,-1,-1,-1
121,46901,846,371,65,51,1,-1,-1,-1
121,46891,431,391,65,135,1,-1,-1,-1
121,46887,613,365,8,16,1,-1,-1,-1
121,46879,766,367,10,31,1,-1,-1,-1
121,46873,1012,378,69,82,1,-1,-1,-1
122,46958,154,359,182,72,1,-1,-1,-1
122,46937,732,352,30,32,1,-1,-1,-1
122,46918,470,376,154,74,1,-1,-1,-1
122,46901,845,371,64,50,1,-1,-1,-1
122,46891,432,391,64,138,1,-1,-1,-1
122,46887,615,364,9,17,1,-1,-1,-1
122,46879,770,367,9,31,1,-1,-1,-1
122,46873,1018,378,69,84,1,-1,-1,-1
123,46958,142,358,183,73,1,-1,-1,-1
123,46937,735,352,30,31,1,-1,-1,-1
123,46918,479,375,158,74,1,-1,-1,-1
123,46901,845,371,62,50,1,-1,-1,-1
123,46891,430,391,67,140,1,-1,-1,-1
123,46887,618,364,8,16,1,-1,-1,-1
123,46879,773,366,9,32,1,-1,-1,-1
123,46873,1025,378,68,85,1,-1,-1,-1
124,46958,129,359,184,72,1,-1,-1,-1
124,46937,738,352,30,32,1,-1,-1,-1
124,46918,491,375,160,73,1,-1,-1,-1
124,46901,845,371,59,50,1,-1,-1,-1
124,46891,429,392,68,143,1,-1,-1,-1
124,46887,620,364,9,17,1,-1,-1,-1
124,46879,776,367,9,31,1,-1,-1,-1
124,46873,1030,379,69,86,1,-1,-1,-1
125,46958,117,359,184,72,1,-1,-1,-1
125,46937,741,353,29,31,1,-1,-1,-1
125,46918,507,376,156,72,1,-1,-1,-1
125,46901,844,372,59,50,1,-1,-1,-1
125,46891,427,393,69,145,1,-1,-1,-1
125,46887,623,364,8,17,1,-1,-1,-1
125,46879,779,367,9,31,1,-1,-1,-1
125,46873,1035,380,70,88,1,-1,-1,-1
126,46958,104,359,184,73,1,-1,-1,-1
126,46937,744,353,29,31,1,-1,-1,-1
126,46918,523,376,152,71,1,-1,-1,-1
126,46901,846,372,56,50,1,-1,-1,-1
126,46891,425,393,70,148,1,-1,-1,-1
126,46887,625,365,9,16,1,-1,-1,-1
126,46879,781,367,10,31,1,-1,-1,-1
126,46873,1040,381,72,89,1,-1,-1,-1
127,46958,91,360,184,73,1,-1,-1,-1
127,46937,747,353,29,32,1,-1,-1,-1
127,46918,538,376,148,71,1,-1,-1,-1
127,46901,847,373,55,49,1,-1,-1,-1
127,46891,422,394,71,151,1,-1,-1,-1
127,46887,627,365,9,13,1,-1,-1,-1
127,46879,784,368,10,30,1,-1,-1,-1
127,46873,1045,381,73,92,1,-1,-1,-1
128,46958,77,360,184,74,1,-1,-1,-1
128,46937,749,353,30,31,1,-1,-1,-1
128,46918,553,376,143,70,1,-1,-1,-1
128,46901,848,372,53,50,1,-1,-1,-1
128,46891,419,395,72,152,1,-1,-1,-1
128,46887,629,365,9,11,1,-1,-1,-1
128,46879,787,368,9,30,1,-1,-1,-1
128,46873,1049,382,74,93,1,-1,-1,-1
129,46958,67,360,183,74,1,-1,-1,-1
129,46937,753,353,30,31,1,-1,-1,-1
129,46918,569,375,139,70,1,-1,-1,-1
129,46901,853,372,50,50,1,-1,-1,-1
129,46891,418,395,72,154,1,-1,-1,-1
129,46887,633,365,9,10,1,-1,-1,-1
129,46879,791,367,10,30,1,-1,-1,-1
129,46873,1056,381,76,96,1,-1,-1,-1
130,46958,62,360,181,75,1,-1,-1,-1
130,46937,760,352,30,31,1,-1,-1,-1
130,46918,587,375,135,69,1,-1,-1,-1
130,46901,861,371,47,50,1,-1,-1,-1
130,46891,420,395,72,156,1,-1,-1,-1
130,46887,639,365,9,9,1,-1,-1,-1
130,46879,798,366,10,31,1,-1,-1,-1
130,46873,1067,381,78,98,1,-1,-1,-1
131,46958,58,361,180,74,1,-1,-1,-1
131,46937,768,352,30,31,1,-1,-1,-1
131,46918,606,374,130,68,1,-1,-1,-1
131,46901,868,370,46,50,1,-1,-1,-1
131,46891,422,395,73,156,1,-1,-1,-1
131,46887,646,364,9,10,1,-1,-1,-1
131,46879,806,366,10,30,1,-1,-1,-1
131,46873,1079,380,80,101,1,-1,-1,-1
132,46958,54,360,178,75,1,-1,-1,-1
132,46937,775,351,30,32,1,-1,-1,-1
132,46918,624,374,126,67,1,-1,-1,-1
132,46901,875,370,44,50,1,-1,-1,-1
132,46891,424,395,74,157,1,-1,-1,-1
132,46887,653,364,9,12,1,-1,-1,-1
132,46879,814,366,9,30,1,-1,-1,-1
132,46873,1091,381,82,103,1,-1,-1,-1
133,46958,49,361,177,74,1,-1,-1,-1
133,46937,783,352,29,31,1,-1,-1,-1
133,46918,642,374,121,66,1,-1,-1,-1
133,46901,882,370,43,51,1,-1,-1,-1
133,46891,426,396,74,157,1,-1,-1,-1
133,46887,659,364,10,15,1,-1,-1,-1
133,46879,821,366,10,30,1,-1,-1,-1
133,46873,1104,382,84,106,1,-1,-1,-1
134,46958,44,361,176,74,1,-1,-1,-1
134,46937,789,352,31,31,1,-1,-1,-1
134,46918,658,374,116,66,1,-1,-1,-1
134,46901,889,371,42,50,1,-1,-1,-1
134,46891,428,396,74,159,1,-1,-1,-1
134,46887,665,365,10,18,1,-1,-1,-1
134,46879,829,366,9,31,1,-1,-1,-1
134,46873,1120,383,83,109,1,-1,-1,-1
135,46958,39,361,175,74,1,-1,-1,-1
135,46937,796,353,30,31,1,-1,-1,-1
135,46918,674,374,112,66,1,-1,-1,-1
135,46901,896,372,41,50,1,-1,-1,-1
135,46891,429,397,74,160,1,-1,-1,-1
135,46887,671,365,9,19,1,-1,-1,-1
135,46879,836,367,9,30,1,-1,-1,-1
135,46873,1133,384,85,113,1,-1,-1,-1
136,46958,33,361,174,74,1,-1,-1,-1
136,46957,756,360,13,8,1,-1,-1,-1
136,46937,803,353,30,31,1,-1,-1,-1
136,46918,689,375,108,64,1,-1,-1,-1
136,46901,902,372,40,50,1,-1,-1,-1
136,46891,429,397,75,162,1,-1,-1,-1
136,46887,676,366,10,19,1,-1,-1,-1
136,46879,842,367,10,30,1,-1,-1,-1
136,46873,1147,385,87,116,1,-1,-1,-1
137,46958,27,361,173,73,1,-1,-1,-1
137,46957,761,360,13,8,1,-1,-1,-1
137,46937,809,353,30,31,1,-1,-1,-1
137,46918,703,374,104,64,1,-1,-1,-1
137,46901,908,372,40,50,1,-1,-1,-1
137,46891,429,397,75,163,1,-1,-1,-1
137,46887,681,366,10,19,1,-1,-1,-1
137,46879,849,367,10,30,1,-1,-1,-1
137,46873,1160,386,90,120,1,-1,-1,-1
138,46958,20,360,173,74,1,-1,-1,-1
138,46937,814,352,31,32,1,-1,-1,-1
138,46918,716,374,100,63,1,-1,-1,-1
138,46901,914,372,39,50,1,-1,-1,-1
138,46891,428,397,76,164,1,-1,-1,-1
138,46887,686,365,10,20,1,-1,-1,-1
138,46879,855,367,9,30,1,-1,-1,-1
138,46873,1172,387,93,123,1,-1,-1,-1
139,46958,13,360,172,73,1,-1,-1,-1
139,46957,768,359,15,8,1,-1,-1,-1
139,46937,819,352,31,31,1,-1,-1,-1
139,46918,729,373,94,63,1,-1,-1,-1
139,46901,919,371,38,51,1,-1,-1,-1
139,46891,427,397,77,166,1,-1,-1,-1
139,46887,690,365,10,20,1,-1,-1,-1
139,46879,860,366,10,31,1,-1,-1,-1
139,46873,1184,388,95,127,1,-1,-1,-1
140,46958,8,360,171,73,1,-1,-1,-1
140,46957,773,359,15,8,1,-1,-1,-1
140,46937,826,352,31,31,1,-1,-1,-1
140,46918,742,373,90,62,1,-1,-1,-1
140,46901,925,370,38,51,1,-1,-1,-1
140,46891,428,396,76,167,1,-1,-1,-1
140,46887,695,365,11,20,1,-1,-1,-1
140,46879,867,366,10,30,1,-1,-1,-1
140,46873,1198,388,81,131,1,-1,-1,-1
141,46958,6,360,170,73,1,-1,-1,-1
141,46957,779,359,15,7,1,-1,-1,-1
141,46937,834,351,31,32,1,-1,-1,-1
141,46918,756,372,86,62,1,-1,-1,-1
141,46901,933,370,37,51,1,-1,-1,-1
141,46891,429,397,77,168,1,-1,-1,-1
141,46887,702,365,10,20,1,-1,-1,-1
141,46879,875,365,10,31,1,-1,-1,-1
141,46873,1215,388,64,136,1,-1,-1,-1
142,46958,3,360,168,73,1,-1,-1,-1
142,46957,784,359,16,8,1,-1,-1,-1
142,46937,841,351,31,32,1,-1,-1,-1
142,46918,769,372,83,61,1,-1,-1,-1
142,46901,941,371,36,50,1,-1,-1,-1
142,46891,430,397,78,169,1,-1,-1,-1
142,46887,708,365,10,20,1,-1,-1,-1
142,46879,883,366,10,30,1,-1,-1,-1
142,46873,1233,389,46,141,1,-1,-1,-1
143,46958,0,361,167,72,1,-1,-1,-1
143,46957,789,359,17,8,1,-1,-1,-1
143,46937,848,352,32,32,1,-1,-1,-1
143,46918,781,373,80,60,1,-1,-1,-1
143,46901,949,371,36,51,1,-1,-1,-1
143,46891,430,398,79,169,1,-1,-1,-1
143,46887,714,365,11,21,1,-1,-1,-1
143,46879,890,366,10,31,1,-1,-1,-1
143,46873,1253,419,26,118,1,-1,-1,-1
144,46958,0,361,161,72,1,-1,-1,-1
144,46957,795,360,16,7,1,-1,-1,-1
144,46937,855,352,32,32,1,-1,-1,-1
144,46918,793,373,77,60,1,-1,-1,-1
144,46901,958,372,33,50,1,-1,-1,-1
144,46891,431,398,78,171,1,-1,-1,-1
144,46887,720,366,10,21,1,-1,-1,-1
144,46879,898,367,10,30,1,-1,-1,-1
144,46876,0,446,9,39,1,-1,-1,-1
145,46958,0,361,156,72,1,-1,-1,-1
145,46957,799,360,17,8,1,-1,-1,-1
145,46937,862,353,32,31,1,-1,-1,-1
145,46918,805,373,74,59,1,-1,-1,-1
145,46901,965,372,33,50,1,-1,-1,-1
145,46891,429,399,79,170,1,-1,-1,-1
145,46887,725,366,11,22,1,-1,-1,-1
145,46879,905,367,10,30,1,-1,-1,-1
145,46876,0,443,15,45,1,-1,-1,-1
146,46958,0,361,150,71,1,-1,-1,-1
146,46957,803,360,18,8,1,-1,-1,-1
146,46937,868,352,32,32,1,-1,-1,-1
146,46918,816,373,71,59,1,-1,-1,-1
146,46901,972,372,32,50,1,-1,-1,-1
146,46891,427,398,80,171,1,-1,-1,-1
146,46887,730,366,11,22,1,-1,-1,-1
146,46879,912,367,10,30,1,-1,-1,-1
146,46876,0,443,17,45,1,-1,-1,-1
147,46958,0,360,144,71,1,-1,-1,-1
147,46957,807,359,18,8,1,-1,-1,-1
147,46937,874,352,32,32,1,-1,-1,-1
147,46918,825,373,70,58,1,-1,-1,-1
147,46901,978,371,32,51,1,-1,-1,-1
147,46891,425,398,79,170,1,-1,-1,-1
147,46887,735,366,11,22,1,-1,-1,-1
147,46879,918,366,10,31,1,-1,-1,-1
147,46876,0,435,19,54,1,-1,-1,-1
148,46958,0,360,137,70,1,-1,-1,-1
148,46957,810,359,18,8,1,-1,-1,-1
148,46937,879,352,33,32,1,-1,-1,-1
148,46918,834,372,67,58,1,-1,-1,-1
148,46901,983,371,33,51,1,-1,-1,-1
148,46891,422,397,79,170,1,-1,-1,-1
148,46887,738,365,12,23,1,-1,-1,-1
148,46879,923,366,11,31,1,-1,-1,-1
148,46876,0,417,20,74,1,-1,-1,-1
149,46958,0,360,133,70,1,-1,-1,-1
149,46957,814,359,19,7,1,-1,-1,-1
149,46937,886,351,33,32,1,-1,-1,-1
149,46918,844,371,65,58,1,-1,-1,-1
149,46901,991,371,31,50,1,-1,-1,-1
149,46891,420,397,79,168,1,-1,-1,-1
149,46887,744,365,11,23,1,-1,-1,-1
149,46879,930,366,11,30,1,-1,-1,-1
149,46876,0,411,24,81,1,-1,-1,-1
150,46958,0,360,129,70,1,-1,-1,-1
150,46957,819,358,19,8,1,-1,-1,-1
150,46937,893,351,33,32,1,-1,-1,-1
150,46918,855,371,63,57,1,-1,-1,-1
150,46901,998,371,33,50,1,-1,-1,-1
150,46891,418,397,79,166,1,-1,-1,-1
150,46887,750,365,11,23,1,-1,-1,-1
150,46879,938,365,11,31,1,-1,-1,-1
150,46876,0,408,26,85,1,-1,-1,-1
151,46958,0,360,126,70,1,-1,-1,-1
151,46957,824,359,19,8,1,-1,-1,-1
151,46937,900,351,34,32,1,-1,-1,-1
151,46918,865,371,62,56,1,-1,-1,-1
151,46901,1007,371,31,50,1,-1,-1,-1
151,46891,417,397,78,164,1,-1,-1,-1
151,46887,756,365,12,24,1,-1,-1,-1
151,46879,946,366,11,30,1,-1,-1,-1
151,46876,0,406,28,89,1,-1,-1,-1
152,46958,0,361,122,69,1,-1,-1,-1
152,46957,828,359,20,8,1,-1,-1,-1
152,46937,908,352,33,32,1,-1,-1,-1
152,46918,874,372,63,55,1,-1,-1,-1
152,46901,1014,371,33,50,1,-1,-1,-1
152,46891,413,397,78,162,1,-1,-1,-1
152,46887,761,366,12,23,1,-1,-1,-1
152,46879,954,366,10,31,1,-1,-1,-1
152,46876,0,405,28,91,1,-1,-1,-1
153,46958,0,362,118,68,1,-1,-1,-1
153,46957,833,360,20,8,1,-1,-1,-1
153,46937,915,353,34,32,1,-1,-1,-1
153,46918,882,372,64,56,1,-1,-1,-1
153,46901,1023,372,32,50,1,-1,-1,-1
153,46891,410,397,77,160,1,-1,-1,-1
153,46887,767,367,12,24,1,-1,-1,-1
153,46879,962,367,10,30,1,-1,-1,-1
153,46876,0,405,28,94,1,-1,-1,-1
154,46958,0,362,114,69,1,-1,-1,-1
154,46957,837,361,20,8,1,-1,-1,-1
154,46937,922,353,35,33,1,-1,-1,-1
154,46918,891,373,65,55,1,-1,-1,-1
154,46901,1031,373,32,50,1,-1,-1,-1
154,46891,405,398,78,157,1,-1,-1,-1
154,46887,773,368,12,24,1,-1,-1,-1
154,46879,970,368,11,30,1,-1,-1,-1
154,46876,0,408,26,93,1,-1,-1,-1
155,46958,0,363,110,68,1,-1,-1,-1
155,46957,842,362,20,8,1,-1,-1,-1
155,46937,930,354,35,33,1,-1,-1,-1
155,46918,900,374,65,54,1,-1,-1,-1
155,46901,1040,373,32,51,1,-1,-1,-1
155,46891,399,398,79,156,1,-1,-1,-1
155,46887,779,369,12,24,1,-1,-1,-1
155,46879,978,369,11,30,1,-1,-1,-1
155,46876,0,412,23,92,1,-1,-1,-1
156,46958,0,364,105,68,1,-1,-1,-1
156,46957,846,362,21,8,1,-1,-1,-1
156,46937,937,355,35,32,1,-1,-1,-1
156,46918,909,374,66,55,1,-1,-1,-1
156,46901,1049,374,33,51,1,-1,-1,-1
156,46891,393,398,78,155,1,-1,-1,-1
156,46887,784,369,13,25,1,-1,-1,-1
156,46879,986,369,11,31,1,-1,-1,-1
156,46876,0,418,19,89,1,-1,-1,-1
157,46958,0,366,104,67,1,-1,-1,-1
157,46957,853,362,20,9,1,-1,-1,-1
157,46937,947,355,36,31,1,-1,-1,-1
157,46918,921,374,67,55,1,-1,-1,-1
157,46901,1062,374,33,51,1,-1,-1,-1
157,46891,387,399,79,152,1,-1,-1,-1
157,46887,792,370,14,25,1,-1,-1,-1
157,46879,997,369,11,31,1,-1,-1,-1
157,46876,0,420,18,91,1,-1,-1,-1
158,46958,0,367,105,67,1,-1,-1,-1
158,46957,861,363,21,8,1,-1,-1,-1
158,46937,959,355,37,31,1,-1,-1,-1
158,46918,934,374,69,55,1,-1,-1,-1
158,46901,1077,374,34,51,1,-1,-1,-1
158,46891,382,399,80,151,1,-1,-1,-1
158,46887,802,370,14,26,1,-1,-1,-1
158,46879,1011,369,11,31,1,-1,-1,-1
158,46876,0,419,19,95,1,-1,-1,-1
159,46958,0,368,106,66,1,-1,-1,-1
159,46957,869,363,21,8,1,-1,-1,-1
159,46937,972,355,37,27,1,-1,-1,-1
159,46918,948,375,70,54,1,-1,-1,-1
159,46901,1093,374,34,52,1,-1,-1,-1
159,46891,376,400,80,148,1,-1,-1,-1
159,46887,812,370,14,27,1,-1,-1,-1
159,46879,1025,369,11,32,1,-1,-1,-1
159,46876,0,420,18,97,1,-1,-1,-1
160,46958,0,368,106,66,1,-1,-1,-1
160,46957,877,363,21,8,1,-1,-1,-1
160,46937,984,355,38,26,1,-1,-1,-1
160,46918,963,375,71,54,1,-1,-1,-1
160,46901,1109,374,35,53,1,-1,-1,-1
160,46891,370,400,79,146,1,-1,-1,-1
160,46887,821,371,15,27,1,-1,-1,-1
160,46879,1038,370,12,31,1,-1,-1,-1
160,46876,0,424,15,97,1,-1,-1,-1
161,46958,0,367,104,66,1,-1,-1,-1
161,46957,884,363,21,8,1,-1,-1,-1
161,46937,994,355,39,24,1,-1,-1,-1
161,46918,975,375,73,54,1,-1,-1,-1
161,46901,1124,374,35,53,1,-1,-1,-1
161,46891,360,399,81,145,1,-1,-1,-1
161,46887,830,371,14,27,1,-1,-1,-1
161,46879,1051,370,12,31,1,-1,-1,-1
161,46876,0,471,9,51,1,-1,-1,-1
162,46958,0,367,106,65,1,-1,-1,-1
162,46957,893,362,21,8,1,-1,-1,-1
162,46937,1008,353,40,23,1,-1,-1,-1
162,46918,991,373,74,55,1,-1,-1,-1
162,46901,1142,373,37,53,1,-1,-1,-1
162,46891,352,398,81,143,1,-1,-1,-1
162,46887,840,370,16,28,1,-1,-1,-1
162,46879,1066,368,12,32,1,-1,-1,-1
162,46876,0,475,7,49,1,-1,-1,-1
163,46958,0,367,110,65,1,-1,-1,-1
163,46957,903,361,21,8,1,-1,-1,-1
163,46937,1023,352,41,21,1,-1,-1,-1
163,46918,1008,372,76,55,1,-1,-1,-1
163,46901,1162,372,38,54,1,-1,-1,-1
163,46891,346,398,81,140,1,-1,-1,-1
163,46887,852,369,16,29,1,-1,-1,-1
163,46879,1083,367,13,32,1,-1,-1,-1
163,46876,0,478,6,48,1,-1,-1,-1
164,46958,0,366,114,65,1,-1,-1,-1
164,46957,914,360,21,8,1,-1,-1,-1
164,46937,1039,351,42,22,1,-1,-1,-1
164,46925,748,355,42,5,1,-1,-1,-1
164,46918,1026,371,78,56,1,-1,-1,-1
164,46901,1184,371,39,55,1,-1,-1,-1
164,46891,338,397,83,138,1,-1,-1,-1
164,46887,865,368,16,30,1,-1,-1,-1
164,46879,1102,366,12,33,1,-1,-1,-1
164,46876,0,479,6,50,1,-1,-1,-1
165,46958,0,367,118,63,1,-1,-1,-1
165,46957,925,360,21,8,1,-1,-1,-1
165,46937,1055,351,43,25,1,-1,-1,-1
165,46925,761,355,43,5,1,-1,-1,-1
165,46918,1044,371,80,56,1,-1,-1,-1
165,46901,1206,371,41,55,1,-1,-1,-1
165,46891,329,397,84,136,1,-1,-1,-1
165,46887,877,368,17,31,1,-1,-1,-1
165,46879,1120,366,13,33,1,-1,-1,-1
165,46876,0,486,4,43,1,-1,-1,-1
166,46958,3,368,118,63,1,-1,-1,-1
166,46957,937,361,19,8,1,-1,-1,-1
166,46937,1072,351,44,28,1,-1,-1,-1
166,46918,1063,372,83,57,1,-1,-1,-1
166,46901,1230,372,42,56,1,-1,-1,-1
166,46891,319,398,85,135,1,-1,-1,-1
166,46887,890,370,17,30,1,-1,-1,-1
166,46879,1139,367,13,34,1,-1,-1,-1
167,46958,10,370,116,62,1,-1,-1,-1
167,46957,951,361,18,9,1,-1,-1,-1
167,46937,1090,351,46,33,1,-1,-1,-1
167,46918,1085,372,86,57,1,-1,-1,-1
167,46901,1257,372,22,52,1,-1,-1,-1
167,46891,311,399,85,134,1,-1,-1,-1
167,46887,905,370,17,32,1,-1,-1,-1
167,46879,1161,367,14,34,1,-1,-1,-1
168,46958,23,370,112,62,1,-1,-1,-1
168,46957,969,360,15,9,1,-1,-1,-1
168,46937,1113,350,48,33,1,-1,-1,-1
168,46918,1111,371,90,58,1,-1,-1,-1
168,46891,307,399,82,133,1,-1,-1,-1
168,46887,923,369,18,33,1,-1,-1,-1
168,46879,1188,366,14,35,1,-1,-1,-1
169,46958,34,370,109,61,1,-1,-1,-1
169,46957,985,359,13,9,1,-1,-1,-1
169,46937,1136,349,49,34,1,-1,-1,-1
169,46918,1136,370,95,59,1,-1,-1,-1
169,46891,301,398,82,132,1,-1,-1,-1
169,46887,940,369,19,33,1,-1,-1,-1
169,46879,1214,365,15,33,1,-1,-1,-1
170,46958,45,368,105,61,1,-1,-1,-1
170,46937,1159,347,51,37,1,-1,-1,-1
170,46927,0,366,29,23,1,-1,-1,-1
170,46918,1163,369,99,60,1,-1,-1,-1
170,46891,294,397,82,131,1,-1,-1,-1
170,46887,958,368,20,35,1,-1,-1,-1
170,46879,1241,364,17,28,1,-1,-1,-1
171,46958,56,368,102,59,1,-1,-1,-1
171,46937,1182,345,55,40,1,-1,-1,-1
171,46927,0,365,54,25,1,-1,-1,-1
171,46918,1190,367,89,61,1,-1,-1,-1
171,46891,286,396,84,130,1,-1,-1,-1
171,46887,976,366,21,36,1,-1,-1,-1
171,46879,1270,362,9,15,1,-1,-1,-1
172,46958,70,367,100,59,1,-1,-1,-1
172,46937,1210,343,57,40,1,-1,-1,-1
172,46927,17,364,64,25,1,-1,-1,-1
172,46918,1221,366,58,59,1,-1,-1,-1
172,46891,282,395,84,129,1,-1,-1,-1
172,46887,997,365,22,37,1,-1,-1,-1
173,46958,87,365,95,57,1,-1,-1,-1
173,46937,1241,341,38,42,1,-1,-1,-1
173,46927,46,362,63,24,1,-1,-1,-1
173,46925,900,348,67,22,1,-1,-1,-1
173,46918,1256,368,23,56,1,-1,-1,-1
173,46903,0,371,8,7,1,-1,-1,-1
173,46891,281,393,82,128,1,-1,-1,-1
173,46887,1020,364,23,38,1,-1,-1,-1
174,46958,112,362,91,56,1,-1,-1,-1
174,46932,0,358,21,34,1,-1,-1,-1
174,46927,85,359,59,23,1,-1,-1,-1
174,46925,925,346,72,25,1,-1,-1,-1
174,46903,31,369,13,6,1,-1,-1,-1
174,46891,287,390,80,125,1,-1,-1,-1
174,46887,1050,362,25,40,1,-1,-1,-1
174,46876,0,415,16,117,1,-1,-1,-1
175,46958,134,360,87,56,1,-1,-1,-1
175,46932,2,356,49,35,1,-1,-1,-1
175,46927,119,358,56,20,1,-1,-1,-1
175,46925,948,343,77,27,1,-1,-1,-1
175,46903,61,365,12,8,1,-1,-1,-1
175,46891,293,388,77,123,1,-1,-1,-1
175,46887,1079,360,26,41,1,-1,-1,-1
175,46876,0,391,32,185,1,-1,-1,-1
176,46958,145,360,85,54,1,-1,-1,-1
176,46932,21,355,47,35,1,-1,-1,-1
176,46927,140,357,55,20,1,-1,-1,-1
176,46925,966,342,77,28,1,-1,-1,-1
176,46903,78,364,12,8,1,-1,-1,-1
176,46891,291,387,76,120,1,-1,-1,-1
176,46887,1099,359,27,43,1,-1,-1,-1
176,46876,0,389,36,191,1,-1,-1,-1
177,46958,153,360,83,53,1,-1,-1,-1
177,46932,35,355,46,34,1,-1,-1,-1
177,46927,160,356,51,9,1,-1,-1,-1
177,46925,981,342,76,29,1,-1,-1,-1
177,46903,91,364,12,8,1,-1,-1,-1
177,46891,287,387,74,118,1,-1,-1,-1
177,46887,1116,359,29,44,1,-1,-1,-1
177,46876,0,391,35,194,1,-1,-1,-1
178,46958,160,360,81,53,1,-1,-1,-1
178,46936,0,358,16,28,1,-1,-1,-1
178,46932,48,355,44,34,1,-1,-1,-1
178,46925,996,343,83,30,1,-1,-1,-1
178,46903,102,364,11,8,1,-1,-1,-1
178,46891,283,387,72,116,1,-1,-1,-1
178,46887,1133,361,30,45,1,-1,-1,-1
178,46876,0,394,32,184,1,-1,-1,-1
179,46958,169,361,79,52,1,-1,-1,-1
179,46936,0,359,33,29,1,-1,-1,-1
179,46932,63,356,43,34,1,-1,-1,-1
179,46925,1013,343,87,31,1,-1,-1,-1
179,46903,116,365,11,8,1,-1,-1,-1
179,46891,280,388,71,115,1,-1,-1,-1
179,46887,1153,362,32,46,1,-1,-1,-1
179,46876,0,414,32,145,1,-1,-1,-1
180,46958,180,362,77,52,1,-1,-1,-1
180,46936,9,361,41,28,1,-1,-1,-1
180,46932,80,358,41,32,1,-1,-1,-1
180,46925,1032,344,90,31,1,-1,-1,-1
180,46903,131,366,11,8,1,-1,-1,-1
180,46891,280,389,69,113,1,-1,-1,-1
180,46887,1176,363,34,48,1,-1,-1,-1
180,46876,0,416,32,134,1,-1,-1,-1
181,46958,191,363,74,51,1,-1,-1,-1
181,46936,27,361,40,28,1,-1,-1,-1
181,46932,95,358,41,33,1,-1,-1,-1
181,46925,1052,345,93,32,1,-1,-1,-1
181,46903,146,367,11,8,1,-1,-1,-1
181,46891,279,389,67,112,1,-1,-1,-1
181,46887,1201,365,35,50,1,-1,-1,-1
181,46876,0,421,31,134,1,-1,-1,-1
182,46958,200,364,73,50,1,-1,-1,-1
182,46936,43,362,39,27,1,-1,-1,-1
182,46932,110,359,39,32,1,-1,-1,-1
182,46925,1072,347,96,32,1,-1,-1,-1
182,46903,159,368,10,7,1,-1,-1,-1
182,46891,278,390,65,110,1,-1,-1,-1
182,46887,1226,366,37,53,1,-1,-1,-1
182,46876,0,424,26,137,1,-1,-1,-1
183,46958,208,365,71,49,1,-1,-1,-1
183,46936,58,363,38,26,1,-1,-1,-1
183,46932,123,360,39,31,1,-1,-1,-1
183,46925,1092,348,100,33,1,-1,-1,-1
183,46903,171,368,11,8,1,-1,-1,-1
183,46891,275,390,64,110,1,-1,-1,-1
183,46887,1251,368,28,55,1,-1,-1,-1
183,46876,0,428,18,111,1,-1,-1,-1
184,46958,219,365,69,49,1,-1,-1,-1
184,46936,75,363,37,27,1,-1,-1,-1
184,46932,138,361,38,31,1,-1,-1,-1
184,46925,1114,347,104,34,1,-1,-1,-1
184,46903,186,369,9,7,1,-1,-1,-1
184,46891,275,391,61,108,1,-1,-1,-1
184,46876,0,436,12,40,1,-1,-1,-1
185,46958,233,365,67,49,1,-1,-1,-1
185,46936,97,364,35,26,1,-1,-1,-1
185,46932,157,361,37,31,1,-1,-1,-1
185,46925,1142,346,110,35,1,-1,-1,-1
185,46924,0,367,15,10,1,-1,-1,-1
185,46904,0,376,22,19,1,-1,-1,-1
185,46903,203,369,10,7,1,-1,-1,-1
185,46891,279,391,60,106,1,-1,-1,-1
185,46876,0,442,10,37,1,-1,-1,-1
186,46958,248,365,64,48,1,-1,-1,-1
186,46936,119,364,35,25,1,-1,-1,-1
186,46932,177,361,36,30,1,-1,-1,-1
186,46925,1173,344,106,37,1,-1,-1,-1
186,46924,0,367,38,13,1,-1,-1,-1
186,46904,10,376,37,20,1,-1,-1,-1
186,46903,224,369,8,7,1,-1,-1,-1
186,46891,285,390,58,105,1,-1,-1,-1
186,46876,0,445,9,37,1,-1,-1,-1
187,46958,263,365,63,47,1,-1,-1,-1
187,46936,141,363,33,25,1,-1,-1,-1
187,46932,196,360,35,30,1,-1,-1,-1
187,46925,1205,343,73,35,1,-1,-1,-1
187,46924,8,366,51,15,1,-1,-1,-1
187,46904,34,375,36,20,1,-1,-1,-1
187,46903,241,368,8,7,1,-1,-1,-1
187,46900,0,379,11,12,1,-1,-1,-1
187,46891,291,390,56,103,1,-1,-1,-1
187,46876,0,454,7,29,1,-1,-1,-1
188,46958,279,365,61,46,1,-1,-1,-1
188,46936,162,363,32,25,1,-1,-1,-1
188,46932,216,361,33,29,1,-1,-1,-1
188,46925,1240,342,39,7,1,-1,-1,-1
188,46924,33,366,49,15,1,-1,-1,-1
188,46904,59,376,34,19,1,-1,-1,-1
188,46903,262,368,6,7,1,-1,-1,-1
188,46900,10,375,30,16,1,-1,-1,-1
188,46891,299,389,53,102,1,-1,-1,-1
188,46876,0,461,6,25,1,-1,-1,-1
189,46958,296,366,60,46,1,-1,-1,-1
189,46936,186,365,31,24,1,-1,-1,-1
189,46932,238,362,32,29,1,-1,-1,-1
189,46926,21,373,12,10,1,-1,-1,-1
189,46924,59,368,47,14,1,-1,-1,-1
189,46904,85,377,33,19,1,-1,-1,-1
189,46903,283,370,4,7,1,-1,-1,-1
189,46900,41,377,28,15,1,-1,-1,-1
189,46891,307,391,53,99,1,-1,-1,-1
190,46958,313,367,58,45,1,-1,-1,-1
190,46936,208,366,30,24,1,-1,-1,-1
190,46932,258,363,31,29,1,-1,-1,-1
190,46926,50,373,14,10,1,-1,-1,-1
190,46924,84,369,45,14,1,-1,-1,-1
190,46904,109,378,32,19,1,-1,-1,-1
190,46903,303,371,4,6,1,-1,-1,-1
190,46900,71,378,26,15,1,-1,-1,-1
190,46891,317,391,50,99,1,-1,-1,-1
191,46958,328,368,56,43,1,-1,-1,-1
191,46936,228,366,29,24,1,-1,-1,-1
191,46932,277,364,30,28,1,-1,-1,-1
191,46926,76,373,15,11,1,-1,-1,-1
191,46924,105,370,44,13,1,-1,-1,-1
191,46904,131,378,31,19,1,-1,-1,-1
191,46903,316,374,8,4,1,-1,-1,-1
191,46900,97,378,25,15,1,-1,-1,-1
191,46891,325,392,48,97,1,-1,-1,-1
192,46958,344,369,55,42,1,-1,-1,-1
192,46936,249,367,28,24,1,-1,-1,-1
192,46932,296,365,30,28,1,-1,-1,-1
192,46926,103,372,16,13,1,-1,-1,-1
192,46924,128,371,43,13,1,-1,-1,-1
192,46904,153,379,32,19,1,-1,-1,-1
192,46903,334,376,8,3,1,-1,-1,-1
192,46900,124,379,24,14,1,-1,-1,-1
192,46897,0,386,30,11,1,-1,-1,-1
192,46891,335,392,46,96,1,-1,-1,-1
193,46958,361,369,54,42,1,-1,-1,-1
193,46936,271,367,27,24,1,-1,-1,-1
193,46932,316,365,29,28,1,-1,-1,-1
193,46926,130,372,17,13,1,-1,-1,-1
193,46924,152,371,41,13,1,-1,-1,-1
193,46904,176,380,32,18,1,-1,-1,-1
193,46900,151,379,24,14,1,-1,-1,-1
193,46897,28,385,34,12,1,-1,-1,-1
193,46891,345,392,45,95,1,-1,-1,-1
194,46958,380,369,52,41,1,-1,-1,-1
194,46936,294,367,26,23,1,-1,-1,-1
194,46932,338,365,28,27,1,-1,-1,-1
194,46926,159,372,18,12,1,-1,-1,-1
194,46924,179,371,39,13,1,-1,-1,-1
194,46904,201,380,31,18,1,-1,-1,-1
194,46900,181,379,21,14,1,-1,-1,-1
194,46897,64,381,32,16,1,-1,-1,-1
194,46891,359,392,43,94,1,-1,-1,-1
195,46958,403,368,50,43,1,-1,-1,-1
195,46936,321,367,25,23,1,-1,-1,-1
195,46932,363,364,27,28,1,-1,-1,-1
195,46926,191,372,18,12,1,-1,-1,-1
195,46924,209,371,36,13,1,-1,-1,-1
195,46904,230,380,30,18,1,-1,-1,-1
195,46900,213,379,18,14,1,-1,-1,-1
195,46897,105,381,28,16,1,-1,-1,-1
195,46891,377,392,41,92,1,-1,-1,-1
196,46958,426,368,49,42,1,-1,-1,-1
196,46936,348,367,25,22,1,-1,-1,-1
196,46932,389,364,26,27,1,-1,-1,-1
196,46926,227,372,16,11,1,-1,-1,-1
196,46924,240,371,33,12,1,-1,-1,-1
196,46904,259,379,29,18,1,-1,-1,-1
196,46900,246,378,17,13,1,-1,-1,-1
196,46897,141,381,29,14,1,-1,-1,-1
196,46891,396,391,39,91,1,-1,-1,-1
197,46958,448,367,48,42,1,-1,-1,-1
197,46936,373,366,24,22,1,-1,-1,-1
197,46932,413,363,25,27,1,-1,-1,-1
197,46926,256,371,17,10,1,-1,-1,-1
197,46924,269,370,29,12,1,-1,-1,-1
197,46904,285,378,29,18,1,-1,-1,-1
197,46903,445,372,5,4,1,-1,-1,-1
197,46900,275,377,14,13,1,-1,-1,-1
197,46897,179,380,24,14,1,-1,-1,-1
197,46891,413,390,39,90,1,-1,-1,-1
198,46958,467,366,47,41,1,-1,-1,-1
198,46936,395,365,24,22,1,-1,-1,-1
198,46932,434,362,25,27,1,-1,-1,-1
198,46926,281,370,19,11,1,-1,-1,-1
198,46924,290,369,31,12,1,-1,-1,-1
198,46904,308,377,29,18,1,-1,-1,-1
198,46900,302,376,11,13,1,-1,-1,-1
198,46897,206,378,26,15,1,-1,-1,-1
198,46891,430,389,38,89,1,-1,-1,-1
199,46958,484,365,47,41,1,-1,-1,-1
199,46953,443,367,12,9,1,-1,-1,-1
199,46936,415,364,23,22,1,-1,-1,-1
199,46932,453,361,25,26,1,-1,-1,-1
199,46926,303,368,20,11,1,-1,-1,-1
199,46924,310,368,30,12,1,-1,-1,-1
199,46904,328,376,29,18,1,-1,-1,-1
199,46903,483,368,4,6,1,-1,-1,-1
199,46900,325,375,11,13,1,-1,-1,-1
199,46897,232,377,25,14,1,-1,-1,-1
199,46891,444,388,38,88,1,-1,-1,-1
200,46958,499,364,46,41,1,-1,-1,-1
200,46953,458,366,13,9,1,-1,-1,-1
200,46936,432,363,22,21,1,-1,-1,-1
200,46932,469,360,24,26,1,-1,-1,-1
200,46926,322,367,21,11,1,-1,-1,-1
200,46924,326,367,30,11,1,-1,-1,-1
200,46904,345,375,28,18,1,-1,-1,-1
200,46900,344,373,11,11,1,-1,-1,-1
200,46897,254,375,25,14,1,-1,-1,-1
200,46891,455,387,38,88,1,-1,-1,-1
201,46958,512,363,45,41,1,-1,-1,-1
201,46953,470,365,15,9,1,-1,-1,-1
201,46936,446,362,22,21,1,-1,-1,-1
201,46932,483,359,24,26,1,-1,-1,-1
201,46926,338,366,22,10,1,-1,-1,-1
201,46924,340,365,30,12,1,-1,-1,-1
201,46904,359,373,28,18,1,-1,-1,-1
201,46903,511,366,4,6,1,-1,-1,-1
201,46900,361,372,10,5,1,-1,-1,-1
201,46897,272,373,25,14,1,-1,-1,-1
201,46891,466,385,36,88,1,-1,-1,-1
202,46958,525,362,45,41,1,-1,-1,-1
202,46953,484,364,15,9,1,-1,-1,-1
202,46936,461,361,22,21,1,-1,-1,-1
202,46932,497,358,24,26,1,-1,-1,-1
202,46926,354,365,24,11,1,-1,-1,-1
202,46924,357,364,27,12,1,-1,-1,-1
202,46904,374,372,28,19,1,-1,-1,-1
202,46903,524,365,5,6,1,-1,-1,-1
202,46897,292,373,24,13,1,-1,-1,-1
202,46891,477,384,36,87,1,-1,-1,-1
203,46958,541,361,45,41,1,-1,-1,-1
203,46953,501,363,16,9,1,-1,-1,-1
203,46936,479,360,22,21,1,-1,-1,-1
203,46932,515,357,23,26,1,-1,-1,-1
203,46926,373,364,25,11,1,-1,-1,-1
203,46924,388,364,13,8,1,-1,-1,-1
203,46904,391,372,29,18,1,-1,-1,-1
203,46903,541,364,4,6,1,-1,-1,-1
203,46897,314,372,24,14,1,-1,-1,-1
203,46891,492,384,36,86,1,-1,-1,-1
204,46958,559,361,43,40,1,-1,-1,-1
204,46953,519,362,16,9,1,-1,-1,-1
204,46936,497,359,22,21,1,-1,-1,-1
204,46932,533,356,23,26,1,-1,-1,-1
204,46926,393,363,26,11,1,-1,-1,-1
204,46904,410,371,28,19,1,-1,-1,-1
204,46903,557,364,5,6,1,-1,-1,-1
204,46897,337,371,21,14,1,-1,-1,-1
204,46891,507,383,36,85,1,-1,-1,-1
205,46958,575,360,43,40,1,-1,-1,-1
205,46953,536,362,15,9,1,-1,-1,-1
205,46936,514,359,22,21,1,-1,-1,-1
205,46932,550,356,23,26,1,-1,-1,-1
205,46926,412,363,27,11,1,-1,-1,-1
205,46904,426,370,29,19,1,-1,-1,-1
205,46903,574,363,4,6,1,-1,-1,-1
205,46900,447,369,9,10,1,-1,-1,-1
205,46897,358,370,23,14,1,-1,-1,-1
205,46891,523,382,35,85,1,-1,-1,-1
206,46958,589,360,44,40,1,-1,-1,-1
206,46953,551,361,14,9,1,-1,-1,-1
206,46936,530,358,21,21,1,-1,-1,-1
206,46932,565,356,23,25,1,-1,-1,-1
206,46926,428,362,28,11,1,-1,-1,-1
206,46904,441,370,29,19,1,-1,-1,-1
206,46903,589,363,4,5,1,-1,-1,-1
206,46900,463,368,10,12,1,-1,-1,-1
206,46897,378,370,21,13,1,-1,-1,-1
206,46891,536,382,35,84,1,-1,-1,-1
207,46958,602,360,43,40,1,-1,-1,-1
207,46953,565,361,12,9,1,-1,-1,-1
207,46936,543,358,21,21,1,-1,-1,-1
207,46932,578,355,23,26,1,-1,-1,-1
207,46926,442,362,30,11,1,-1,-1,-1
207,46904,454,370,29,19,1,-1,-1,-1
207,46900,478,368,10,12,1,-1,-1,-1
207,46897,394,369,22,13,1,-1,-1,-1
207,46891,548,382,34,83,1,-1,-1,-1
208,46958,613,360,43,40,1,-1,-1,-1
208,46936,555,358,21,21,1,-1,-1,-1
208,46932,590,356,23,25,1,-1,-1,-1
208,46926,454,362,31,11,1,-1,-1,-1
208,46904,464,370,30,19,1,-1,-1,-1
208,46900,490,368,11,12,1,-1,-1,-1
208,46897,408,369,22,13,1,-1,-1,-1
208,46891,558,382,34,83,1,-1,-1,-1
209,46958,623,360,43,40,1,-1,-1,-1
209,46936,565,359,21,20,1,-1,-1,-1
209,46932,599,356,24,26,1,-1,-1,-1
209,46926,465,362,32,11,1,-1,-1,-1
209,46904,473,370,30,19,1,-1,-1,-1
209,46900,500,368,12,12,1,-1,-1,-1
209,46897,420,369,22,13,1,-1,-1,-1
209,46891,567,382,34,83,1,-1,-1,-1
210,46958,631,361,43,40,1,-1,-1,-1
210,46936,573,359,21,21,1,-1,-1,-1
210,46932,608,357,23,25,1,-1,-1,-1
210,46926,476,362,31,11,1,-1,-1,-1
210,46904,480,370,30,20,1,-1,-1,-1
210,46900,507,369,15,12,1,-1,-1,-1
210,46897,430,372,22,10,1,-1,-1,-1
210,46891,574,382,35,84,1,-1,-1,-1
211,46958,639,361,43,40,1,-1,-1,-1
211,46936,582,359,21,21,1,-1,-1,-1
211,46932,616,357,24,26,1,-1,-1,-1
211,46930,335,373,9,12,1,-1,-1,-1
211,46926,486,362,31,11,1,-1,-1,-1
211,46904,487,371,31,20,1,-1,-1,-1
211,46900,516,369,16,12,1,-1,-1,-1
211,46897,440,372,21,11,1,-1,-1,-1
211,46891,582,383,34,83,1,-1,-1,-1
212,46958,647,362,43,39,1,-1,-1,-1
212,46936,590,359,21,21,1,-1,-1,-1
212,46932,624,357,24,26,1,-1,-1,-1
212,46930,343,370,12,14,1,-1,-1,-1
212,46926,495,362,31,11,1,-1,-1,-1
212,46904,494,371,30,20,1,-1,-1,-1
212,46900,524,369,17,12,1,-1,-1,-1
212,46897,449,369,21,14,1,-1,-1,-1
212,46891,589,383,34,83,1,-1,-1,-1
213,46958,654,361,42,40,1,-1,-1,-1
213,46936,596,359,22,21,1,-1,-1,-1
213,46932,631,357,24,26,1,-1,-1,-1
213,46930,349,366,15,18,1,-1,-1,-1
213,46926,503,362,31,10,1,-1,-1,-1
213,46904,499,371,31,20,1,-1,-1,-1
213,46900,531,368,17,13,1,-1,-1,-1
213,46897,457,369,21,13,1,-1,-1,-1
213,46891,595,382,34,84,1,-1,-1,-1
214,46958,659,361,43,39,1,-1,-1,-1
214,46936,602,358,21,21,1,-1,-1,-1
214,46932,637,356,23,26,1,-1,-1,-1
214,46930,354,362,18,21,1,-1,-1,-1
214,46926,511,361,31,11,1,-1,-1,-1
214,46904,503,370,32,21,1,-1,-1,-1
214,46900,538,368,17,12,1,-1,-1,-1
214,46897,463,368,22,14,1,-1,-1,-1
214,46891,600,382,34,83,1,-1,-1,-1
215,46958,664,360,43,40,1,-1,-1,-1
215,46936,607,358,21,20,1,-1,-1,-1
215,46932,641,355,24,26,1,-1,-1,-1
215,46930,358,360,21,22,1,-1,-1,-1
215,46926,517,360,31,11,1,-1,-1,-1
215,46904,505,369,33,21,1,-1,-1,-1
215,46900,544,367,17,12,1,-1,-1,-1
215,46897,473,367,18,14,1,-1,-1,-1
215,46891,605,381,33,83,1,-1,-1,-1
216,46958,667,359,43,40,1,-1,-1,-1
216,46936,610,357,22,21,1,-1,-1,-1
216,46932,645,355,24,26,1,-1,-1,-1
216,46930,360,358,24,22,1,-1,-1,-1
216,46926,522,359,31,11,1,-1,-1,-1
216,46904,507,368,33,22,1,-1,-1,-1
216,46900,548,366,17,12,1,-1,-1,-1
216,46897,476,366,19,14,1,-1,-1,-1
216,46891,608,380,34,83,1,-1,-1,-1
217,46958,670,358,43,40,1,-1,-1,-1
217,46936,613,356,21,21,1,-1,-1,-1
217,46932,648,354,24,26,1,-1,-1,-1
217,46930,362,357,27,22,1,-1,-1,-1
217,46926,527,358,31,11,1,-1,-1,-1
217,46904,508,367,34,22,1,-1,-1,-1
217,46900,552,365,17,12,1,-1,-1,-1
217,46897,478,365,21,14,1,-1,-1,-1
217,46891,610,379,34,83,1,-1,-1,-1
218,46958,672,358,43,40,1,-1,-1,-1
218,46936,615,355,22,21,1,-1,-1,-1
218,46932,650,353,24,26,1,-1,-1,-1
218,46930,362,356,31,23,1,-1,-1,-1
218,46926,531,357,31,12,1,-1,-1,-1
218,46904,508,367,35,22,1,-1,-1,-1
218,46900,554,364,17,13,1,-1,-1,-1
218,46897,480,364,22,14,1,-1,-1,-1
218,46891,612,379,34,83,1,-1,-1,-1
219,46958,674,358,43,40,1,-1,-1,-1
219,46936,617,355,22,21,1,-1,-1,-1
219,46932,652,353,24,26,1,-1,-1,-1
219,46930,363,356,33,22,1,-1,-1,-1
219,46926,534,357,31,11,1,-1,-1,-1
219,46904,508,366,35,23,1,-1,-1,-1
219,46900,555,364,17,13,1,-1,-1,-1
219,46897,483,364,22,14,1,-1,-1,-1
219,46891,614,378,34,83,1,-1,-1,-1
220,46958,675,357,43,40,1,-1,-1,-1
220,46936,619,355,21,21,1,-1,-1,-1
220,46932,654,353,23,26,1,-1,-1,-1
220,46930,362,355,37,23,1,-1,-1,-1
220,46926,538,357,31,11,1,-1,-1,-1
220,46904,507,367,36,22,1,-1,-1,-1
220,46900,556,364,18,12,1,-1,-1,-1
220,46897,485,363,22,15,1,-1,-1,-1
220,46891,615,378,34,83,1,-1,-1,-1
221,46958,677,358,43,39,1,-1,-1,-1
221,46936,620,355,21,21,1,-1,-1,-1
221,46932,655,353,24,26,1,-1,-1,-1
221,46930,362,355,39,23,1,-1,-1,-1
221,46926,541,357,31,11,1,-1,-1,-1
221,46904,505,367,37,23,1,-1,-1,-1
221,46900,557,364,17,13,1,-1,-1,-1
221,46897,487,363,22,15,1,-1,-1,-1
221,46891,616,378,34,83,1,-1,-1,-1
222,46958,677,358,43,40,1,-1,-1,-1
222,46953,606,359,14,9,1,-1,-1,-1
222,46936,620,355,22,21,1,-1,-1,-1
222,46932,656,353,23,26,1,-1,-1,-1
222,46930,361,355,43,23,1,-1,-1,-1
222,46926,542,357,32,11,1,-1,-1,-1
222,46904,504,367,38,24,1,-1,-1,-1
222,46903,652,361,5,6,1,-1,-1,-1
222,46900,558,364,17,13,1,-1,-1,-1
222,46897,489,364,20,14,1,-1,-1,-1
222,46891,617,378,33,83,1,-1,-1,-1
223,46958,678,358,43,40,1,-1,-1,-1
223,46953,605,359,16,9,1,-1,-1,-1
223,46936,621,355,22,22,1,-1,-1,-1
223,46932,656,353,24,27,1,-1,-1,-1
223,46930,360,355,46,23,1,-1,-1,-1
223,46926,545,357,32,12,1,-1,-1,-1
223,46904,502,367,39,25,1,-1,-1,-1
223,46903,650,361,8,7,1,-1,-1,-1
223,46900,558,364,17,13,1,-1,-1,-1
223,46897,490,364,17,14,1,-1,-1,-1
223,46891,617,378,34,83,1,-1,-1,-1
224,46958,679,359,43,40,1,-1,-1,-1
224,46953,604,359,18,9,1,-1,-1,-1
224,46936,622,356,22,21,1,-1,-1,-1
224,46932,657,354,24,26,1,-1,-1,-1
224,46930,359,355,49,24,1,-1,-1,-1
224,46926,549,358,31,11,1,-1,-1,-1
224,46904,500,368,40,25,1,-1,-1,-1
224,46903,650,362,7,6,1,-1,-1,-1
224,46900,558,365,18,13,1,-1,-1,-1
224,46897,492,364,16,15,1,-1,-1,-1
224,46891,618,379,34,82,1,-1,-1,-1
225,46958,680,359,43,40,1,-1,-1,-1
225,46953,603,360,20,9,1,-1,-1,-1
225,46936,623,356,22,21,1,-1,-1,-1
225,46932,658,354,24,27,1,-1,-1,-1
225,46930,358,355,52,24,1,-1,-1,-1
225,46926,550,358,33,11,1,-1,-1,-1
225,46904,498,368,41,26,1,-1,-1,-1
225,46903,649,362,7,6,1,-1,-1,-1
225,46900,559,365,17,13,1,-1,-1,-1
225,46897,494,365,14,14,1,-1,-1,-1
225,46891,619,379,33,82,1,-1,-1,-1
226,46958,681,359,43,40,1,-1,-1,-1
226,46953,602,360,21,9,1,-1,-1,-1
226,46936,624,356,22,22,1,-1,-1,-1
226,46932,659,354,24,27,1,-1,-1,-1
226,46930,358,355,54,24,1,-1,-1,-1
226,46926,553,358,33,12,1,-1,-1,-1
226,46904,496,369,42,25,1,-1,-1,-1
226,46903,648,363,7,5,1,-1,-1,-1
226,46900,559,365,18,13,1,-1,-1,-1
226,46897,496,365,13,14,1,-1,-1,-1
226,46891,620,379,33,82,1,-1,-1,-1
227,46958,682,359,43,40,1,-1,-1,-1
227,46953,600,360,22,9,1,-1,-1,-1
227,46936,624,356,22,22,1,-1,-1,-1
227,46932,660,354,24,27,1,-1,-1,-1
227,46930,357,355,57,24,1,-1,-1,-1
227,46926,555,358,33,12,1,-1,-1,-1
227,46904,494,368,43,27,1,-1,-1,-1
227,46903,647,362,7,7,1,-1,-1,-1
227,46900,559,365,18,14,1,-1,-1,-1
227,46897,498,365,13,12,1,-1,-1,-1
227,46891,620,379,34,82,1,-1,-1,-1
228,46958,682,359,44,40,1,-1,-1,-1
228,46953,599,360,21,9,1,-1,-1,-1
228,46936,625,356,22,22,1,-1,-1,-1
228,46932,660,354,24,27,1,-1,-1,-1
228,46930,355,355,61,24,1,-1,-1,-1
228,46926,558,358,33,12,1,-1,-1,-1
228,46904,491,368,44,28,1,-1,-1,-1
228,46903,647,362,6,6,1,-1,-1,-1
228,46900,559,365,19,13,1,-1,-1,-1
228,46897,507,365,5,4,1,-1,-1,-1
228,46891,621,379,33,82,1,-1,-1,-1
229,46958,683,359,43,40,1,-1,-1,-1
229,46953,597,360,22,9,1,-1,-1,-1
229,46936,625,356,22,22,1,-1,-1,-1
229,46932,661,354,24,27,1,-1,-1,-1
229,46930,355,355,63,24,1,-1,-1,-1
229,46926,562,358,31,12,1,-1,-1,-1
229,46904,488,368,46,28,1,-1,-1,-1
229,46903,647,362,4,6,1,-1,-1,-1
229,46900,560,365,18,13,1,-1,-1,-1
229,46897,507,364,6,4,1,-1,-1,-1
229,46891,621,379,34,82,1,-1,-1,-1
230,46958,683,359,44,40,1,-1,-1,-1
230,46953,596,360,21,9,1,-1,-1,-1
230,46936,626,356,22,21,1,-1,-1,-1
230,46932,661,354,24,27,1,-1,-1,-1
230,46930,356,355,63,24,1,-1,-1,-1
230,46926,564,357,31,12,1,-1,-1,-1
230,46904,485,369,47,28,1,-1,-1,-1
230,46900,560,365,18,13,1,-1,-1,-1
230,46897,507,364,6,4,1,-1,-1,-1
230,46891,621,379,34,82,1,-1,-1,-1
231,46958,683,359,44,40,1,-1,-1,-1
231,46953,595,359,20,10,1,-1,-1,-1
231,46936,626,356,22,21,1,-1,-1,-1
231,46932,662,354,24,26,1,-1,-1,-1
231,46930,357,354,64,25,1,-1,-1,-1
231,46926,566,357,32,12,1,-1,-1,-1
231,46904,482,368,48,30,1,-1,-1,-1
231,46900,560,365,18,13,1,-1,-1,-1
231,46897,507,364,6,4,1,-1,-1,-1
231,46891,622,379,33,81,1,-1,-1,-1
232,46958,684,359,43,40,1,-1,-1,-1
232,46953,595,359,18,9,1,-1,-1,-1
232,46936,626,356,22,21,1,-1,-1,-1
232,46932,662,354,24,26,1,-1,-1,-1
232,46930,358,354,64,25,1,-1,-1,-1
232,46926,568,357,32,12,1,-1,-1,-1
232,46904,478,369,50,30,1,-1,-1,-1
232,46900,560,365,19,13,1,-1,-1,-1
232,46897,506,364,9,5,1,-1,-1,-1
232,46891,622,379,33,81,1,-1,-1,-1
233,46958,684,359,44,40,1,-1,-1,-1
233,46953,595,359,17,10,1,-1,-1,-1
233,46936,626,356,23,21,1,-1,-1,-1
233,46932,662,354,24,26,1,-1,-1,-1
233,46930,359,354,64,25,1,-1,-1,-1
233,46926,570,357,32,12,1,-1,-1,-1
233,46904,474,369,51,31,1,-1,-1,-1
233,46900,560,365,19,13,1,-1,-1,-1
233,46897,506,364,15,10,1,-1,-1,-1
233,46891,622,379,33,81,1,-1,-1,-1
234,46958,684,359,44,40,1,-1,-1,-1
234,46953,593,359,17,10,1,-1,-1,-1
234,46936,626,356,23,22,1,-1,-1,-1
234,46932,662,354,24,27,1,-1,-1,-1
234,46930,360,354,64,25,1,-1,-1,-1
234,46926,572,357,32,12,1,-1,-1,-1
234,46904,470,369,53,32,1,-1,-1,-1
234,46900,561,365,19,14,1,-1,-1,-1
234,46897,506,364,15,12,1,-1,-1,-1
234,46891,622,379,33,81,1,-1,-1,-1
235,46958,684,359,44,41,1,-1,-1,-1
235,46953,590,360,18,9,1,-1,-1,-1
235,46936,626,356,23,22,1,-1,-1,-1
235,46932,662,354,25,27,1,-1,-1,-1
235,46930,360,354,63,25,1,-1,-1,-1
235,46926,573,357,33,13,1,-1,-1,-1
235,46904,465,369,55,33,1,-1,-1,-1
235,46900,562,365,19,14,1,-1,-1,-1
235,46897,506,364,15,15,1,-1,-1,-1
235,46891,622,379,33,81,1,-1,-1,-1
236,46958,685,359,43,41,1,-1,-1,-1
236,46953,588,360,17,9,1,-1,-1,-1
236,46936,627,356,22,22,1,-1,-1,-1
236,46932,662,354,25,27,1,-1,-1,-1
236,46930,361,354,60,26,1,-1,-1,-1
236,46926,575,358,33,12,1,-1,-1,-1
236,46904,461,370,56,34,1,-1,-1,-1
236,46900,563,365,19,14,1,-1,-1,-1
236,46897,505,365,16,15,1,-1,-1,-1
236,46891,622,379,34,81,1,-1,-1,-1
237,46958,685,359,44,41,1,-1,-1,-1
237,46953,589,360,13,9,1,-1,-1,-1
237,46936,627,356,22,22,1,-1,-1,-1
237,46932,663,355,24,26,1,-1,-1,-1
237,46930,362,355,58,25,1,-1,-1,-1
237,46926,578,358,33,12,1,-1,-1,-1
237,46904,456,370,58,35,1,-1,-1,-1
237,46900,564,365,19,15,1,-1,-1,-1
237,46897,505,365,17,16,1,-1,-1,-1
237,46891,622,379,34,81,1,-1,-1,-1
238,46958,685,360,44,41,1,-1,-1,-1
238,46936,627,357,22,22,1,-1,-1,-1
238,46932,663,355,24,26,1,-1,-1,-1
238,46930,363,355,65,26,1,-1,-1,-1
238,46926,579,358,34,12,1,-1,-1,-1
238,46904,450,371,61,36,1,-1,-1,-1
238,46900,565,366,19,14,1,-1,-1,-1
238,46897,501,365,21,16,1,-1,-1,-1
238,46891,622,380,33,80,1,-1,-1,-1
239,46958,685,360,44,41,1,-1,-1,-1
239,46953,578,361,18,9,1,-1,-1,-1
239,46936,627,357,23,22,1,-1,-1,-1
239,46932,663,355,24,27,1,-1,-1,-1
239,46930,363,355,67,26,1,-1,-1,-1
239,46926,581,358,34,13,1,-1,-1,-1
239,46904,445,371,63,37,1,-1,-1,-1
239,46900,567,366,19,14,1,-1,-1,-1
239,46897,499,365,24,16,1,-1,-1,-1
239,46891,623,380,32,81,1,-1,-1,-1
240,46958,685,360,45,41,1,-1,-1,-1
240,46936,627,357,23,22,1,-1,-1,-1
240,46932,663,355,24,27,1,-1,-1,-1
240,46930,364,355,67,26,1,-1,-1,-1
240,46926,583,358,34,13,1,-1,-1,-1
240,46904,439,371,66,39,1,-1,-1,-1
240,46900,568,366,20,14,1,-1,-1,-1
240,46897,498,365,25,17,1,-1,-1,-1
240,46891,623,380,33,81,1,-1,-1,-1
241,46958,686,360,44,41,1,-1,-1,-1
241,46953,574,360,18,10,1,-1,-1,-1
241,46936,627,356,23,23,1,-1,-1,-1
241,46932,663,355,24,26,1,-1,-1,-1
241,46930,364,354,68,27,1,-1,-1,-1
241,46926,587,358,32,12,1,-1,-1,-1
241,46904,432,372,69,39,1,-1,-1,-1
241,46903,623,362,4,7,1,-1,-1,-1
241,46900,569,366,20,14,1,-1,-1,-1
241,46897,498,365,25,16,1,-1,-1,-1
241,46891,623,379,33,81,1,-1,-1,-1
242,46958,686,359,44,42,1,-1,-1,-1
242,46953,572,360,19,9,1,-1,-1,-1
242,46936,627,356,23,22,1,-1,-1,-1
242,46932,663,354,24,27,1,-1,-1,-1
242,46930,364,354,69,27,1,-1,-1,-1
242,46926,588,358,33,12,1,-1,-1,-1
242,46904,425,371,72,41,1,-1,-1,-1
242,46903,621,362,6,7,1,-1,-1,-1
242,46900,570,365,20,15,1,-1,-1,-1
242,46897,499,365,25,16,1,-1,-1,-1
242,46891,623,379,33,81,1,-1,-1,-1
243,46958,686,359,45,41,1,-1,-1,-1
243,46953,570,359,20,10,1,-1,-1,-1
243,46936,627,356,23,22,1,-1,-1,-1
243,46932,663,354,25,27,1,-1,-1,-1
243,46930,365,354,69,26,1,-1,-1,-1
243,46926,589,357,35,13,1,-1,-1,-1
243,46904,418,372,75,42,1,-1,-1,-1
243,46903,623,362,3,7,1,-1,-1,-1
243,46900,572,365,20,15,1,-1,-1,-1
243,46897,499,364,25,17,1,-1,-1,-1
243,46891,623,379,33,80,1,-1,-1,-1
244,46958,686,359,45,41,1,-1,-1,-1
244,46953,567,359,23,10,1,-1,-1,-1
244,46936,627,355,23,23,1,-1,-1,-1
244,46932,663,354,25,26,1,-1,-1,-1
244,46930,365,353,69,27,1,-1,-1,-1
244,46926,591,357,35,13,1,-1,-1,-1
244,46904,410,372,79,44,1,-1,-1,-1
244,46900,573,365,20,14,1,-1,-1,-1
244,46897,499,364,25,17,1,-1,-1,-1
244,46891,623,378,33,81,1,-1,-1,-1
245,46958,686,358,45,42,1,-1,-1,-1
245,46953,565,359,22,10,1,-1,-1,-1
245,46936,627,355,23,23,1,-1,-1,-1
245,46932,663,353,24,27,1,-1,-1,-1
245,46930,365,353,69,27,1,-1,-1,-1
245,46926,595,357,32,12,1,-1,-1,-1
245,46904,402,372,82,45,1,-1,-1,-1
245,46900,574,365,20,15,1,-1,-1,-1
245,46897,500,364,25,17,1,-1,-1,-1
245,46891,623,378,33,81,1,-1,-1,-1
246,46958,686,358,45,42,1,-1,-1,-1
246,46953,563,359,22,9,1,-1,-1,-1
246,46936,627,355,23,23,1,-1,-1,-1
246,46932,663,353,24,27,1,-1,-1,-1
246,46930,365,353,69,27,1,-1,-1,-1
246,46926,597,357,30,12,1,-1,-1,-1
246,46904,392,372,87,48,1,-1,-1,-1
246,46900,575,365,21,15,1,-1,-1,-1
246,46897,500,364,25,17,1,-1,-1,-1
246,46891,623,378,32,80,1,-1,-1,-1
246,46870,786,369,4,9,1,-1,-1,-1
247,46958,686,358,46,42,1,-1,-1,-1
247,46953,561,359,22,10,1,-1,-1,-1
247,46936,627,355,23,23,1,-1,-1,-1
247,46932,663,353,24,27,1,-1,-1,-1
247,46930,364,353,71,27,1,-1,-1,-1
247,46926,599,357,28,12,1,-1,-1,-1
247,46904,383,373,91,49,1,-1,-1,-1
247,46900,577,365,21,15,1,-1,-1,-1
247,46897,500,364,26,17,1,-1,-1,-1
247,46891,623,378,32,80,1,-1,-1,-1
247,46870,785,368,6,11,1,-1,-1,-1
248,46958,687,359,45,41,1,-1,-1,-1
248,46953,558,359,23,10,1,-1,-1,-1
248,46936,627,355,23,23,1,-1,-1,-1
248,46932,663,354,24,26,1,-1,-1,-1
248,46930,364,353,71,28,1,-1,-1,-1
248,46926,600,357,27,13,1,-1,-1,-1
248,46904,372,373,97,52,1,-1,-1,-1
248,46900,578,365,21,15,1,-1,-1,-1
248,46897,501,364,26,17,1,-1,-1,-1
248,46891,623,378,32,80,1,-1,-1,-1
248,46870,784,363,9,16,1,-1,-1,-1
249,46958,687,359,45,42,1,-1,-1,-1
249,46953,556,359,23,10,1,-1,-1,-1
249,46936,627,355,23,23,1,-1,-1,-1
249,46932,663,354,24,26,1,-1,-1,-1
249,46930,364,353,72,28,1,-1,-1,-1
249,46926,602,357,25,13,1,-1,-1,-1
249,46904,360,374,103,54,1,-1,-1,-1
249,46900,579,365,21,15,1,-1,-1,-1
249,46897,501,364,27,18,1,-1,-1,-1
249,46891,622,378,34,80,1,-1,-1,-1
249,46870,783,364,11,15,1,-1,-1,-1
250,46958,687,359,45,42,1,-1,-1,-1
250,46953,554,359,23,10,1,-1,-1,-1
250,46936,627,356,23,23,1,-1,-1,-1
250,46932,663,354,24,27,1,-1,-1,-1
250,46930,364,353,72,28,1,-1,-1,-1
250,46926,604,357,23,13,1,-1,-1,-1
250,46904,348,375,108,56,1,-1,-1,-1
250,46900,581,365,20,16,1,-1,-1,-1
250,46897,503,365,26,17,1,-1,-1,-1
250,46891,623,379,33,79,1,-1,-1,-1
250,46870,782,364,13,16,1,-1,-1,-1
251,46958,687,359,46,42,1,-1,-1,-1
251,46953,551,360,23,9,1,-1,-1,-1
251,46936,627,356,23,23,1,-1,-1,-1
251,46932,663,354,24,27,1,-1,-1,-1
251,46930,364,354,73,26,1,-1,-1,-1
251,46926,607,358,20,12,1,-1,-1,-1
251,46904,334,375,115,60,1,-1,-1,-1
251,46903,602,362,8,7,1,-1,-1,-1
251,46900,582,365,21,16,1,-1,-1,-1
251,46897,503,365,27,18,1,-1,-1,-1
251,46891,623,379,33,79,1,-1,-1,-1
251,46870,781,364,14,16,1,-1,-1,-1
252,46958,687,359,46,43,1,-1,-1,-1
252,46953,549,360,23,10,1,-1,-1,-1
252,46936,627,356,23,23,1,-1,-1,-1
252,46932,663,354,24,27,1,-1,-1,-1
252,46930,364,354,74,28,1,-1,-1,-1
252,46926,610,358,17,12,1,-1,-1,-1
252,46904,318,376,124,62,1,-1,-1,-1
252,46903,600,362,8,7,1,-1,-1,-1
252,46900,583,366,22,15,1,-1,-1,-1
252,46897,505,365,27,18,1,-1,-1,-1
252,46891,623,379,32,79,1,-1,-1,-1
252,46870,780,364,14,16,1,-1,-1,-1
253,46958,687,359,46,43,1,-1,-1,-1
253,46953,547,360,23,10,1,-1,-1,-1
253,46936,627,356,23,23,1,-1,-1,-1
253,46932,663,354,24,27,1,-1,-1,-1
253,46930,364,354,74,28,1,-1,-1,-1
253,46926,612,358,15,13,1,-1,-1,-1
253,46904,301,377,133,66,1,-1,-1,-1
253,46903,598,362,8,7,1,-1,-1,-1
253,46900,585,366,21,16,1,-1,-1,-1
253,46897,506,365,27,18,1,-1,-1,-1
253,46891,623,379,32,79,1,-1,-1,-1
253,46870,780,364,14,16,1,-1,-1,-1
254,46958,687,359,47,43,1,-1,-1,-1
254,46953,544,360,24,10,1,-1,-1,-1
254,46936,627,356,24,23,1,-1,-1,-1
254,46932,663,354,24,27,1,-1,-1,-1
254,46930,364,354,75,29,1,-1,-1,-1
254,46926,614,358,13,13,1,-1,-1,-1
254,46904,282,378,143,69,1,-1,-1,-1
254,46903,597,362,7,7,1,-1,-1,-1
254,46900,586,366,21,16,1,-1,-1,-1
254,46897,507,365,28,18,1,-1,-1,-1
254,46891,623,379,32,79,1,-1,-1,-1
254,46870,779,364,15,17,1,-1,-1,-1
255,46958,688,359,46,43,1,-1,-1,-1
255,46953,542,360,23,10,1,-1,-1,-1
255,46936,627,356,24,23,1,-1,-1,-1
255,46932,663,354,24,27,1,-1,-1,-1
255,46930,364,354,75,29,1,-1,-1,-1
255,46926,616,358,11,13,1,-1,-1,-1
255,46904,261,378,154,74,1,-1,-1,-1
255,46903,594,362,8,7,1,-1,-1,-1
255,46900,588,366,21,16,1,-1,-1,-1
255,46897,509,365,27,18,1,-1,-1,-1
255,46891,623,379,33,79,1,-1,-1,-1
255,46870,778,364,15,17,1,-1,-1,-1
256,46958,688,359,46,43,1,-1,-1,-1
256,46953,540,360,23,10,1,-1,-1,-1
256,46936,627,356,24,23,1,-1,-1,-1
256,46932,663,354,25,27,1,-1,-1,-1
256,46930,365,353,75,30,1,-1,-1,-1
256,46926,619,358,34,13,1,-1,-1,-1
256,46904,237,379,168,79,1,-1,-1,-1
256,46903,592,362,7,7,1,-1,-1,-1
256,46900,589,366,22,16,1,-1,-1,-1
256,46897,510,365,28,18,1,-1,-1,-1
256,46891,623,379,33,79,1,-1,-1,-1
256,46870,778,364,15,17,1,-1,-1,-1
257,46958,688,359,47,43,1,-1,-1,-1
257,46953,537,360,24,10,1,-1,-1,-1
257,46936,627,356,24,23,1,-1,-1,-1
257,46932,663,354,25,27,1,-1,-1,-1
257,46930,365,353,74,30,1,-1,-1,-1
257,46926,621,357,34,13,1,-1,-1,-1
257,46904,210,380,183,84,1,-1,-1,-1
257,46903,589,362,9,7,1,-1,-1,-1
257,46900,591,366,22,16,1,-1,-1,-1
257,46897,512,365,28,19,1,-1,-1,-1
257,46891,623,379,33,79,1,-1,-1,-1
257,46870,777,364,15,17,1,-1,-1,-1
258,46958,688,359,47,43,1,-1,-1,-1
258,46953,535,359,23,11,1,-1,-1,-1
258,46936,627,356,24,23,1,-1,-1,-1
258,46932,664,354,24,27,1,-1,-1,-1
258,46930,365,353,72,30,1,-1,-1,-1
258,46926,623,357,35,13,1,-1,-1,-1
258,46904,178,381,203,90,1,-1,-1,-1
258,46903,587,362,9,7,1,-1,-1,-1
258,46900,593,366,22,16,1,-1,-1,-1
258,46897,513,365,28,19,1,-1,-1,-1
258,46891,623,378,33,80,1,-1,-1,-1
258,46870,776,364,15,17,1,-1,-1,-1
259,46958,688,359,48,43,1,-1,-1,-1
259,46953,532,359,24,10,1,-1,-1,-1
259,46936,627,356,24,23,1,-1,-1,-1
259,46932,664,354,24,27,1,-1,-1,-1
259,46930,366,353,77,30,1,-1,-1,-1
259,46926,626,357,34,13,1,-1,-1,-1
259,46904,142,383,225,96,1,-1,-1,-1
259,46903,585,362,8,7,1,-1,-1,-1
259,46900,594,366,23,16,1,-1,-1,-1
259,46897,515,365,28,19,1,-1,-1,-1
259,46891,623,378,33,80,1,-1,-1,-1
259,46870,775,364,16,17,1,-1,-1,-1
260,46958,689,359,47,44,1,-1,-1,-1
260,46953,530,359,24,11,1,-1,-1,-1
260,46936,627,356,24,23,1,-1,-1,-1
260,46932,664,354,24,27,1,-1,-1,-1
260,46930,366,353,78,30,1,-1,-1,-1
260,46926,651,358,11,12,1,-1,-1,-1
260,46904,99,384,252,105,1,-1,-1,-1
260,46903,583,362,8,7,1,-1,-1,-1
260,46900,596,366,23,16,1,-1,-1,-1
260,46897,516,365,29,19,1,-1,-1,-1
260,46891,623,378,32,79,1,-1,-1,-1
260,46870,775,364,15,17,1,-1,-1,-1
261,46958,689,359,47,44,1,-1,-1,-1
261,46953,527,359,24,11,1,-1,-1,-1
261,46936,627,356,24,23,1,-1,-1,-1
261,46932,664,354,24,27,1,-1,-1,-1
261,46930,367,353,79,31,1,-1,-1,-1
261,46926,651,357,14,14,1,-1,-1,-1
261,46904,48,386,286,115,1,-1,-1,-1
261,46903,581,362,8,7,1,-1,-1,-1
261,46900,599,366,22,17,1,-1,-1,-1
261,46897,518,365,29,19,1,-1,-1,-1
261,46891,623,378,32,79,1,-1,-1,-1
261,46870,774,364,15,17,1,-1,-1,-1
262,46958,689,359,48,44,1,-1,-1,-1
262,46953,525,360,24,10,1,-1,-1,-1
262,46936,627,356,24,23,1,-1,-1,-1
262,46932,664,354,24,27,1,-1,-1,-1
262,46930,368,353,79,31,1,-1,-1,-1
262,46926,651,357,14,14,1,-1,-1,-1
262,46904,0,388,314,126,1,-1,-1,-1
262,46903,578,362,9,7,1,-1,-1,-1
262,46900,601,366,24,17,1,-1,-1,-1
262,46897,519,365,29,19,1,-1,-1,-1
262,46891,623,378,33,79,1,-1,-1,-1
262,46870,773,364,16,17,1,-1,-1,-1
263,46958,689,359,48,44,1,-1,-1,-1
263,46953,523,360,24,10,1,-1,-1,-1
263,46936,627,356,24,24,1,-1,-1,-1
263,46932,664,354,24,27,1,-1,-1,-1
263,46930,369,353,79,31,1,-1,-1,-1
263,46926,651,357,14,13,1,-1,-1,-1
263,46904,0,390,291,141,1,-1,-1,-1
263,46903,576,362,8,7,1,-1,-1,-1
263,46900,604,366,23,17,1,-1,-1,-1
263,46897,521,365,29,20,1,-1,-1,-1
263,46891,623,378,33,79,1,-1,-1,-1
263,46870,772,364,16,18,1,-1,-1,-1
264,46958,689,359,49,44,1,-1,-1,-1
264,46953,520,360,24,10,1,-1,-1,-1
264,46936,627,356,24,24,1,-1,-1,-1
264,46932,664,354,24,27,1,-1,-1,-1
264,46930,378,353,72,32,1,-1,-1,-1
264,46926,651,357,14,12,1,-1,-1,-1
264,46904,0,392,265,160,1,-1,-1,-1
264,46903,574,362,8,7,1,-1,-1,-1
264,46900,607,366,23,17,1,-1,-1,-1
264,46897,522,365,30,20,1,-1,-1,-1
264,46891,623,378,33,79,1,-1,-1,-1
264,46870,771,364,16,18,1,-1,-1,-1
265,46958,690,359,48,45,1,-1,-1,-1
265,46953,517,360,25,10,1,-1,-1,-1
265,46936,627,356,25,24,1,-1,-1,-1
265,46932,664,354,24,27,1,-1,-1,-1
265,46930,375,353,77,32,1,-1,-1,-1
265,46926,652,357,14,12,1,-1,-1,-1
265,46904,0,395,235,166,1,-1,-1,-1
265,46903,571,362,9,7,1,-1,-1,-1
265,46900,610,366,24,17,1,-1,-1,-1
265,46897,524,365,30,20,1,-1,-1,-1
265,46891,624,378,31,79,1,-1,-1,-1
265,46870,771,364,16,18,1,-1,-1,-1
266,46958,690,359,49,45,1,-1,-1,-1
266,46953,515,359,24,11,1,-1,-1,-1
266,46936,627,355,25,25,1,-1,-1,-1
266,46932,664,354,24,27,1,-1,-1,-1
266,46930,373,353,80,32,1,-1,-1,-1
266,46926,652,357,14,13,1,-1,-1,-1
266,46904,0,399,199,148,1,-1,-1,-1
266,46903,569,362,9,7,1,-1,-1,-1
266,46900,614,366,22,17,1,-1,-1,-1
266,46897,526,365,30,20,1,-1,-1,-1
266,46891,624,378,31,79,1,-1,-1,-1
266,46870,770,364,16,18,1,-1,-1,-1
267,46958,690,359,49,45,1,-1,-1,-1
267,46953,512,359,25,11,1,-1,-1,-1
267,46936,627,355,25,25,1,-1,-1,-1
267,46932,664,354,24,26,1,-1,-1,-1
267,46930,374,352,81,33,1,-1,-1,-1
267,46926,652,357,14,14,1,-1,-1,-1
267,46904,0,410,157,137,1,-1,-1,-1
267,46903,567,362,8,7,1,-1,-1,-1
267,46900,618,366,23,18,1,-1,-1,-1
267,46897,529,365,30,20,1,-1,-1,-1
267,46891,624,378,32,79,1,-1,-1,-1
267,46870,769,364,16,18,1,-1,-1,-1
268,46958,690,359,49,45,1,-1,-1,-1
268,46953,509,359,25,11,1,-1,-1,-1
268,46936,627,355,25,24,1,-1,-1,-1
268,46932,664,354,24,26,1,-1,-1,-1
268,46930,375,352,82,34,1,-1,-1,-1
268,46926,652,357,14,14,1,-1,-1,-1
268,46904,0,426,106,128,1,-1,-1,-1
268,46903,564,362,9,7,1,-1,-1,-1
268,46900,622,366,24,17,1,-1,-1,-1
268,46897,531,365,31,20,1,-1,-1,-1
268,46891,624,378,32,78,1,-1,-1,-1
268,46870,768,364,16,18,1,-1,-1,-1
269,46958,690,358,50,46,1,-1,-1,-1
269,46953,507,359,25,10,1,-1,-1,-1
269,46936,627,355,25,24,1,-1,-1,-1
269,46932,664,354,24,26,1,-1,-1,-1
269,46930,376,352,83,34,1,-1,-1,-1
269,46926,652,357,14,13,1,-1,-1,-1
269,46904,0,443,44,110,1,-1,-1,-1
269,46903,562,362,8,7,1,-1,-1,-1
269,46900,626,366,24,17,1,-1,-1,-1
269,46897,534,365,31,20,1,-1,-1,-1
269,46891,623,378,33,78,1,-1,-1,-1
269,46870,767,364,16,18,1,-1,-1,-1
270,46958,691,358,49,46,1,-1,-1,-1
270,46953,504,359,25,10,1,-1,-1,-1
270,46936,627,355,25,24,1,-1,-1,-1
270,46932,664,353,24,27,1,-1,-1,-1
270,46930,377,352,84,34,1,-1,-1,-1
270,46926,652,357,14,13,1,-1,-1,-1
270,46903,560,361,8,8,1,-1,-1,-1
270,46900,630,365,24,19,1,-1,-1,-1
270,46897,537,365,31,20,1,-1,-1,-1
270,46891,624,377,32,79,1,-1,-1,-1
270,46870,766,364,17,18,1,-1,-1,-1
271,46958,691,358,50,46,1,-1,-1,-1
271,46953,503,359,24,10,1,-1,-1,-1
271,46936,627,354,25,25,1,-1,-1,-1
271,46932,664,353,24,27,1,-1,-1,-1
271,46930,379,351,84,35,1,-1,-1,-1
271,46926,653,356,37,14,1,-1,-1,-1
271,46903,557,361,9,8,1,-1,-1,-1
271,46900,635,365,24,19,1,-1,-1,-1
271,46897,540,365,31,20,1,-1,-1,-1
271,46891,624,377,31,79,1,-1,-1,-1
271,46870,765,364,17,18,1,-1,-1,-1
272,46958,691,358,50,46,1,-1,-1,-1
272,46953,503,358,21,11,1,-1,-1,-1
272,46936,627,354,25,25,1,-1,-1,-1
272,46932,664,353,24,26,1,-1,-1,-1
272,46930,380,351,85,35,1,-1,-1,-1
272,46926,655,356,38,14,1,-1,-1,-1
272,46903,557,361,6,7,1,-1,-1,-1
272,46900,640,365,25,18,1,-1,-1,-1
272,46897,543,364,32,21,1,-1,-1,-1
272,46891,624,377,31,78,1,-1,-1,-1
272,46870,764,364,17,18,1,-1,-1,-1
273,46958,691,358,51,46,1,-1,-1,-1
273,46953,502,358,20,11,1,-1,-1,-1
273,46936,627,354,25,25,1,-1,-1,-1
273,46932,664,353,24,26,1,-1,-1,-1
273,46930,382,351,85,36,1,-1,-1,-1
273,46926,659,356,36,13,1,-1,-1,-1
273,46903,552,361,9,7,1,-1,-1,-1
273,46900,645,365,25,19,1,-1,-1,-1
273,46897,547,364,32,22,1,-1,-1,-1
273,46891,624,377,32,78,1,-1,-1,-1
273,46870,763,363,17,19,1,-1,-1,-1
274,46958,691,358,51,46,1,-1,-1,-1
274,46953,502,358,17,11,1,-1,-1,-1
274,46936,627,354,25,25,1,-1,-1,-1
274,46932,664,353,24,26,1,-1,-1,-1
274,46930,384,351,85,36,1,-1,-1,-1
274,46926,660,356,36,14,1,-1,-1,-1
274,46903,550,361,9,7,1,-1,-1,-1
274,46900,650,365,25,19,1,-1,-1,-1
274,46897,550,364,32,22,1,-1,-1,-1
274,46891,624,377,32,78,1,-1,-1,-1
274,46870,762,363,17,19,1,-1,-1,-1
275,46958,692,358,50,46,1,-1,-1,-1
275,46953,501,358,14,11,1,-1,-1,-1
275,46936,627,354,25,25,1,-1,-1,-1
275,46932,664,353,24,26,1,-1,-1,-1
275,46930,386,351,86,36,1,-1,-1,-1
275,46926,663,356,34,13,1,-1,-1,-1
275,46903,548,361,8,7,1,-1,-1,-1
275,46900,655,365,25,19,1,-1,-1,-1
275,46897,555,364,32,22,1,-1,-1,-1
275,46891,623,377,33,78,1,-1,-1,-1
275,46870,761,363,17,19,1,-1,-1,-1
276,46958,692,358,51,46,1,-1,-1,-1
276,46953,501,358,13,11,1,-1,-1,-1
276,46936,627,354,25,25,1,-1,-1,-1
276,46932,664,353,24,26,1,-1,-1,-1
276,46930,388,351,86,36,1,-1,-1,-1
276,46926,665,356,32,12,1,-1,-1,-1
276,46903,545,361,9,7,1,-1,-1,-1
276,46900,661,365,25,19,1,-1,-1,-1
276,46897,559,364,32,22,1,-1,-1,-1
276,46891,623,377,33,78,1,-1,-1,-1
276,46870,759,363,18,19,1,-1,-1,-1
277,46958,692,358,51,46,1,-1,-1,-1
277,46953,500,358,11,11,1,-1,-1,-1
277,46936,627,354,25,25,1,-1,-1,-1
277,46932,664,353,23,26,1,-1,-1,-1
277,46930,390,350,87,38,1,-1,-1,-1
277,46926,687,356,11,12,1,-1,-1,-1
277,46903,543,361,8,7,1,-1,-1,-1
277,46900,666,365,26,19,1,-1,-1,-1
277,46897,563,364,33,22,1,-1,-1,-1
277,46891,623,377,33,78,1,-1,-1,-1
277,46870,758,364,17,19,1,-1,-1,-1
278,46958,692,358,52,46,1,-1,-1,-1
278,46936,627,354,25,25,1,-1,-1,-1
278,46932,664,353,23,26,1,-1,-1,-1
278,46930,392,350,87,38,1,-1,-1,-1
278,46926,687,356,13,12,1,-1,-1,-1
278,46903,540,361,9,8,1,-1,-1,-1
278,46900,671,365,23,20,1,-1,-1,-1
278,46897,568,365,33,22,1,-1,-1,-1
278,46891,623,377,33,78,1,-1,-1,-1
278,46870,756,363,18,20,1,-1,-1,-1
279,46958,692,358,52,47,1,-1,-1,-1
279,46936,627,354,25,25,1,-1,-1,-1
279,46932,664,353,23,26,1,-1,-1,-1
279,46930,394,350,88,38,1,-1,-1,-1
279,46926,687,356,15,12,1,-1,-1,-1
279,46903,538,361,8,8,1,-1,-1,-1
279,46900,677,365,18,20,1,-1,-1,-1
279,46897,573,364,34,23,1,-1,-1,-1
279,46891,623,377,33,78,1,-1,-1,-1
279,46870,755,364,17,19,1,-1,-1,-1
280,46958,692,357,52,48,1,-1,-1,-1
280,46936,627,354,25,25,1,-1,-1,-1
280,46932,664,353,23,26,1,-1,-1,-1
280,46930,400,350,85,38,1,-1,-1,-1
280,46926,687,355,18,14,1,-1,-1,-1
280,46903,535,361,9,7,1,-1,-1,-1
280,46900,682,365,15,19,1,-1,-1,-1
280,46897,579,364,33,23,1,-1,-1,-1
280,46891,624,377,32,78,1,-1,-1,-1
280,46870,753,363,18,20,1,-1,-1,-1
281,46958,693,357,52,47,1,-1,-1,-1
281,46936,626,353,26,26,1,-1,-1,-1
281,46932,664,352,23,26,1,-1,-1,-1
281,46930,399,349,88,39,1,-1,-1,-1
281,46926,687,355,17,14,1,-1,-1,-1
281,46903,532,360,9,8,1,-1,-1,-1
281,46900,688,372,7,12,1,-1,-1,-1
281,46897,585,364,33,23,1,-1,-1,-1
281,46891,624,376,31,79,1,-1,-1,-1
281,46870,751,363,18,19,1,-1,-1,-1
282,46958,693,356,52,48,1,-1,-1,-1
282,46936,626,353,26,25,1,-1,-1,-1
282,46932,664,352,23,26,1,-1,-1,-1
282,46930,402,349,88,39,1,-1,-1,-1
282,46926,687,355,19,14,1,-1,-1,-1
282,46903,530,360,9,8,1,-1,-1,-1
282,46897,590,364,35,22,1,-1,-1,-1
282,46891,624,376,32,78,1,-1,-1,-1
282,46870,750,363,18,19,1,-1,-1,-1
283,46958,693,356,53,48,1,-1,-1,-1
283,46936,626,352,26,26,1,-1,-1,-1
283,46932,664,351,23,27,1,-1,-1,-1
283,46930,404,348,90,40,1,-1,-1,-1
283,46926,687,354,23,14,1,-1,-1,-1
283,46903,528,359,9,8,1,-1,-1,-1
283,46897,596,363,35,23,1,-1,-1,-1
283,46891,624,376,32,78,1,-1,-1,-1
283,46870,748,362,18,20,1,-1,-1,-1
284,46958,693,355,54,48,1,-1,-1,-1
284,46936,626,352,26,25,1,-1,-1,-1
284,46932,663,351,24,26,1,-1,-1,-1
284,46930,407,348,90,40,1,-1,-1,-1
284,46926,687,353,25,15,1,-1,-1,-1
284,46903,525,359,9,7,1,-1,-1,-1
284,46897,602,363,34,23,1,-1,-1,-1
284,46891,623,375,33,78,1,-1,-1,-1
284,46870,746,361,18,20,1,-1,-1,-1
285,46958,694,354,53,49,1,-1,-1,-1
285,46936,626,351,26,25,1,-1,-1,-1
285,46932,663,350,24,26,1,-1,-1,-1
285,46930,410,346,90,41,1,-1,-1,-1
285,46926,690,352,25,14,1,-1,-1,-1
285,46903,522,357,10,8,1,-1,-1,-1
285,46897,609,362,34,23,1,-1,-1,-1
285,46891,623,374,33,78,1,-1,-1,-1
285,46870,747,360,16,20,1,-1,-1,-1
286,46958,694,353,53,49,1,-1,-1,-1
286,46936,626,350,26,25,1,-1,-1,-1
286,46932,663,349,24,26,1,-1,-1,-1
286,46930,414,346,89,41,1,-1,-1,-1
286,46926,691,352,25,12,1,-1,-1,-1
286,46903,520,357,8,8,1,-1,-1,-1
286,46897,615,361,35,23,1,-1,-1,-1
286,46891,624,373,32,78,1,-1,-1,-1
286,46870,747,360,14,20,1,-1,-1,-1
287,46958,694,353,54,49,1,-1,-1,-1
287,46936,626,350,26,25,1,-1,-1,-1
287,46932,663,349,24,26,1,-1,-1,-1
287,46930,417,345,90,42,1,-1,-1,-1
287,46926,695,351,25,13,1,-1,-1,-1
287,46903,517,357,9,8,1,-1,-1,-1
287,46900,746,367,6,15,1,-1,-1,-1
287,46897,621,361,35,24,1,-1,-1,-1
287,46891,623,373,33,78,1,-1,-1,-1
287,46870,747,360,12,20,1,-1,-1,-1
288,46958,694,354,54,49,1,-1,-1,-1
288,46936,626,350,26,25,1,-1,-1,-1
288,46932,663,349,24,26,1,-1,-1,-1
288,46930,421,346,89,42,1,-1,-1,-1
288,46926,697,352,22,12,1,-1,-1,-1
288,46903,515,357,9,7,1,-1,-1,-1
288,46900,745,362,13,20,1,-1,-1,-1
288,46897,627,361,36,24,1,-1,-1,-1
288,46891,623,373,33,77,1,-1,-1,-1
288,46870,747,360,10,20,1,-1,-1,-1
289,46958,694,354,54,49,1,-1,-1,-1
289,46936,626,351,26,25,1,-1,-1,-1
289,46932,663,350,24,26,1,-1,-1,-1
289,46930,424,346,89,43,1,-1,-1,-1
289,46926,700,352,25,7,1,-1,-1,-1
289,46903,512,358,9,8,1,-1,-1,-1
289,46900,746,363,19,20,1,-1,-1,-1
289,46897,634,362,36,24,1,-1,-1,-1
289,46891,624,374,31,77,1,-1,-1,-1
289,46870,746,361,7,9,1,-1,-1,-1
290,46958,694,356,54,49,1,-1,-1,-1
290,46936,626,352,26,25,1,-1,-1,-1
290,46932,663,351,24,26,1,-1,-1,-1
290,46930,428,347,88,44,1,-1,-1,-1
290,46926,703,353,26,5,1,-1,-1,-1
290,46903,510,359,6,8,1,-1,-1,-1
290,46900,747,364,25,21,1,-1,-1,-1
290,46897,642,363,34,24,1,-1,-1,-1
290,46891,624,375,31,76,1,-1,-1,-1
290,46870,745,362,7,20,1,-1,-1,-1
291,46958,695,356,54,49,1,-1,-1,-1
291,46936,626,352,26,26,1,-1,-1,-1
291,46932,663,351,24,26,1,-1,-1,-1
291,46930,431,348,88,44,1,-1,-1,-1
291,46903,509,359,8,8,1,-1,-1,-1
291,46900,750,364,29,21,1,-1,-1,-1
291,46897,647,364,36,24,1,-1,-1,-1
291,46891,624,375,32,76,1,-1,-1,-1
291,46870,746,367,4,16,1,-1,-1,-1
292,46958,696,357,53,49,1,-1,-1,-1
292,46936,626,353,26,25,1,-1,-1,-1
292,46932,663,352,23,25,1,-1,-1,-1
292,46930,435,348,86,45,1,-1,-1,-1
292,46926,708,354,40,13,1,-1,-1,-1
292,46903,509,360,5,7,1,-1,-1,-1
292,46900,757,365,28,21,1,-1,-1,-1
292,46897,654,364,36,25,1,-1,-1,-1
292,46891,624,375,31,76,1,-1,-1,-1
293,46958,696,357,53,49,1,-1,-1,-1
293,46936,626,353,26,26,1,-1,-1,-1
293,46932,663,352,23,26,1,-1,-1,-1
293,46930,438,348,86,46,1,-1,-1,-1
293,46926,711,355,39,14,1,-1,-1,-1
293,46900,763,365,30,22,1,-1,-1,-1
293,46897,660,364,37,25,1,-1,-1,-1
293,46891,624,376,31,75,1,-1,-1,-1
294,46958,697,358,52,49,1,-1,-1,-1
294,46936,626,354,26,25,1,-1,-1,-1
294,46932,663,353,23,25,1,-1,-1,-1
294,46930,442,348,84,47,1,-1,-1,-1
294,46926,714,355,39,14,1,-1,-1,-1
294,46900,770,366,29,21,1,-1,-1,-1
294,46897,667,365,33,25,1,-1,-1,-1
294,46891,624,376,31,75,1,-1,-1,-1
295,46958,698,358,51,49,1,-1,-1,-1
295,46936,626,354,26,26,1,-1,-1,-1
295,46932,663,353,23,26,1,-1,-1,-1
295,46930,445,348,82,48,1,-1,-1,-1
295,46926,717,356,39,14,1,-1,-1,-1
295,46900,776,366,30,21,1,-1,-1,-1
295,46897,674,365,27,25,1,-1,-1,-1
295,46891,625,376,30,75,1,-1,-1,-1
296,46958,699,359,51,50,1,-1,-1,-1
296,46936,626,355,27,26,1,-1,-1,-1
296,46932,663,354,23,26,1,-1,-1,-1
296,46930,448,349,79,49,1,-1,-1,-1
296,46926,721,357,38,14,1,-1,-1,-1
296,46900,783,367,30,22,1,-1,-1,-1
296,46897,681,367,21,25,1,-1,-1,-1
296,46891,625,377,30,75,1,-1,-1,-1
297,46958,700,361,50,50,1,-1,-1,-1
297,46936,626,357,27,26,1,-1,-1,-1
297,46932,663,356,23,26,1,-1,-1,-1
297,46930,451,351,76,50,1,-1,-1,-1
297,46926,723,359,39,14,1,-1,-1,-1
297,46900,790,369,30,22,1,-1,-1,-1
297,46897,688,368,16,26,1,-1,-1,-1
297,46891,625,379,30,74,1,-1,-1,-1
298,46958,700,362,51,50,1,-1,-1,-1
298,46936,626,358,27,26,1,-1,-1,-1
298,46932,663,357,23,26,1,-1,-1,-1
298,46930,454,352,73,51,1,-1,-1,-1
298,46926,725,360,40,14,1,-1,-1,-1
298,46900,797,371,30,22,1,-1,-1,-1
298,46897,695,382,9,13,1,-1,-1,-1
298,46891,625,380,30,74,1,-1,-1,-1
299,46958,701,363,51,50,1,-1,-1,-1
299,46936,626,359,27,26,1,-1,-1,-1
299,46932,663,358,23,25,1,-1,-1,-1
299,46930,456,353,70,51,1,-1,-1,-1
299,46926,737,361,30,14,1,-1,-1,-1
299,46900,804,371,31,23,1,-1,-1,-1
299,46891,625,381,30,74,1,-1,-1,-1
300,46958,702,363,51,50,1,-1,-1,-1
300,46936,626,359,27,26,1,-1,-1,-1
300,46932,663,358,23,25,1,-1,-1,-1
300,46930,458,352,66,53,1,-1,-1,-1
300,46926,738,361,30,14,1,-1,-1,-1
300,46900,812,371,31,23,1,-1,-1,-1
300,46891,625,381,30,74,1,-1,-1,-1
301,46958,703,362,50,51,1,-1,-1,-1
301,46936,626,359,27,25,1,-1,-1,-1
301,46932,663,358,23,25,1,-1,-1,-1
301,46930,459,352,63,54,1,-1,-1,-1
301,46926,738,360,31,13,1,-1,-1,-1
301,46900,820,371,31,22,1,-1,-1,-1
301,46891,624,381,31,74,1,-1,-1,-1
302,46958,704,362,50,50,1,-1,-1,-1
302,46936,626,358,27,26,1,-1,-1,-1
302,46932,663,357,23,25,1,-1,-1,-1
302,46930,461,351,59,55,1,-1,-1,-1
302,46926,738,359,31,13,1,-1,-1,-1
302,46900,827,370,31,23,1,-1,-1,-1
302,46897,753,379,12,17,1,-1,-1,-1
302,46891,624,380,31,74,1,-1,-1,-1
303,46958,705,360,50,51,1,-1,-1,-1
303,46936,626,357,27,26,1,-1,-1,-1
303,46932,663,356,23,25,1,-1,-1,-1
303,46930,462,349,56,57,1,-1,-1,-1
303,46926,740,358,30,15,1,-1,-1,-1
303,46900,836,369,31,23,1,-1,-1,-1
303,46897,753,374,20,21,1,-1,-1,-1
303,46891,624,379,31,75,1,-1,-1,-1
303,46870,705,382,3,8,1,-1,-1,-1
304,46958,706,360,50,51,1,-1,-1,-1
304,46936,626,356,27,26,1,-1,-1,-1
304,46932,663,355,23,25,1,-1,-1,-1
304,46930,462,348,54,58,1,-1,-1,-1
304,46926,742,357,28,15,1,-1,-1,-1
304,46900,843,368,32,23,1,-1,-1,-1
304,46897,754,368,27,27,1,-1,-1,-1
304,46891,624,378,31,75,1,-1,-1,-1
304,46870,703,374,6,15,1,-1,-1,-1
305,46958,707,359,50,51,1,-1,-1,-1
305,46936,626,355,27,26,1,-1,-1,-1
305,46932,663,354,22,25,1,-1,-1,-1
305,46930,458,347,55,60,1,-1,-1,-1
305,46926,745,357,26,14,1,-1,-1,-1
305,46900,852,368,32,23,1,-1,-1,-1
305,46897,756,367,33,27,1,-1,-1,-1
305,46891,625,377,30,75,1,-1,-1,-1
305,46870,700,365,12,23,1,-1,-1,-1
306,46958,707,358,51,51,1,-1,-1,-1
306,46936,626,354,27,26,1,-1,-1,-1
306,46932,663,353,22,25,1,-1,-1,-1
306,46930,453,346,56,61,1,-1,-1,-1
306,46926,748,356,24,14,1,-1,-1,-1
306,46900,860,367,32,23,1,-1,-1,-1
306,46897,758,366,40,28,1,-1,-1,-1
306,46891,624,377,31,74,1,-1,-1,-1
306,46885,890,375,7,13,1,-1,-1,-1
306,46870,698,365,14,23,1,-1,-1,-1
307,46958,708,357,51,51,1,-1,-1,-1
307,46936,626,353,27,26,1,-1,-1,-1
307,46932,663,352,22,25,1,-1,-1,-1
307,46930,447,345,59,63,1,-1,-1,-1
307,46926,751,355,21,14,1,-1,-1,-1
307,46900,868,366,31,23,1,-1,-1,-1
307,46897,764,365,42,28,1,-1,-1,-1
307,46891,625,375,30,75,1,-1,-1,-1
307,46885,893,370,6,16,1,-1,-1,-1
307,46870,695,364,16,23,1,-1,-1,-1
308,46958,709,356,50,52,1,-1,-1,-1
308,46936,626,352,27,26,1,-1,-1,-1
308,46932,663,351,22,25,1,-1,-1,-1
308,46930,441,344,62,64,1,-1,-1,-1
308,46926,754,354,19,15,1,-1,-1,-1
308,46900,876,365,26,24,1,-1,-1,-1
308,46897,772,364,42,28,1,-1,-1,-1
308,46891,625,375,30,74,1,-1,-1,-1
308,46885,895,364,6,19,1,-1,-1,-1
308,46870,692,363,20,23,1,-1,-1,-1
309,46958,709,355,51,52,1,-1,-1,-1
309,46936,626,352,27,26,1,-1,-1,-1
309,46932,663,351,22,25,1,-1,-1,-1
309,46930,435,343,67,66,1,-1,-1,-1
309,46926,757,353,16,15,1,-1,-1,-1
309,46900,884,365,20,24,1,-1,-1,-1
309,46897,780,364,42,28,1,-1,-1,-1
309,46891,625,374,30,74,1,-1,-1,-1
309,46885,886,363,17,23,1,-1,-1,-1
309,46870,689,362,22,24,1,-1,-1,-1
310,46958,710,355,51,52,1,-1,-1,-1
310,46936,626,352,27,26,1,-1,-1,-1
310,46932,663,351,22,25,1,-1,-1,-1
310,46930,429,343,72,67,1,-1,-1,-1
310,46926,760,353,14,15,1,-1,-1,-1
310,46900,892,372,14,16,1,-1,-1,-1
310,46897,788,364,43,28,1,-1,-1,-1
310,46891,625,374,30,74,1,-1,-1,-1
310,46885,884,363,21,23,1,-1,-1,-1
310,46870,687,362,21,24,1,-1,-1,-1
311,46958,711,356,51,52,1,-1,-1,-1
311,46936,626,352,27,26,1,-1,-1,-1
311,46932,663,351,22,25,1,-1,-1,-1
311,46930,423,343,77,69,1,-1,-1,-1
311,46926,761,354,13,13,1,-1,-1,-1
311,46900,900,374,9,15,1,-1,-1,-1
311,46897,796,365,43,28,1,-1,-1,-1
311,46891,625,374,30,74,1,-1,-1,-1
311,46885,882,363,25,24,1,-1,-1,-1
311,46870,684,363,22,24,1,-1,-1,-1
312,46958,711,357,51,52,1,-1,-1,-1
312,46936,626,353,27,26,1,-1,-1,-1
312,46932,662,352,23,25,1,-1,-1,-1
312,46930,415,343,82,72,1,-1,-1,-1
312,46926,764,355,11,13,1,-1,-1,-1
312,46897,805,365,43,29,1,-1,-1,-1
312,46891,625,375,30,74,1,-1,-1,-1
312,46885,880,364,26,24,1,-1,-1,-1
312,46870,681,364,22,24,1,-1,-1,-1
313,46958,712,358,51,52,1,-1,-1,-1
313,46936,626,354,27,26,1,-1,-1,-1
313,46932,662,353,23,25,1,-1,-1,-1
313,46930,407,344,88,73,1,-1,-1,-1
313,46897,813,366,44,29,1,-1,-1,-1
313,46891,625,376,30,74,1,-1,-1,-1
313,46885,878,365,27,24,1,-1,-1,-1
313,46870,678,365,22,24,1,-1,-1,-1
314,46958,713,358,51,52,1,-1,-1,-1
314,46936,626,354,27,26,1,-1,-1,-1
314,46932,662,353,23,25,1,-1,-1,-1
314,46930,399,344,93,76,1,-1,-1,-1
314,46897,822,367,45,29,1,-1,-1,-1
314,46891,625,376,30,74,1,-1,-1,-1
314,46885,877,366,27,23,1,-1,-1,-1
314,46870,675,365,22,24,1,-1,-1,-1
315,46958,714,358,51,53,1,-1,-1,-1
315,46936,626,354,27,26,1,-1,-1,-1
315,46932,662,354,23,24,1,-1,-1,-1
315,46930,390,344,99,78,1,-1,-1,-1
315,46897,831,367,45,29,1,-1,-1,-1
315,46891,625,376,30,74,1,-1,-1,-1
315,46885,876,366,26,24,1,-1,-1,-1
315,46870,672,365,23,25,1,-1,-1,-1
316,46958,716,358,50,53,1,-1,-1,-1
316,46936,627,355,26,25,1,-1,-1,-1
316,46932,662,354,22,25,1,-1,-1,-1
316,46930,380,343,105,81,1,-1,-1,-1
316,46897,841,367,45,30,1,-1,-1,-1
316,46891,625,377,30,73,1,-1,-1,-1
316,46885,876,366,26,24,1,-1,-1,-1
316,46870,669,365,23,25,1,-1,-1,-1
317,46958,718,358,48,53,1,-1,-1,-1
317,46936,627,355,25,25,1,-1,-1,-1
317,46932,662,354,22,25,1,-1,-1,-1
317,46930,370,343,112,84,1,-1,-1,-1
317,46897,850,367,46,30,1,-1,-1,-1
317,46891,625,377,30,73,1,-1,-1,-1
317,46885,878,366,22,24,1,-1,-1,-1
317,46870,666,366,23,24,1,-1,-1,-1
318,46958,720,359,49,53,1,-1,-1,-1
318,46936,627,355,25,26,1,-1,-1,-1
318,46932,662,355,22,24,1,-1,-1,-1
318,46930,359,343,118,87,1,-1,-1,-1
318,46897,860,368,46,30,1,-1,-1,-1
318,46891,625,377,30,73,1,-1,-1,-1
318,46885,879,367,19,22,1,-1,-1,-1
318,46870,663,366,23,25,1,-1,-1,-1
319,46958,721,361,50,53,1,-1,-1,-1
319,46936,627,357,25,25,1,-1,-1,-1
319,46932,662,356,22,25,1,-1,-1,-1
319,46930,346,344,126,90,1,-1,-1,-1
319,46897,870,369,46,31,1,-1,-1,-1
319,46891,625,379,30,73,1,-1,-1,-1
319,46885,869,368,25,23,1,-1,-1,-1
319,46870,660,368,23,25,1,-1,-1,-1
320,46958,722,361,52,54,1,-1,-1,-1
320,46936,627,357,25,26,1,-1,-1,-1
320,46932,662,357,22,24,1,-1,-1,-1
320,46930,332,344,135,94,1,-1,-1,-1
320,46897,880,370,47,31,1,-1,-1,-1
320,46891,625,379,30,74,1,-1,-1,-1
320,46885,867,369,26,25,1,-1,-1,-1
320,46870,657,368,23,26,1,-1,-1,-1
321,46958,723,361,54,54,1,-1,-1,-1
321,46936,627,357,25,26,1,-1,-1,-1
321,46932,662,357,22,24,1,-1,-1,-1
321,46930,318,343,143,98,1,-1,-1,-1
321,46897,891,370,47,31,1,-1,-1,-1
321,46891,625,379,30,74,1,-1,-1,-1
321,46885,866,369,27,25,1,-1,-1,-1
321,46870,654,368,23,26,1,-1,-1,-1
322,46958,725,361,54,53,1,-1,-1,-1
322,46936,627,357,25,25,1,-1,-1,-1
322,46932,662,356,22,25,1,-1,-1,-1
322,46930,302,342,153,102,1,-1,-1,-1
322,46897,901,370,42,31,1,-1,-1,-1
322,46891,624,379,31,74,1,-1,-1,-1
322,46885,864,368,29,26,1,-1,-1,-1
322,46870,650,368,24,25,1,-1,-1,-1
323,46958,726,360,56,54,1,-1,-1,-1
323,46936,627,356,25,26,1,-1,-1,-1
323,46932,662,355,22,25,1,-1,-1,-1
323,46930,285,340,163,107,1,-1,-1,-1
323,46897,912,369,32,32,1,-1,-1,-1
323,46891,625,378,30,74,1,-1,-1,-1
323,46885,863,368,28,25,1,-1,-1,-1
323,46870,647,367,24,26,1,-1,-1,-1
324,46958,728,359,57,54,1,-1,-1,-1
324,46936,627,355,25,26,1,-1,-1,-1
324,46932,662,354,22,25,1,-1,-1,-1
324,46930,267,338,174,112,1,-1,-1,-1
324,46897,923,368,25,32,1,-1,-1,-1
324,46891,625,377,30,74,1,-1,-1,-1
324,46885,861,367,29,26,1,-1,-1,-1
324,46870,644,366,24,26,1,-1,-1,-1
325,46958,729,356,58,54,1,-1,-1,-1
325,46936,627,352,25,26,1,-1,-1,-1
325,46932,662,351,22,25,1,-1,-1,-1
325,46930,248,334,186,117,1,-1,-1,-1
325,46897,933,375,18,22,1,-1,-1,-1
325,46891,625,374,30,74,1,-1,-1,-1
325,46885,860,364,29,26,1,-1,-1,-1
325,46870,643,363,21,26,1,-1,-1,-1
326,46958,731,353,59,54,1,-1,-1,-1
326,46936,627,349,25,26,1,-1,-1,-1
326,46932,662,349,22,24,1,-1,-1,-1
326,46930,229,331,198,122,1,-1,-1,-1
326,46897,943,378,12,17,1,-1,-1,-1
326,46891,625,371,30,73,1,-1,-1,-1
326,46885,858,361,28,26,1,-1,-1,-1
326,46870,643,361,18,26,1,-1,-1,-1
327,46958,732,353,61,53,1,-1,-1,-1
327,46936,627,348,25,26,1,-1,-1,-1
327,46932,662,348,22,24,1,-1,-1,-1
327,46930,208,329,211,128,1,-1,-1,-1
327,46897,954,380,4,13,1,-1,-1,-1
327,46891,625,371,30,72,1,-1,-1,-1
327,46885,855,361,29,26,1,-1,-1,-1
327,46870,634,360,24,26,1,-1,-1,-1
328,46958,734,353,62,53,1,-1,-1,-1
328,46936,627,349,25,25,1,-1,-1,-1
328,46932,662,348,22,24,1,-1,-1,-1
328,46930,185,328,226,135,1,-1,-1,-1
328,46891,625,371,30,72,1,-1,-1,-1
328,46885,853,361,29,26,1,-1,-1,-1
328,46870,630,360,24,24,1,-1,-1,-1
329,46958,735,353,64,54,1,-1,-1,-1
329,46936,627,349,25,26,1,-1,-1,-1
329,46932,662,349,22,24,1,-1,-1,-1
329,46930,159,327,244,142,1,-1,-1,-1
329,46891,625,371,30,72,1,-1,-1,-1
329,46885,850,361,29,27,1,-1,-1,-1
329,46870,626,361,25,23,1,-1,-1,-1
330,46958,737,354,66,53,1,-1,-1,-1
330,46936,627,350,25,26,1,-1,-1,-1
330,46932,662,349,22,24,1,-1,-1,-1
330,46930,130,327,263,149,1,-1,-1,-1
330,46891,625,372,29,71,1,-1,-1,-1
330,46885,847,362,29,27,1,-1,-1,-1
330,46870,623,361,24,26,1,-1,-1,-1
331,46958,739,355,67,53,1,-1,-1,-1
331,46936,627,351,25,26,1,-1,-1,-1
331,46932,662,350,21,24,1,-1,-1,-1
331,46930,98,327,285,157,1,-1,-1,-1
331,46891,625,373,29,71,1,-1,-1,-1
331,46885,844,363,30,27,1,-1,-1,-1
331,46870,619,362,24,27,1,-1,-1,-1
332,46958,741,356,69,53,1,-1,-1,-1
332,46936,627,352,26,26,1,-1,-1,-1
332,46932,662,352,21,24,1,-1,-1,-1
332,46930,61,326,312,167,1,-1,-1,-1
332,46891,625,374,29,70,1,-1,-1,-1
332,46885,841,364,29,27,1,-1,-1,-1
332,46870,616,364,22,27,1,-1,-1,-1
333,46958,743,357,71,54,1,-1,-1,-1
333,46936,627,353,25,26,1,-1,-1,-1
333,46932,662,353,21,24,1,-1,-1,-1
333,46930,18,326,343,178,1,-1,-1,-1
333,46891,625,375,29,70,1,-1,-1,-1
333,46885,838,366,29,27,1,-1,-1,-1
333,46870,612,365,23,27,1,-1,-1,-1
334,46958,746,359,72,53,1,-1,-1,-1
334,46936,627,355,26,25,1,-1,-1,-1
334,46932,662,354,21,24,1,-1,-1,-1
334,46930,0,325,347,191,1,-1,-1,-1
334,46891,625,376,29,71,1,-1,-1,-1
334,46885,835,367,29,27,1,-1,-1,-1
334,46870,608,366,25,28,1,-1,-1,-1
335,46958,749,360,74,53,1,-1,-1,-1
335,46936,626,356,27,26,1,-1,-1,-1
335,46932,662,355,21,24,1,-1,-1,-1
335,46930,0,324,332,206,1,-1,-1,-1
335,46891,625,377,29,71,1,-1,-1,-1
335,46885,831,368,30,28,1,-1,-1,-1
335,46870,604,368,26,27,1,-1,-1,-1
336,46958,752,361,76,53,1,-1,-1,-1
336,46936,626,357,27,26,1,-1,-1,-1
336,46932,662,356,21,24,1,-1,-1,-1
336,46930,0,322,315,225,1,-1,-1,-1
336,46891,625,378,29,70,1,-1,-1,-1
336,46885,828,369,30,28,1,-1,-1,-1
336,46870,601,369,25,27,1,-1,-1,-1
337,46958,755,362,79,53,1,-1,-1,-1
337,46936,626,358,27,26,1,-1,-1,-1
337,46932,662,357,21,24,1,-1,-1,-1
337,46930,0,319,296,248,1,-1,-1,-1
337,46891,625,379,29,70,1,-1,-1,-1
337,46885,833,370,21,28,1,-1,-1,-1
337,46870,597,369,25,28,1,-1,-1,-1
338,46958,758,362,82,54,1,-1,-1,-1
338,46936,626,358,27,26,1,-1,-1,-1
338,46932,662,358,21,23,1,-1,-1,-1
338,46930,0,316,274,234,1,-1,-1,-1
338,46891,625,380,29,70,1,-1,-1,-1
338,46885,836,371,14,28,1,-1,-1,-1
338,46870,593,370,25,28,1,-1,-1,-1
339,46958,762,362,85,54,1,-1,-1,-1
339,46936,626,358,27,26,1,-1,-1,-1
339,46932,662,357,21,24,1,-1,-1,-1
339,46930,0,311,250,233,1,-1,-1,-1
339,46891,625,379,29,71,1,-1,-1,-1
339,46870,589,370,26,28,1,-1,-1,-1
340,46958,766,361,87,54,1,-1,-1,-1
340,46936,626,357,27,26,1,-1,-1,-1
340,46932,662,357,21,23,1,-1,-1,-1
340,46930,0,307,222,236,1,-1,-1,-1
340,46891,624,379,29,70,1,-1,-1,-1
340,46870,585,369,26,28,1,-1,-1,-1
341,46958,770,360,90,54,1,-1,-1,-1
341,46936,626,356,27,26,1,-1,-1,-1
341,46932,662,356,21,23,1,-1,-1,-1
341,46930,0,305,191,237,1,-1,-1,-1
341,46891,624,378,29,70,1,-1,-1,-1
341,46870,581,368,26,29,1,-1,-1,-1
342,46958,774,359,93,54,1,-1,-1,-1
342,46936,626,355,27,26,1,-1,-1,-1
342,46932,662,355,21,24,1,-1,-1,-1
342,46930,0,304,155,246,1,-1,-1,-1
342,46891,623,377,29,70,1,-1,-1,-1
342,46870,577,367,26,29,1,-1,-1,-1
343,46958,779,358,95,55,1,-1,-1,-1
343,46936,626,355,27,26,1,-1,-1,-1
343,46932,662,354,21,24,1,-1,-1,-1
343,46930,0,303,114,266,1,-1,-1,-1
343,46891,623,376,29,70,1,-1,-1,-1
343,46870,572,367,27,29,1,-1,-1,-1
344,46958,784,358,97,55,1,-1,-1,-1
344,46936,626,355,27,25,1,-1,-1,-1
344,46932,662,354,21,24,1,-1,-1,-1
344,46930,0,304,65,235,1,-1,-1,-1
344,46891,622,376,29,70,1,-1,-1,-1
344,46870,568,367,27,29,1,-1,-1,-1
345,46958,789,359,100,54,1,-1,-1,-1
345,46936,626,355,27,26,1,-1,-1,-1
345,46932,662,354,21,24,1,-1,-1,-1
345,46891,622,376,29,70,1,-1,-1,-1
345,46870,564,367,27,29,1,-1,-1,-1
346,46958,796,359,102,54,1,-1,-1,-1
346,46936,626,355,27,26,1,-1,-1,-1
346,46932,661,355,22,23,1,-1,-1,-1
346,46891,621,376,29,70,1,-1,-1,-1
346,46885,783,368,17,31,1,-1,-1,-1
346,46870,559,367,28,30,1,-1,-1,-1
347,46958,802,359,105,55,1,-1,-1,-1
347,46936,626,355,27,26,1,-1,-1,-1
347,46932,661,355,22,23,1,-1,-1,-1
347,46891,621,376,29,71,1,-1,-1,-1
347,46885,778,368,25,31,1,-1,-1,-1
347,46870,555,367,27,30,1,-1,-1,-1
348,46958,809,359,107,55,1,-1,-1,-1
348,46936,626,355,27,26,1,-1,-1,-1
348,46932,661,355,22,23,1,-1,-1,-1
348,46891,621,376,28,70,1,-1,-1,-1
348,46885,772,368,32,32,1,-1,-1,-1
348,46870,551,367,27,30,1,-1,-1,-1
349,46958,817,359,109,54,1,-1,-1,-1
349,46936,626,355,27,26,1,-1,-1,-1
349,46932,661,354,22,24,1,-1,-1,-1
349,46891,620,376,29,70,1,-1,-1,-1
349,46885,766,368,32,32,1,-1,-1,-1
349,46870,546,367,28,30,1,-1,-1,-1
350,46958,825,358,111,55,1,-1,-1,-1
350,46936,626,354,27,26,1,-1,-1,-1
350,46932,661,354,21,23,1,-1,-1,-1
350,46891,619,376,29,70,1,-1,-1,-1
350,46885,761,368,32,32,1,-1,-1,-1
350,46870,542,367,27,30,1,-1,-1,-1
351,46958,833,358,113,55,1,-1,-1,-1
351,46936,626,354,27,26,1,-1,-1,-1
351,46932,661,354,21,23,1,-1,-1,-1
351,46891,619,375,29,70,1,-1,-1,-1
351,46885,756,367,32,33,1,-1,-1,-1
351,46870,537,366,28,31,1,-1,-1,-1
352,46958,841,358,116,55,1,-1,-1,-1
352,46936,626,354,27,26,1,-1,-1,-1
352,46932,661,354,21,23,1,-1,-1,-1
352,46891,619,375,28,70,1,-1,-1,-1
352,46885,752,367,32,33,1,-1,-1,-1
352,46870,532,366,29,31,1,-1,-1,-1
353,46958,850,358,117,55,1,-1,-1,-1
353,46936,626,354,27,26,1,-1,-1,-1
353,46932,661,354,21,23,1,-1,-1,-1
353,46891,618,376,29,69,1,-1,-1,-1
353,46885,750,368,31,33,1,-1,-1,-1
353,46870,528,367,28,31,1,-1,-1,-1
354,46958,859,359,120,55,1,-1,-1,-1
354,46936,626,355,27,25,1,-1,-1,-1
354,46932,661,354,21,24,1,-1,-1,-1
354,46891,618,376,28,70,1,-1,-1,-1
354,46885,747,368,32,34,1,-1,-1,-1
354,46870,523,367,28,31,1,-1,-1,-1
355,46958,868,359,122,55,1,-1,-1,-1
355,46936,626,355,27,26,1,-1,-1,-1
355,46932,661,355,21,23,1,-1,-1,-1
355,46891,617,376,29,70,1,-1,-1,-1
355,46885,743,369,33,33,1,-1,-1,-1
355,46870,518,367,29,32,1,-1,-1,-1
356,46958,878,359,124,56,1,-1,-1,-1
356,46936,626,355,27,26,1,-1,-1,-1
356,46932,661,355,21,23,1,-1,-1,-1
356,46891,617,376,28,70,1,-1,-1,-1
356,46885,740,369,33,34,1,-1,-1,-1
356,46870,513,368,29,31,1,-1,-1,-1
357,46958,888,359,127,56,1,-1,-1,-1
357,46936,626,355,27,25,1,-1,-1,-1
357,46932,661,354,21,24,1,-1,-1,-1
357,46891,616,376,28,70,1,-1,-1,-1
357,46885,736,369,33,34,1,-1,-1,-1
357,46870,508,367,29,32,1,-1,-1,-1
358,46958,898,358,129,56,1,-1,-1,-1
358,46936,626,354,27,26,1,-1,-1,-1
358,46932,661,354,21,23,1,-1,-1,-1
358,46891,615,376,29,69,1,-1,-1,-1
358,46885,733,369,32,35,1,-1,-1,-1
358,46870,503,367,29,32,1,-1,-1,-1
359,46958,908,358,132,56,1,-1,-1,-1
359,46936,627,354,26,26,1,-1,-1,-1
359,46932,661,354,21,23,1,-1,-1,-1
359,46891,615,376,29,69,1,-1,-1,-1
359,46885,729,368,33,36,1,-1,-1,-1
359,46884,1070,384,7,11,1,-1,-1,-1
359,46870,498,367,30,32,1,-1,-1,-1
360,46958,919,358,135,57,1,-1,-1,-1
360,46936,627,354,26,26,1,-1,-1,-1
360,46932,661,354,21,23,1,-1,-1,-1
360,46891,614,376,29,69,1,-1,-1,-1
360,46885,725,369,33,36,1,-1,-1,-1
360,46884,1067,375,13,20,1,-1,-1,-1
360,46870,493,367,30,32,1,-1,-1,-1
361,46958,931,358,137,57,1,-1,-1,-1
361,46936,627,354,26,26,1,-1,-1,-1
361,46932,661,354,21,23,1,-1,-1,-1
361,46891,612,376,29,69,1,-1,-1,-1
361,46885,721,369,34,36,1,-1,-1,-1
361,46884,1067,364,18,32,1,-1,-1,-1
361,46870,488,367,30,33,1,-1,-1,-1
362,46958,942,358,141,58,1,-1,-1,-1
362,46936,627,355,26,25,1,-1,-1,-1
362,46932,661,354,21,23,1,-1,-1,-1
362,46891,611,376,28,69,1,-1,-1,-1
362,46885,718,369,33,37,1,-1,-1,-1
362,46884,1077,364,13,32,1,-1,-1,-1
362,46870,483,368,30,32,1,-1,-1,-1
363,46958,954,359,142,58,1,-1,-1,-1
363,46936,627,355,26,25,1,-1,-1,-1
363,46932,661,354,21,24,1,-1,-1,-1
363,46891,610,376,28,70,1,-1,-1,-1
363,46885,715,370,33,37,1,-1,-1,-1
363,46870,477,368,31,33,1,-1,-1,-1
364,46958,967,359,136,58,1,-1,-1,-1
364,46936,627,355,26,25,1,-1,-1,-1
364,46932,661,354,21,24,1,-1,-1,-1
364,46891,608,376,29,69,1,-1,-1,-1
364,46885,713,370,33,37,1,-1,-1,-1
364,46870,472,368,30,33,1,-1,-1,-1
365,46958,980,358,129,59,1,-1,-1,-1
365,46936,627,355,26,25,1,-1,-1,-1
365,46932,661,354,21,23,1,-1,-1,-1
365,46891,607,376,28,69,1,-1,-1,-1
365,46885,711,370,34,37,1,-1,-1,-1
365,46870,466,368,31,33,1,-1,-1,-1
366,46958,993,358,123,59,1,-1,-1,-1
366,46936,627,354,26,26,1,-1,-1,-1
366,46932,661,354,21,23,1,-1,-1,-1
366,46891,605,376,29,69,1,-1,-1,-1
366,46885,710,369,35,39,1,-1,-1,-1
366,46870,461,368,31,33,1,-1,-1,-1
367,46958,1007,358,116,60,1,-1,-1,-1
367,46936,627,354,26,26,1,-1,-1,-1
367,46932,661,354,21,23,1,-1,-1,-1
367,46891,604,376,29,69,1,-1,-1,-1
367,46885,709,369,35,39,1,-1,-1,-1
367,46870,455,367,32,34,1,-1,-1,-1
368,46958,1020,358,111,60,1,-1,-1,-1
368,46936,627,355,26,25,1,-1,-1,-1
368,46932,661,354,21,23,1,-1,-1,-1
368,46891,602,376,29,69,1,-1,-1,-1
368,46885,708,370,34,39,1,-1,-1,-1
368,46870,450,368,31,34,1,-1,-1,-1
369,46958,1035,359,104,60,1,-1,-1,-1
369,46936,627,355,26,25,1,-1,-1,-1
369,46932,661,354,21,24,1,-1,-1,-1
369,46891,600,376,30,69,1,-1,-1,-1
369,46885,706,370,35,40,1,-1,-1,-1
369,46870,444,368,32,34,1,-1,-1,-1
370,46958,1049,359,98,61,1,-1,-1,-1
370,46936,627,355,26,26,1,-1,-1,-1
370,46932,661,355,21,23,1,-1,-1,-1
370,46891,599,376,30,69,1,-1,-1,-1
370,46885,704,370,36,41,1,-1,-1,-1
370,46884,1042,380,10,18,1,-1,-1,-1
370,46870,438,368,32,35,1,-1,-1,-1
371,46958,1064,359,89,61,1,-1,-1,-1
371,46936,627,355,26,26,1,-1,-1,-1
371,46932,661,355,21,23,1,-1,-1,-1
371,46891,597,376,30,70,1,-1,-1,-1
371,46885,702,370,36,41,1,-1,-1,-1
371,46884,1040,365,27,34,1,-1,-1,-1
371,46870,433,368,31,35,1,-1,-1,-1
372,46958,1079,358,78,63,1,-1,-1,-1
372,46936,627,355,26,25,1,-1,-1,-1
372,46932,662,354,20,23,1,-1,-1,-1
372,46891,596,376,29,69,1,-1,-1,-1
372,46885,700,370,36,41,1,-1,-1,-1
372,46884,1037,364,36,35,1,-1,-1,-1
372,46870,427,368,32,35,1,-1,-1,-1
373,46958,1094,358,72,63,1,-1,-1,-1
373,46936,627,354,26,26,1,-1,-1,-1
373,46932,662,354,20,23,1,-1,-1,-1
373,46891,594,375,30,70,1,-1,-1,-1
373,46885,698,370,37,41,1,-1,-1,-1
373,46884,1034,364,37,34,1,-1,-1,-1
373,46870,421,368,32,35,1,-1,-1,-1
374,46958,1110,358,62,59,1,-1,-1,-1
374,46936,627,354,26,26,1,-1,-1,-1
374,46932,662,354,20,23,1,-1,-1,-1
374,46891,592,375,30,69,1,-1,-1,-1
374,46885,697,370,37,41,1,-1,-1,-1
374,46884,1032,364,37,34,1,-1,-1,-1
374,46870,415,367,32,36,1,-1,-1,-1
375,46958,1125,357,54,60,1,-1,-1,-1
375,46936,627,354,26,25,1,-1,-1,-1
375,46932,662,353,20,23,1,-1,-1,-1
375,46891,591,375,29,69,1,-1,-1,-1
375,46885,698,370,37,41,1,-1,-1,-1
375,46884,1029,364,37,34,1,-1,-1,-1
375,46870,409,367,33,36,1,-1,-1,-1
376,46958,1141,358,99,60,1,-1,-1,-1
376,46936,627,354,26,26,1,-1,-1,-1
376,46932,662,354,20,23,1,-1,-1,-1
376,46891,589,375,30,69,1,-1,-1,-1
376,46885,698,370,37,42,1,-1,-1,-1
376,46884,1026,364,37,35,1,-1,-1,-1
376,46870,403,368,33,36,1,-1,-1,-1
377,46958,1157,358,92,60,1,-1,-1,-1
377,46936,627,355,26,25,1,-1,-1,-1
377,46932,663,354,19,23,1,-1,-1,-1
377,46891,587,376,30,68,1,-1,-1,-1
377,46885,699,371,37,42,1,-1,-1,-1
377,46884,1024,364,37,36,1,-1,-1,-1
377,46870,396,368,34,36,1,-1,-1,-1
378,46958,1174,359,84,51,1,-1,-1,-1
378,46936,627,355,25,26,1,-1,-1,-1
378,46932,663,355,20,23,1,-1,-1,-1
378,46891,585,376,30,69,1,-1,-1,-1
378,46885,699,371,37,44,1,-1,-1,-1
378,46884,1021,365,38,36,1,-1,-1,-1
378,46870,390,369,33,36,1,-1,-1,-1
379,46958,1191,360,77,50,1,-1,-1,-1
379,46936,627,356,25,26,1,-1,-1,-1
379,46932,663,356,20,23,1,-1,-1,-1
379,46891,583,377,30,69,1,-1,-1,-1
379,46885,700,372,37,44,1,-1,-1,-1
379,46884,1019,366,38,36,1,-1,-1,-1
379,46870,383,370,34,37,1,-1,-1,-1
380,46936,627,357,25,26,1,-1,-1,-1
380,46932,663,357,20,23,1,-1,-1,-1
380,46891,580,378,31,68,1,-1,-1,-1
380,46885,700,373,38,44,1,-1,-1,-1
380,46884,1017,367,38,36,1,-1,-1,-1
380,46870,377,371,34,37,1,-1,-1,-1
381,46936,627,358,25,25,1,-1,-1,-1
381,46932,664,357,19,23,1,-1,-1,-1
381,46891,577,379,31,68,1,-1,-1,-1
381,46885,701,374,38,45,1,-1,-1,-1
381,46884,1015,368,38,36,1,-1,-1,-1
381,46870,370,372,34,37,1,-1,-1,-1
382,46936,627,359,25,25,1,-1,-1,-1
382,46932,664,358,20,23,1,-1,-1,-1
382,46891,575,379,30,68,1,-1,-1,-1
382,46885,701,375,39,45,1,-1,-1,-1
382,46884,1013,369,39,36,1,-1,-1,-1
382,46870,362,373,35,37,1,-1,-1,-1
383,46936,627,359,25,26,1,-1,-1,-1
383,46932,664,359,20,23,1,-1,-1,-1
383,46891,571,380,31,68,1,-1,-1,-1
383,46885,702,376,39,45,1,-1,-1,-1
383,46884,1012,369,39,37,1,-1,-1,-1
383,46870,355,373,35,38,1,-1,-1,-1
384,46936,627,360,25,25,1,-1,-1,-1
384,46932,664,359,20,23,1,-1,-1,-1
384,46891,567,380,32,68,1,-1,-1,-1
384,46885,703,376,40,47,1,-1,-1,-1
384,46884,1010,370,39,37,1,-1,-1,-1
384,46870,347,374,35,38,1,-1,-1,-1
385,46936,627,359,25,26,1,-1,-1,-1
385,46932,665,359,19,23,1,-1,-1,-1
385,46891,562,380,34,68,1,-1,-1,-1
385,46885,704,376,40,47,1,-1,-1,-1
385,46884,1009,370,39,37,1,-1,-1,-1
385,46870,339,374,36,38,1,-1,-1,-1
386,46936,627,359,25,25,1,-1,-1,-1
386,46932,665,358,20,23,1,-1,-1,-1
386,46891,558,380,33,67,1,-1,-1,-1
386,46885,704,376,41,47,1,-1,-1,-1
386,46884,1007,369,40,38,1,-1,-1,-1
386,46870,331,373,36,39,1,-1,-1,-1
387,46936,627,358,25,26,1,-1,-1,-1
387,46932,665,358,20,23,1,-1,-1,-1
387,46891,553,379,34,67,1,-1,-1,-1
387,46885,705,375,41,48,1,-1,-1,-1
387,46884,1005,368,41,38,1,-1,-1,-1
387,46870,322,373,37,39,1,-1,-1,-1
388,46936,627,358,25,25,1,-1,-1,-1
388,46932,665,357,20,23,1,-1,-1,-1
388,46891,548,378,35,67,1,-1,-1,-1
388,46885,706,375,41,48,1,-1,-1,-1
388,46884,1004,368,41,38,1,-1,-1,-1
388,46870,314,372,37,40,1,-1,-1,-1
389,46936,627,357,25,26,1,-1,-1,-1
389,46932,665,357,20,23,1,-1,-1,-1
389,46891,542,378,36,67,1,-1,-1,-1
389,46885,707,375,42,49,1,-1,-1,-1
389,46884,1002,367,41,39,1,-1,-1,-1
389,46870,305,372,37,40,1,-1,-1,-1
390,46936,626,357,26,25,1,-1,-1,-1
390,46932,666,356,20,23,1,-1,-1,-1
390,46891,535,377,37,67,1,-1,-1,-1
390,46885,708,375,42,49,1,-1,-1,-1
390,46884,1001,367,41,39,1,-1,-1,-1
390,46870,296,372,38,40,1,-1,-1,-1
391,46936,626,357,26,25,1,-1,-1,-1
391,46932,666,356,20,24,1,-1,-1,-1
391,46891,529,377,37,66,1,-1,-1,-1
391,46885,709,375,43,50,1,-1,-1,-1
391,46884,999,367,42,40,1,-1,-1,-1
391,46870,287,372,38,41,1,-1,-1,-1
392,46936,626,357,26,26,1,-1,-1,-1
392,46932,666,357,20,23,1,-1,-1,-1
392,46891,522,378,38,66,1,-1,-1,-1
392,46885,710,376,43,51,1,-1,-1,-1
392,46884,998,368,42,40,1,-1,-1,-1
392,46870,278,372,38,42,1,-1,-1,-1
393,46936,626,358,27,25,1,-1,-1,-1
393,46932,666,357,21,23,1,-1,-1,-1
393,46891,514,378,41,66,1,-1,-1,-1
393,46885,711,376,44,52,1,-1,-1,-1
393,46884,997,368,43,41,1,-1,-1,-1
393,46870,268,373,39,42,1,-1,-1,-1
394,46936,626,357,27,26,1,-1,-1,-1
394,46932,666,357,21,23,1,-1,-1,-1
394,46891,509,378,41,67,1,-1,-1,-1
394,46885,712,376,45,53,1,-1,-1,-1
394,46884,995,368,44,41,1,-1,-1,-1
394,46870,258,373,39,42,1,-1,-1,-1
395,46936,626,357,27,25,1,-1,-1,-1
395,46932,666,356,22,24,1,-1,-1,-1
395,46891,503,378,43,67,1,-1,-1,-1
395,46885,713,375,45,54,1,-1,-1,-1
395,46884,994,367,44,42,1,-1,-1,-1
395,46870,247,372,40,43,1,-1,-1,-1
396,46936,626,356,27,26,1,-1,-1,-1
396,46932,666,355,23,24,1,-1,-1,-1
396,46891,496,377,46,68,1,-1,-1,-1
396,46885,714,375,46,55,1,-1,-1,-1
396,46884,993,367,44,42,1,-1,-1,-1
396,46870,237,371,40,44,1,-1,-1,-1
397,46936,626,354,27,26,1,-1,-1,-1
397,46932,666,353,24,24,1,-1,-1,-1
397,46891,491,375,47,68,1,-1,-1,-1
397,46885,715,373,47,55,1,-1,-1,-1
397,46884,991,365,45,42,1,-1,-1,-1
397,46870,227,369,41,45,1,-1,-1,-1
398,46936,626,350,27,26,1,-1,-1,-1
398,46932,666,349,25,24,1,-1,-1,-1
398,46891,487,371,47,68,1,-1,-1,-1
398,46885,716,369,47,56,1,-1,-1,-1
398,46884,988,361,45,42,1,-1,-1,-1
398,46870,218,365,41,45,1,-1,-1,-1
399,46936,626,347,27,26,1,-1,-1,-1
399,46932,666,346,26,24,1,-1,-1,-1
399,46891,482,368,48,68,1,-1,-1,-1
399,46885,716,366,48,57,1,-1,-1,-1
399,46884,985,358,46,43,1,-1,-1,-1
399,46870,209,363,42,45,1,-1,-1,-1
400,46936,626,346,27,26,1,-1,-1,-1
400,46932,667,346,27,23,1,-1,-1,-1
400,46891,477,368,48,68,1,-1,-1,-1
400,46885,717,366,47,57,1,-1,-1,-1
400,46884,982,357,46,43,1,-1,-1,-1
400,46870,201,362,42,46,1,-1,-1,-1
401,46936,626,347,26,26,1,-1,-1,-1
401,46932,667,347,28,23,1,-1,-1,-1
401,46891,472,368,48,68,1,-1,-1,-1
401,46885,717,367,48,57,1,-1,-1,-1
401,46884,979,358,46,43,1,-1,-1,-1
401,46870,192,363,43,46,1,-1,-1,-1
402,46936,626,348,26,26,1,-1,-1,-1
402,46932,668,348,28,23,1,-1,-1,-1
402,46891,467,369,49,68,1,-1,-1,-1
402,46885,717,368,48,58,1,-1,-1,-1
402,46884,976,359,46,44,1,-1,-1,-1
402,46870,184,364,42,46,1,-1,-1,-1
403,46936,627,349,25,26,1,-1,-1,-1
403,46932,668,349,29,23,1,-1,-1,-1
403,46891,460,371,51,67,1,-1,-1,-1
403,46885,716,369,49,59,1,-1,-1,-1
403,46884,973,360,47,44,1,-1,-1,-1
403,46870,175,365,43,47,1,-1,-1,-1
404,46936,627,351,25,25,1,-1,-1,-1
404,46932,669,350,30,23,1,-1,-1,-1
404,46891,455,372,51,68,1,-1,-1,-1
404,46885,716,371,49,59,1,-1,-1,-1
404,46884,970,362,47,44,1,-1,-1,-1
404,46870,166,367,43,46,1,-1,-1,-1
404,46869,625,363,2,6,1,-1,-1,-1
405,46936,627,352,25,26,1,-1,-1,-1
405,46932,669,352,31,23,1,-1,-1,-1
405,46891,450,373,50,68,1,-1,-1,-1
405,46885,715,372,49,60,1,-1,-1,-1
405,46884,967,363,47,44,1,-1,-1,-1
405,46870,157,368,43,47,1,-1,-1,-1
405,46869,624,364,3,6,1,-1,-1,-1
406,46936,627,354,25,25,1,-1,-1,-1
406,46932,670,353,32,23,1,-1,-1,-1
406,46891,444,375,51,67,1,-1,-1,-1
406,46885,714,374,50,61,1,-1,-1,-1
406,46884,964,365,47,44,1,-1,-1,-1
406,46870,147,370,43,47,1,-1,-1,-1
406,46869,624,362,3,12,1,-1,-1,-1
407,46936,627,355,25,25,1,-1,-1,-1
407,46932,670,354,34,24,1,-1,-1,-1
407,46891,438,376,51,68,1,-1,-1,-1
407,46885,713,375,50,62,1,-1,-1,-1
407,46884,961,366,48,45,1,-1,-1,-1
407,46870,137,371,44,48,1,-1,-1,-1
407,46869,623,363,4,13,1,-1,-1,-1
408,46936,627,356,25,26,1,-1,-1,-1
408,46932,671,356,35,23,1,-1,-1,-1
408,46891,430,377,53,69,1,-1,-1,-1
408,46885,711,377,51,62,1,-1,-1,-1
408,46884,958,367,48,46,1,-1,-1,-1
408,46870,126,373,44,48,1,-1,-1,-1
408,46869,623,364,4,14,1,-1,-1,-1
409,46936,627,357,25,26,1,-1,-1,-1
409,46932,672,357,36,23,1,-1,-1,-1
409,46891,423,378,54,69,1,-1,-1,-1
409,46885,709,378,52,64,1,-1,-1,-1
409,46884,955,368,49,46,1,-1,-1,-1
409,46870,115,374,45,48,1,-1,-1,-1
409,46869,623,366,4,13,1,-1,-1,-1
410,46936,627,358,25,26,1,-1,-1,-1
410,46932,673,358,37,23,1,-1,-1,-1
410,46891,416,379,55,69,1,-1,-1,-1
410,46885,707,379,53,65,1,-1,-1,-1
410,46884,952,369,49,47,1,-1,-1,-1
410,46870,103,375,45,49,1,-1,-1,-1
410,46869,622,366,5,14,1,-1,-1,-1
411,46936,629,359,26,25,1,-1,-1,-1
411,46932,677,358,38,23,1,-1,-1,-1
411,46891,412,381,54,68,1,-1,-1,-1
411,46885,708,380,53,66,1,-1,-1,-1
411,46884,953,369,49,47,1,-1,-1,-1
411,46870,95,377,46,49,1,-1,-1,-1
411,46869,624,367,5,14,1,-1,-1,-1
412,46936,633,359,26,26,1,-1,-1,-1
412,46932,682,359,40,23,1,-1,-1,-1
412,46891,408,381,55,70,1,-1,-1,-1
412,46885,709,381,55,68,1,-1,-1,-1
412,46884,955,370,51,47,1,-1,-1,-1
412,46870,90,378,45,50,1,-1,-1,-1
412,46869,628,368,5,13,1,-1,-1,-1
413,46936,637,360,26,25,1,-1,-1,-1
413,46932,687,359,42,23,1,-1,-1,-1
413,46891,404,382,55,69,1,-1,-1,-1
413,46885,710,382,57,69,1,-1,-1,-1
413,46884,957,370,51,48,1,-1,-1,-1
413,46870,83,378,46,50,1,-1,-1,-1
413,46869,631,368,5,13,1,-1,-1,-1
414,46936,640,359,26,26,1,-1,-1,-1
414,46932,692,358,43,24,1,-1,-1,-1
414,46891,397,381,57,70,1,-1,-1,-1
414,46885,711,382,57,70,1,-1,-1,-1
414,46884,958,370,52,48,1,-1,-1,-1
414,46870,76,378,46,50,1,-1,-1,-1
414,46869,633,367,6,14,1,-1,-1,-1
415,46936,643,358,26,26,1,-1,-1,-1
415,46932,697,357,44,24,1,-1,-1,-1
415,46891,392,380,56,70,1,-1,-1,-1
415,46885,710,381,59,73,1,-1,-1,-1
415,46884,959,369,53,49,1,-1,-1,-1
415,46870,68,377,47,51,1,-1,-1,-1
415,46869,636,366,6,14,1,-1,-1,-1
416,46936,645,357,27,26,1,-1,-1,-1
416,46932,701,356,46,24,1,-1,-1,-1
416,46891,385,379,57,70,1,-1,-1,-1
416,46885,710,380,59,75,1,-1,-1,-1
416,46884,958,368,54,50,1,-1,-1,-1
416,46870,60,376,46,51,1,-1,-1,-1
416,46869,638,365,5,14,1,-1,-1,-1
417,46936,648,356,26,26,1,-1,-1,-1
417,46932,705,355,47,24,1,-1,-1,-1
417,46891,377,378,58,70,1,-1,-1,-1
417,46885,709,380,59,77,1,-1,-1,-1
417,46884,957,367,54,50,1,-1,-1,-1
417,46870,51,375,47,51,1,-1,-1,-1
417,46869,639,364,6,14,1,-1,-1,-1
418,46936,649,355,27,26,1,-1,-1,-1
418,46932,709,354,48,24,1,-1,-1,-1
418,46891,368,377,59,70,1,-1,-1,-1
418,46885,706,380,61,78,1,-1,-1,-1
418,46884,956,366,54,51,1,-1,-1,-1
418,46870,42,374,46,52,1,-1,-1,-1
418,46869,640,363,6,14,1,-1,-1,-1
419,46936,651,355,27,25,1,-1,-1,-1
419,46932,713,354,49,23,1,-1,-1,-1
419,46891,358,377,60,70,1,-1,-1,-1
419,46885,702,380,63,81,1,-1,-1,-1
419,46884,953,366,56,52,1,-1,-1,-1
419,46870,32,373,47,53,1,-1,-1,-1
419,46869,641,363,6,13,1,-1,-1,-1
420,46951,870,359,11,12,1,-1,-1,-1
420,46936,653,355,26,25,1,-1,-1,-1
420,46932,718,354,49,23,1,-1,-1,-1
420,46891,348,377,61,69,1,-1,-1,-1
420,46885,698,380,65,84,1,-1,-1,-1
420,46884,951,366,56,52,1,-1,-1,-1
420,46870,21,373,48,53,1,-1,-1,-1
420,46869,642,363,6,13,1,-1,-1,-1
421,46951,870,359,14,12,1,-1,-1,-1
421,46936,654,355,27,26,1,-1,-1,-1
421,46932,722,354,50,24,1,-1,-1,-1
421,46891,338,377,61,70,1,-1,-1,-1
421,46885,693,381,67,86,1,-1,-1,-1
421,46884,948,367,57,53,1,-1,-1,-1
421,46870,10,374,48,53,1,-1,-1,-1
421,46869,643,363,6,14,1,-1,-1,-1
422,46951,870,359,16,15,1,-1,-1,-1
422,46936,655,355,27,26,1,-1,-1,-1
422,46932,726,354,51,24,1,-1,-1,-1
422,46891,329,378,62,70,1,-1,-1,-1
422,46885,687,382,69,89,1,-1,-1,-1
422,46884,945,367,57,54,1,-1,-1,-1
422,46870,0,374,47,54,1,-1,-1,-1
422,46869,643,364,6,13,1,-1,-1,-1
423,46951,869,359,20,16,1,-1,-1,-1
423,46936,656,355,28,26,1,-1,-1,-1
423,46932,730,354,52,24,1,-1,-1,-1
423,46891,322,378,62,70,1,-1,-1,-1
423,46885,681,383,71,92,1,-1,-1,-1
423,46884,941,367,58,54,1,-1,-1,-1
423,46870,0,374,35,55,1,-1,-1,-1
423,46869,644,363,6,14,1,-1,-1,-1
424,46951,868,359,23,16,1,-1,-1,-1
424,46936,657,355,28,26,1,-1,-1,-1
424,46932,734,354,53,24,1,-1,-1,-1
424,46891,315,377,64,72,1,-1,-1,-1
424,46885,674,383,73,96,1,-1,-1,-1
424,46884,937,367,59,55,1,-1,-1,-1
424,46870,0,374,23,55,1,-1,-1,-1
424,46869,643,363,7,14,1,-1,-1,-1
425,46951,868,358,26,16,1,-1,-1,-1
425,46936,658,354,28,26,1,-1,-1,-1
425,46932,739,354,50,23,1,-1,-1,-1
425,46891,309,377,64,72,1,-1,-1,-1
425,46885,668,384,74,99,1,-1,-1,-1
425,46884,932,367,60,55,1,-1,-1,-1
425,46870,0,383,11,46,1,-1,-1,-1
425,46869,643,363,7,13,1,-1,-1,-1
426,46951,867,358,29,16,1,-1,-1,-1
426,46936,659,354,28,26,1,-1,-1,-1
426,46932,743,353,54,24,1,-1,-1,-1
426,46891,301,377,66,73,1,-1,-1,-1
426,46885,659,385,76,102,1,-1,-1,-1
426,46884,927,367,61,55,1,-1,-1,-1
426,46869,644,362,6,14,1,-1,-1,-1
427,46951,866,358,32,16,1,-1,-1,-1
427,46936,660,354,28,26,1,-1,-1,-1
427,46932,747,353,55,24,1,-1,-1,-1
427,46891,294,377,67,73,1,-1,-1,-1
427,46885,649,385,79,108,1,-1,-1,-1
427,46884,922,367,61,56,1,-1,-1,-1
427,46869,643,362,7,14,1,-1,-1,-1
428,46951,865,358,35,16,1,-1,-1,-1
428,46936,660,354,28,26,1,-1,-1,-1
428,46932,752,353,51,24,1,-1,-1,-1
428,46891,286,377,67,74,1,-1,-1,-1
428,46885,639,387,82,112,1,-1,-1,-1
428,46884,917,367,61,57,1,-1,-1,-1
428,46869,643,362,7,14,1,-1,-1,-1
429,46951,864,358,38,16,1,-1,-1,-1
429,46936,661,355,28,25,1,-1,-1,-1
429,46932,756,353,52,24,1,-1,-1,-1
429,46891,277,378,68,74,1,-1,-1,-1
429,46885,629,388,83,118,1,-1,-1,-1
429,46884,910,367,63,58,1,-1,-1,-1
429,46869,643,363,7,13,1,-1,-1,-1
430,46951,862,359,40,16,1,-1,-1,-1
430,46936,662,355,28,26,1,-1,-1,-1
430,46932,761,354,52,23,1,-1,-1,-1
430,46891,267,378,69,75,1,-1,-1,-1
430,46885,614,390,89,124,1,-1,-1,-1
430,46884,904,368,63,58,1,-1,-1,-1
430,46869,642,363,7,14,1,-1,-1,-1
431,46951,861,359,40,16,1,-1,-1,-1
431,46936,662,355,28,26,1,-1,-1,-1
431,46932,765,354,52,23,1,-1,-1,-1
431,46891,257,378,70,76,1,-1,-1,-1
431,46885,598,391,95,131,1,-1,-1,-1
431,46884,897,368,64,58,1,-1,-1,-1
431,46869,641,363,8,14,1,-1,-1,-1
432,46951,860,358,39,16,1,-1,-1,-1
432,46936,662,354,29,26,1,-1,-1,-1
432,46932,770,353,52,23,1,-1,-1,-1
432,46891,246,377,70,77,1,-1,-1,-1
432,46885,581,392,100,140,1,-1,-1,-1
432,46884,890,367,64,60,1,-1,-1,-1
432,46869,641,362,7,14,1,-1,-1,-1
433,46951,859,357,40,17,1,-1,-1,-1
433,46936,663,353,28,26,1,-1,-1,-1
433,46932,774,352,53,24,1,-1,-1,-1
433,46891,235,377,71,76,1,-1,-1,-1
433,46885,562,394,106,148,1,-1,-1,-1
433,46884,882,367,65,59,1,-1,-1,-1
433,46869,640,362,8,13,1,-1,-1,-1
434,46951,859,356,40,17,1,-1,-1,-1
434,46936,665,353,28,25,1,-1,-1,-1
434,46932,781,351,49,23,1,-1,-1,-1
434,46891,225,377,72,76,1,-1,-1,-1
434,46885,544,395,112,158,1,-1,-1,-1
434,46884,875,365,66,61,1,-1,-1,-1
434,46869,641,361,7,13,1,-1,-1,-1
435,46951,863,355,40,16,1,-1,-1,-1
435,46936,670,352,29,26,1,-1,-1,-1
435,46932,791,350,58,23,1,-1,-1,-1
435,46891,219,377,74,76,1,-1,-1,-1
435,46885,527,397,119,169,1,-1,-1,-1
435,46884,873,364,66,61,1,-1,-1,-1
435,46869,645,360,8,14,1,-1,-1,-1
436,46951,868,354,40,16,1,-1,-1,-1
436,46936,677,351,28,26,1,-1,-1,-1
436,46932,802,349,58,23,1,-1,-1,-1
436,46891,217,376,72,76,1,-1,-1,-1
436,46885,508,399,127,182,1,-1,-1,-1
436,46884,870,363,67,62,1,-1,-1,-1
436,46869,650,359,8,14,1,-1,-1,-1
437,46951,873,353,41,17,1,-1,-1,-1
437,46936,683,350,28,26,1,-1,-1,-1
437,46932,812,348,59,24,1,-1,-1,-1
437,46891,214,376,71,75,1,-1,-1,-1
437,46885,487,401,136,197,1,-1,-1,-1
437,46884,867,363,68,62,1,-1,-1,-1
437,46881,932,362,4,3,1,-1,-1,-1
437,46869,655,359,8,13,1,-1,-1,-1
438,46951,878,353,40,17,1,-1,-1,-1
438,46936,688,350,28,26,1,-1,-1,-1
438,46932,822,348,60,23,1,-1,-1,-1
438,46891,210,375,71,74,1,-1,-1,-1
438,46885,455,404,153,213,1,-1,-1,-1
438,46884,862,363,69,62,1,-1,-1,-1
438,46881,934,360,9,8,1,-1,-1,-1
438,46869,659,358,8,14,1,-1,-1,-1
439,46951,882,352,39,16,1,-1,-1,-1
439,46936,692,348,28,26,1,-1,-1,-1
439,46932,830,347,61,23,1,-1,-1,-1
439,46891,206,372,70,74,1,-1,-1,-1
439,46885,420,406,169,231,1,-1,-1,-1
439,46884,856,361,68,64,1,-1,-1,-1
439,46881,936,354,12,15,1,-1,-1,-1
439,46869,661,356,9,14,1,-1,-1,-1
440,46951,883,349,36,17,1,-1,-1,-1
440,46936,692,345,29,26,1,-1,-1,-1
440,46932,837,344,59,23,1,-1,-1,-1
440,46891,201,368,69,74,1,-1,-1,-1
440,46885,379,406,185,250,1,-1,-1,-1
440,46884,844,359,69,63,1,-1,-1,-1
440,46881,935,352,13,15,1,-1,-1,-1
440,46869,661,353,8,14,1,-1,-1,-1
441,46951,887,349,30,16,1,-1,-1,-1
441,46936,692,344,29,26,1,-1,-1,-1
441,46932,839,343,61,24,1,-1,-1,-1
441,46891,197,367,69,73,1,-1,-1,-1
441,46885,332,409,205,272,1,-1,-1,-1
441,46884,832,358,68,63,1,-1,-1,-1
441,46881,932,351,16,15,1,-1,-1,-1
441,46869,659,352,9,14,1,-1,-1,-1
442,46951,891,349,23,17,1,-1,-1,-1
442,46936,692,345,29,26,1,-1,-1,-1
442,46932,843,344,61,24,1,-1,-1,-1
442,46891,195,367,68,73,1,-1,-1,-1
442,46885,273,414,233,299,1,-1,-1,-1
442,46884,819,359,69,63,1,-1,-1,-1
442,46881,929,352,16,15,1,-1,-1,-1
442,46869,658,353,9,14,1,-1,-1,-1
443,46951,895,351,17,13,1,-1,-1,-1
443,46936,691,346,30,26,1,-1,-1,-1
443,46932,849,345,60,24,1,-1,-1,-1
443,46891,194,369,68,72,1,-1,-1,-1
443,46885,203,421,268,298,1,-1,-1,-1
443,46884,807,360,68,63,1,-1,-1,-1
443,46881,926,353,16,15,1,-1,-1,-1
443,46869,657,355,9,13,1,-1,-1,-1
444,46936,691,348,30,25,1,-1,-1,-1
444,46932,853,347,60,23,1,-1,-1,-1
444,46891,193,370,68,73,1,-1,-1,-1
444,46885,129,430,303,289,1,-1,-1,-1
444,46884,795,361,67,63,1,-1,-1,-1
444,46881,924,355,16,14,1,-1,-1,-1
444,46869,655,356,9,13,1,-1,-1,-1
445,46936,690,349,31,26,1,-1,-1,-1
445,46932,857,348,60,24,1,-1,-1,-1
445,46891,192,371,68,70,1,-1,-1,-1
445,46885,62,440,324,279,1,-1,-1,-1
445,46884,782,363,67,62,1,-1,-1,-1
445,46881,921,356,17,15,1,-1,-1,-1
445,46869,654,357,9,14,1,-1,-1,-1
446,46936,690,350,31,26,1,-1,-1,-1
446,46932,863,349,58,24,1,-1,-1,-1
446,46891,191,372,68,73,1,-1,-1,-1
446,46885,0,452,331,267,1,-1,-1,-1
446,46884,769,364,67,62,1,-1,-1,-1
446,46881,921,357,14,15,1,-1,-1,-1
446,46869,653,358,9,14,1,-1,-1,-1
447,46936,689,351,32,26,1,-1,-1,-1
447,46932,873,350,52,24,1,-1,-1,-1
447,46891,189,373,69,73,1,-1,-1,-1
447,46885,0,468,266,251,1,-1,-1,-1
447,46884,756,365,67,62,1,-1,-1,-1
447,46881,923,358,9,14,1,-1,-1,-1
447,46869,651,359,9,14,1,-1,-1,-1
448,46936,689,352,32,25,1,-1,-1,-1
448,46932,873,351,57,23,1,-1,-1,-1
448,46891,186,374,71,72,1,-1,-1,-1
448,46885,0,553,171,166,1,-1,-1,-1
448,46884,743,365,66,62,1,-1,-1,-1
448,46881,923,358,7,13,1,-1,-1,-1
448,46869,650,360,9,13,1,-1,-1,-1
449,46936,689,353,31,25,1,-1,-1,-1
449,46932,873,351,61,24,1,-1,-1,-1
449,46891,185,375,71,72,1,-1,-1,-1
449,46885,0,700,22,19,1,-1,-1,-1
449,46884,730,366,66,62,1,-1,-1,-1
449,46869,648,361,10,13,1,-1,-1,-1
450,46951,863,357,13,13,1,-1,-1,-1
450,46936,688,353,32,25,1,-1,-1,-1
450,46932,876,352,62,24,1,-1,-1,-1
450,46891,184,375,71,72,1,-1,-1,-1
450,46884,717,367,65,61,1,-1,-1,-1
450,46869,647,361,9,14,1,-1,-1,-1
451,46959,1263,374,16,45,1,-1,-1,-1
451,46951,873,358,12,16,1,-1,-1,-1
451,46936,688,354,32,25,1,-1,-1,-1
451,46932,880,352,62,24,1,-1,-1,-1
451,46891,181,376,72,72,1,-1,-1,-1
451,46884,704,367,65,62,1,-1,-1,-1
451,46869,645,362,10,13,1,-1,-1,-1
452,46959,1256,366,23,54,1,-1,-1,-1
452,46951,874,358,12,17,1,-1,-1,-1
452,46936,688,354,33,25,1,-1,-1,-1
452,46932,884,353,63,24,1,-1,-1,-1
452,46891,179,377,73,71,1,-1,-1,-1
452,46884,691,368,65,61,1,-1,-1,-1
452,46869,644,362,10,14,1,-1,-1,-1
453,46959,1248,363,31,66,1,-1,-1,-1
453,46951,875,359,14,16,1,-1,-1,-1
453,46936,688,355,33,25,1,-1,-1,-1
453,46932,889,354,62,23,1,-1,-1,-1
453,46891,177,378,73,71,1,-1,-1,-1
453,46884,678,368,65,62,1,-1,-1,-1
453,46869,643,363,10,13,1,-1,-1,-1
454,46959,1242,363,37,70,1,-1,-1,-1
454,46951,876,359,15,17,1,-1,-1,-1
454,46936,689,356,33,25,1,-1,-1,-1
454,46932,895,354,58,24,1,-1,-1,-1
454,46891,174,378,73,72,1,-1,-1,-1
454,46884,666,369,64,62,1,-1,-1,-1
454,46869,643,364,10,13,1,-1,-1,-1
455,46959,1237,363,42,72,1,-1,-1,-1
455,46951,850,360,41,17,1,-1,-1,-1
455,46936,690,357,33,24,1,-1,-1,-1
455,46932,900,355,55,24,1,-1,-1,-1
455,46891,172,379,73,72,1,-1,-1,-1
455,46884,654,370,64,61,1,-1,-1,-1
455,46869,643,364,10,14,1,-1,-1,-1
456,46959,1232,363,47,72,1,-1,-1,-1
456,46951,852,361,40,16,1,-1,-1,-1
456,46936,691,357,33,25,1,-1,-1,-1
456,46932,907,355,50,24,1,-1,-1,-1
456,46891,169,379,73,72,1,-1,-1,-1
456,46884,642,370,64,62,1,-1,-1,-1
456,46881,901,369,13,9,1,-1,-1,-1
456,46869,643,365,10,13,1,-1,-1,-1
457,46959,1228,363,51,73,1,-1,-1,-1
457,46951,851,361,41,17,1,-1,-1,-1
457,46936,692,357,34,25,1,-1,-1,-1
457,46932,913,356,46,24,1,-1,-1,-1
457,46891,165,380,73,71,1,-1,-1,-1
457,46884,631,371,64,61,1,-1,-1,-1
457,46881,899,364,16,14,1,-1,-1,-1
457,46869,643,365,10,13,1,-1,-1,-1
458,46959,1226,363,53,73,1,-1,-1,-1
458,46951,852,361,41,17,1,-1,-1,-1
458,46936,694,358,34,25,1,-1,-1,-1
458,46932,920,356,43,24,1,-1,-1,-1
458,46891,162,381,73,70,1,-1,-1,-1
458,46884,619,371,64,62,1,-1,-1,-1
458,46881,900,364,16,15,1,-1,-1,-1
458,46869,644,366,10,13,1,-1,-1,-1
459,46959,1224,363,55,74,1,-1,-1,-1
459,46951,854,362,41,16,1,-1,-1,-1
459,46936,696,358,34,25,1,-1,-1,-1
459,46932,928,356,38,24,1,-1,-1,-1
459,46891,159,381,72,70,1,-1,-1,-1
459,46884,608,372,64,61,1,-1,-1,-1
459,46881,900,364,17,15,1,-1,-1,-1
459,46869,647,366,8,13,1,-1,-1,-1
460,46959,1223,363,56,75,1,-1,-1,-1
460,46951,855,362,42,16,1,-1,-1,-1
460,46936,699,358,34,25,1,-1,-1,-1
460,46932,936,357,35,24,1,-1,-1,-1
460,46891,154,381,73,70,1,-1,-1,-1
460,46884,597,372,64,61,1,-1,-1,-1
460,46881,903,365,15,14,1,-1,-1,-1
460,46869,646,366,10,13,1,-1,-1,-1
461,46959,1222,363,57,75,1,-1,-1,-1
461,46951,857,363,41,16,1,-1,-1,-1
461,46936,702,359,34,24,1,-1,-1,-1
461,46932,944,357,31,24,1,-1,-1,-1
461,46891,149,381,74,70,1,-1,-1,-1
461,46884,586,372,64,62,1,-1,-1,-1
461,46881,903,365,16,15,1,-1,-1,-1
461,46869,647,366,11,14,1,-1,-1,-1
462,46959,1222,363,57,76,1,-1,-1,-1
462,46951,861,363,39,16,1,-1,-1,-1
462,46936,704,359,34,24,1,-1,-1,-1
462,46932,952,357,27,24,1,-1,-1,-1
462,46891,142,381,75,70,1,-1,-1,-1
462,46884,576,372,63,62,1,-1,-1,-1
462,46881,904,365,17,15,1,-1,-1,-1
462,46869,649,366,10,14,1,-1,-1,-1
463,46959,1222,363,57,77,1,-1,-1,-1
463,46951,864,363,8,16,1,-1,-1,-1
463,46936,707,359,34,24,1,-1,-1,-1
463,46932,960,357,24,24,1,-1,-1,-1
463,46891,136,381,75,70,1,-1,-1,-1
463,46884,565,372,63,62,1,-1,-1,-1
463,46881,906,365,16,15,1,-1,-1,-1
463,46869,650,366,11,14,1,-1,-1,-1
464,46959,1222,364,57,77,1,-1,-1,-1
464,46951,862,363,14,16,1,-1,-1,-1
464,46936,710,359,34,25,1,-1,-1,-1
464,46932,969,357,20,24,1,-1,-1,-1
464,46891,129,381,75,69,1,-1,-1,-1
464,46884,554,372,64,63,1,-1,-1,-1
464,46881,907,365,17,15,1,-1,-1,-1
464,46869,651,367,11,13,1,-1,-1,-1
465,46959,1223,364,56,77,1,-1,-1,-1
465,46951,865,363,36,17,1,-1,-1,-1
465,46936,713,359,35,25,1,-1,-1,-1
465,46932,978,357,16,22,1,-1,-1,-1
465,46891,123,382,74,68,1,-1,-1,-1
465,46884,544,373,63,62,1,-1,-1,-1
465,46881,913,365,13,15,1,-1,-1,-1
465,46869,653,367,11,13,1,-1,-1,-1
466,46959,1224,364,55,78,1,-1,-1,-1
466,46951,867,363,18,17,1,-1,-1,-1
466,46936,716,359,35,25,1,-1,-1,-1
466,46932,988,357,12,22,1,-1,-1,-1
466,46891,115,382,75,69,1,-1,-1,-1
466,46884,533,373,63,63,1,-1,-1,-1
466,46881,917,366,11,15,1,-1,-1,-1
466,46869,655,367,11,13,1,-1,-1,-1
467,46959,1226,365,53,79,1,-1,-1,-1
467,46951,869,363,21,17,1,-1,-1,-1
467,46936,719,360,36,24,1,-1,-1,-1
467,46932,998,358,8,19,1,-1,-1,-1
467,46891,106,383,76,67,1,-1,-1,-1
467,46884,522,373,64,63,1,-1,-1,-1
467,46881,922,366,9,15,1,-1,-1,-1
467,46869,657,367,11,14,1,-1,-1,-1
468,46959,1228,365,51,80,1,-1,-1,-1
468,46951,872,364,23,17,1,-1,-1,-1
468,46936,723,360,35,25,1,-1,-1,-1
468,46891,97,383,77,68,1,-1,-1,-1
468,46884,512,374,63,63,1,-1,-1,-1
468,46881,927,366,6,15,1,-1,-1,-1
468,46869,659,368,11,13,1,-1,-1,-1
469,46959,1230,366,49,80,1,-1,-1,-1
469,46951,875,364,25,17,1,-1,-1,-1
469,46936,726,360,36,25,1,-1,-1,-1
469,46891,88,383,79,69,1,-1,-1,-1
469,46884,501,374,63,64,1,-1,-1,-1
469,46881,933,375,3,7,1,-1,-1,-1
469,46869,661,368,11,14,1,-1,-1,-1
470,46959,1233,367,46,79,1,-1,-1,-1
470,46951,877,364,31,18,1,-1,-1,-1
470,46936,730,361,36,25,1,-1,-1,-1
470,46891,83,384,79,69,1,-1,-1,-1
470,46884,490,375,64,64,1,-1,-1,-1
470,46869,663,369,11,13,1,-1,-1,-1
471,46959,1236,367,43,79,1,-1,-1,-1
471,46951,880,365,33,17,1,-1,-1,-1
471,46936,733,361,37,25,1,-1,-1,-1
471,46891,76,384,80,69,1,-1,-1,-1
471,46884,479,375,63,65,1,-1,-1,-1
471,46869,665,369,11,13,1,-1,-1,-1
472,46959,1239,368,40,77,1,-1,-1,-1
472,46951,883,365,33,17,1,-1,-1,-1
472,46936,737,361,36,25,1,-1,-1,-1
472,46891,69,385,80,69,1,-1,-1,-1
472,46884,467,375,64,65,1,-1,-1,-1
472,46869,667,369,11,13,1,-1,-1,-1
473,46959,1242,369,37,74,1,-1,-1,-1
473,46951,885,365,39,17,1,-1,-1,-1
473,46936,740,361,37,25,1,-1,-1,-1
473,46891,60,385,81,70,1,-1,-1,-1
473,46884,455,376,64,65,1,-1,-1,-1
473,46869,669,369,11,14,1,-1,-1,-1
474,46959,1246,370,33,68,1,-1,-1,-1
474,46951,888,365,38,18,1,-1,-1,-1
474,46936,743,361,38,25,1,-1,-1,-1
474,46891,50,385,81,71,1,-1,-1,-1
474,46884,443,376,64,66,1,-1,-1,-1
474,46869,670,369,12,14,1,-1,-1,-1
475,46959,1249,373,30,65,1,-1,-1,-1
475,46951,890,365,42,18,1,-1,-1,-1
475,46936,746,361,38,25,1,-1,-1,-1
475,46891,39,385,82,72,1,-1,-1,-1
475,46884,430,376,64,66,1,-1,-1,-1
475,46869,672,369,11,14,1,-1,-1,-1
476,46959,1252,376,27,64,1,-1,-1,-1
476,46951,892,365,45,18,1,-1,-1,-1
476,46936,749,361,39,26,1,-1,-1,-1
476,46891,26,385,83,72,1,-1,-1,-1
476,46884,416,376,65,67,1,-1,-1,-1
476,46881,937,380,3,4,1,-1,-1,-1
476,46869,673,369,12,14,1,-1,-1,-1
477,46959,1255,380,24,61,1,-1,-1,-1
477,46951,894,364,45,18,1,-1,-1,-1
477,46936,752,361,39,25,1,-1,-1,-1
477,46891,12,385,83,73,1,-1,-1,-1
477,46884,402,376,65,68,1,-1,-1,-1
477,46881,939,377,3,6,1,-1,-1,-1
477,46869,674,369,12,13,1,-1,-1,-1
478,46959,1260,385,19,55,1,-1,-1,-1
478,46951,898,363,45,18,1,-1,-1,-1
478,46936,756,360,40,25,1,-1,-1,-1
478,46891,0,385,84,74,1,-1,-1,-1
478,46884,390,375,64,69,1,-1,-1,-1
478,46881,944,371,8,11,1,-1,-1,-1
478,46869,677,368,12,13,1,-1,-1,-1
479,46951,905,362,46,18,1,-1,-1,-1
479,46936,763,358,40,26,1,-1,-1,-1
479,46891,0,386,77,73,1,-1,-1,-1
479,46884,381,375,64,69,1,-1,-1,-1
479,46881,951,370,9,10,1,-1,-1,-1
479,46869,683,367,11,13,1,-1,-1,-1
480,46951,913,360,41,19,1,-1,-1,-1
480,46936,771,357,41,26,1,-1,-1,-1
480,46891,0,385,72,74,1,-1,-1,-1
480,46884,373,374,64,70,1,-1,-1,-1
480,46881,960,363,12,16,1,-1,-1,-1
480,46869,689,366,12,14,1,-1,-1,-1
481,46951,921,360,45,18,1,-1,-1,-1
481,46936,779,357,42,26,1,-1,-1,-1
481,46891,0,386,66,73,1,-1,-1,-1
481,46884,365,374,63,70,1,-1,-1,-1
481,46881,971,362,16,17,1,-1,-1,-1
481,46869,696,366,11,13,1,-1,-1,-1
482,46951,932,360,48,19,1,-1,-1,-1
482,46936,790,357,43,26,1,-1,-1,-1
482,46891,0,388,64,74,1,-1,-1,-1
482,46884,359,376,63,70,1,-1,-1,-1
482,46881,981,362,19,17,1,-1,-1,-1
482,46869,705,366,12,14,1,-1,-1,-1
483,46951,947,360,49,19,1,-1,-1,-1
483,46936,804,357,44,27,1,-1,-1,-1
483,46891,0,390,66,73,1,-1,-1,-1
483,46884,357,378,62,70,1,-1,-1,-1
483,46881,997,362,21,17,1,-1,-1,-1
483,46869,717,367,12,14,1,-1,-1,-1
484,46951,963,360,50,19,1,-1,-1,-1
484,46936,819,357,45,27,1,-1,-1,-1
484,46891,0,391,70,74,1,-1,-1,-1
484,46884,355,379,62,71,1,-1,-1,-1
484,46881,1015,362,21,17,1,-1,-1,-1
484,46869,729,367,12,14,1,-1,-1,-1
485,46951,978,360,52,19,1,-1,-1,-1
485,46936,833,357,47,27,1,-1,-1,-1
485,46891,0,392,71,74,1,-1,-1,-1
485,46884,353,379,60,72,1,-1,-1,-1
485,46881,1032,368,22,12,1,-1,-1,-1
485,46869,741,367,12,14,1,-1,-1,-1
486,46951,997,359,53,20,1,-1,-1,-1
486,46936,850,357,48,27,1,-1,-1,-1
486,46891,7,394,70,73,1,-1,-1,-1
486,46884,353,380,59,72,1,-1,-1,-1
486,46881,1053,361,22,18,1,-1,-1,-1
486,46869,755,367,13,15,1,-1,-1,-1
487,46951,1019,357,56,21,1,-1,-1,-1
487,46936,870,356,50,28,1,-1,-1,-1
487,46891,19,395,68,73,1,-1,-1,-1
487,46884,356,381,58,73,1,-1,-1,-1
487,46881,1078,360,18,19,1,-1,-1,-1
487,46869,772,367,13,14,1,-1,-1,-1
488,46951,1043,357,58,21,1,-1,-1,-1
488,46936,891,355,52,29,1,-1,-1,-1
488,46891,31,396,64,72,1,-1,-1,-1
488,46884,359,382,57,72,1,-1,-1,-1
488,46881,1104,359,24,19,1,-1,-1,-1
488,46869,790,367,13,14,1,-1,-1,-1
489,46951,1071,355,61,22,1,-1,-1,-1
489,46936,915,354,54,29,1,-1,-1,-1
489,46891,46,397,62,72,1,-1,-1,-1
489,46884,364,382,56,73,1,-1,-1,-1
489,46881,1135,357,26,20,1,-1,-1,-1
489,46869,810,366,13,15,1,-1,-1,-1
490,46953,0,381,33,22,1,-1,-1,-1
490,46951,1103,352,64,23,1,-1,-1,-1
490,46936,942,352,57,30,1,-1,-1,-1
490,46891,65,398,58,71,1,-1,-1,-1
490,46884,372,383,55,73,1,-1,-1,-1
490,46881,1171,355,28,20,1,-1,-1,-1
490,46869,833,365,13,15,1,-1,-1,-1
491,46953,21,381,49,22,1,-1,-1,-1
491,46951,1139,349,69,24,1,-1,-1,-1
491,46936,972,349,61,31,1,-1,-1,-1
491,46891,87,398,55,70,1,-1,-1,-1
491,46884,383,382,52,74,1,-1,-1,-1
491,46881,1212,352,30,21,1,-1,-1,-1
491,46869,858,363,14,15,1,-1,-1,-1
492,46953,60,380,47,22,1,-1,-1,-1
492,46951,1180,346,74,25,1,-1,-1,-1
492,46936,1005,346,65,32,1,-1,-1,-1
492,46891,110,398,52,69,1,-1,-1,-1
492,46884,394,382,52,74,1,-1,-1,-1
492,46881,1258,348,21,23,1,-1,-1,-1
492,46869,885,361,14,15,1,-1,-1,-1
493,46953,94,378,46,21,1,-1,-1,-1
493,46951,1220,343,59,26,1,-1,-1,-1
493,46936,1037,344,70,32,1,-1,-1,-1
493,46891,129,396,50,68,1,-1,-1,-1
493,46884,405,380,50,74,1,-1,-1,-1
493,46870,0,394,28,46,1,-1,-1,-1
493,46869,911,359,15,16,1,-1,-1,-1
494,46953,127,377,45,21,1,-1,-1,-1
494,46951,1264,342,15,24,1,-1,-1,-1
494,46936,1072,340,75,34,1,-1,-1,-1
494,46891,150,394,47,68,1,-1,-1,-1
494,46884,416,379,48,74,1,-1,-1,-1
494,46870,28,393,32,45,1,-1,-1,-1
494,46869,938,357,16,16,1,-1,-1,-1
495,46953,158,375,44,20,1,-1,-1,-1
495,46936,1108,337,82,35,1,-1,-1,-1
495,46891,169,393,45,67,1,-1,-1,-1
495,46884,427,378,47,74,1,-1,-1,-1
495,46870,59,391,30,44,1,-1,-1,-1
495,46869,966,354,17,17,1,-1,-1,-1
496,46953,185,373,44,20,1,-1,-1,-1
496,46936,1144,335,87,36,1,-1,-1,-1
496,46891,185,391,43,66,1,-1,-1,-1
496,46884,437,377,45,74,1,-1,-1,-1
496,46870,86,388,29,44,1,-1,-1,-1
496,46869,993,353,18,17,1,-1,-1,-1
497,46953,210,372,44,19,1,-1,-1,-1
497,46936,1181,332,95,38,1,-1,-1,-1
497,46924,0,375,18,24,1,-1,-1,-1
497,46891,201,389,42,66,1,-1,-1,-1
497,46884,447,376,43,74,1,-1,-1,-1
497,46870,112,387,28,43,1,-1,-1,-1
497,46869,1021,351,18,18,1,-1,-1,-1
498,46953,234,370,44,20,1,-1,-1,-1
498,46936,1219,332,60,37,1,-1,-1,-1
498,46924,0,374,46,28,1,-1,-1,-1
498,46891,218,388,40,65,1,-1,-1,-1
498,46884,456,375,43,75,1,-1,-1,-1
498,46870,136,386,27,42,1,-1,-1,-1
498,46869,1049,350,19,18,1,-1,-1,-1
499,46953,255,369,45,20,1,-1,-1,-1
499,46936,1257,332,22,36,1,-1,-1,-1
499,46924,0,372,70,28,1,-1,-1,-1
499,46891,232,387,39,65,1,-1,-1,-1
499,46884,464,374,42,75,1,-1,-1,-1
499,46870,157,384,27,42,1,-1,-1,-1
499,46869,1076,349,21,19,1,-1,-1,-1
500,46953,276,369,45,19,1,-1,-1,-1
500,46924,0,372,93,30,1,-1,-1,-1
500,46891,248,387,38,65,1,-1,-1,-1
500,46884,473,374,40,75,1,-1,-1,-1
500,46870,178,384,26,41,1,-1,-1,-1
500,46869,1105,348,21,19,1,-1,-1,-1
501,46953,297,369,45,19,1,-1,-1,-1
501,46924,18,371,98,30,1,-1,-1,-1
501,46891,264,387,36,64,1,-1,-1,-1
501,46884,483,374,38,75,1,-1,-1,-1
501,46870,199,383,25,41,1,-1,-1,-1
501,46869,1136,348,22,19,1,-1,-1,-1
502,46953,315,368,46,19,1,-1,-1,-1
502,46924,40,371,95,29,1,-1,-1,-1
502,46891,277,386,36,65,1,-1,-1,-1
502,46884,491,374,37,75,1,-1,-1,-1
502,46870,218,382,24,41,1,-1,-1,-1
502,46869,1166,348,23,20,1,-1,-1,-1
503,46953,333,368,45,19,1,-1,-1,-1
503,46924,63,370,92,30,1,-1,-1,-1
503,46891,291,386,35,65,1,-1,-1,-1
503,46884,499,374,37,76,1,-1,-1,-1
503,46883,4,382,11,8,1,-1,-1,-1
503,46870,236,382,24,40,1,-1,-1,-1
503,46869,1198,347,25,21,1,-1,-1,-1
504,46953,352,367,43,19,1,-1,-1,-1
504,46924,85,370,89,29,1,-1,-1,-1
504,46891,305,386,34,64,1,-1,-1,-1
504,46884,508,374,36,76,1,-1,-1,-1
504,46883,35,381,11,8,1,-1,-1,-1
504,46870,254,382,24,40,1,-1,-1,-1
504,46869,1232,347,26,21,1,-1,-1,-1
505,46953,372,367,41,19,1,-1,-1,-1
505,46924,106,369,88,29,1,-1,-1,-1
505,46891,319,385,34,65,1,-1,-1,-1
505,46884,518,374,35,75,1,-1,-1,-1
505,46883,66,380,10,8,1,-1,-1,-1
505,46870,274,381,21,40,1,-1,-1,-1
505,46869,1268,353,11,14,1,-1,-1,-1
506,46953,387,366,43,19,1,-1,-1,-1
506,46924,127,368,86,28,1,-1,-1,-1
506,46891,333,385,33,64,1,-1,-1,-1
506,46884,528,373,34,76,1,-1,-1,-1
506,46883,94,379,10,8,1,-1,-1,-1
506,46870,292,380,21,40,1,-1,-1,-1
507,46953,403,365,42,19,1,-1,-1,-1
507,46924,145,367,84,28,1,-1,-1,-1
507,46891,345,384,33,65,1,-1,-1,-1
507,46884,537,373,32,76,1,-1,-1,-1
507,46883,119,377,9,8,1,-1,-1,-1
507,46870,307,379,22,39,1,-1,-1,-1
508,46953,417,364,43,19,1,-1,-1,-1
508,46924,162,366,83,28,1,-1,-1,-1
508,46891,357,383,32,65,1,-1,-1,-1
508,46884,546,372,31,76,1,-1,-1,-1
508,46883,143,376,9,8,1,-1,-1,-1
508,46870,323,378,21,39,1,-1,-1,-1
509,46953,432,364,43,18,1,-1,-1,-1
509,46924,179,365,81,28,1,-1,-1,-1
509,46891,369,382,32,66,1,-1,-1,-1
509,46884,555,372,31,76,1,-1,-1,-1
509,46883,166,375,8,7,1,-1,-1,-1
509,46870,338,377,21,39,1,-1,-1,-1
510,46953,445,363,42,18,1,-1,-1,-1
510,46924,193,364,79,27,1,-1,-1,-1
510,46891,379,381,31,66,1,-1,-1,-1
510,46884,563,371,30,77,1,-1,-1,-1
510,46883,186,373,6,8,1,-1,-1,-1
510,46870,351,376,21,39,1,-1,-1,-1
511,46953,459,362,42,19,1,-1,-1,-1
511,46924,207,364,78,27,1,-1,-1,-1
511,46891,390,381,31,65,1,-1,-1,-1
511,46884,571,371,29,77,1,-1,-1,-1
511,46883,205,373,7,7,1,-1,-1,-1
511,46870,365,376,21,39,1,-1,-1,-1
512,46953,473,362,41,18,1,-1,-1,-1
512,46924,222,364,77,26,1,-1,-1,-1
512,46891,402,381,30,65,1,-1,-1,-1
512,46884,581,371,28,76,1,-1,-1,-1
512,46883,228,372,3,4,1,-1,-1,-1
512,46870,380,375,21,39,1,-1,-1,-1
513,46953,485,362,42,18,1,-1,-1,-1
513,46924,234,363,77,26,1,-1,-1,-1
513,46891,413,380,29,65,1,-1,-1,-1
513,46884,589,371,28,76,1,-1,-1,-1
513,46870,393,375,21,39,1,-1,-1,-1
514,46953,496,361,42,18,1,-1,-1,-1
514,46924,245,362,76,27,1,-1,-1,-1
514,46891,422,380,29,65,1,-1,-1,-1
514,46884,597,371,26,77,1,-1,-1,-1
514,46870,404,374,21,40,1,-1,-1,-1
515,46953,505,361,42,18,1,-1,-1,-1
515,46924,253,362,76,26,1,-1,-1,-1
515,46891,428,380,30,65,1,-1,-1,-1
515,46884,602,371,26,77,1,-1,-1,-1
515,46870,413,374,21,39,1,-1,-1,-1
516,46953,512,361,42,18,1,-1,-1,-1
516,46924,259,361,75,26,1,-1,-1,-1
516,46891,434,380,30,65,1,-1,-1,-1
516,46884,606,371,26,77,1,-1,-1,-1
516,46870,420,374,21,39,1,-1,-1,-1
517,46953,518,361,42,18,1,-1,-1,-1
517,46924,262,361,76,26,1,-1,-1,-1
517,46891,438,379,30,67,1,-1,-1,-1
517,46884,609,371,25,77,1,-1,-1,-1
517,46870,427,373,20,40,1,-1,-1,-1
518,46953,526,361,42,18,1,-1,-1,-1
518,46924,268,361,75,26,1,-1,-1,-1
518,46891,444,380,30,67,1,-1,-1,-1
518,46884,614,371,25,77,1,-1,-1,-1
518,46870,434,373,21,40,1,-1,-1,-1
519,46953,535,360,42,19,1,-1,-1,-1
519,46924,276,361,75,26,1,-1,-1,-1
519,46891,452,380,31,69,1,-1,-1,-1
519,46884,621,371,24,77,1,-1,-1,-1
519,46870,444,373,21,40,1,-1,-1,-1
520,46953,545,360,42,19,1,-1,-1,-1
520,46924,285,361,74,26,1,-1,-1,-1
520,46903,615,367,3,9,1,-1,-1,-1
520,46891,460,380,31,69,1,-1,-1,-1
520,46884,628,370,24,78,1,-1,-1,-1
520,46870,454,373,19,38,1,-1,-1,-1
521,46953,553,360,43,19,1,-1,-1,-1
521,46924,292,360,74,26,1,-1,-1,-1
521,46903,623,367,6,9,1,-1,-1,-1
521,46891,468,380,31,70,1,-1,-1,-1
521,46884,634,370,25,79,1,-1,-1,-1
521,46870,463,373,18,38,1,-1,-1,-1
522,46953,563,360,43,19,1,-1,-1,-1
522,46924,300,360,74,26,1,-1,-1,-1
522,46903,633,363,8,13,1,-1,-1,-1
522,46891,478,380,30,71,1,-1,-1,-1
522,46884,642,370,25,78,1,-1,-1,-1
522,46870,473,372,17,38,1,-1,-1,-1
523,46953,574,359,43,19,1,-1,-1,-1
523,46924,311,360,73,26,1,-1,-1,-1
523,46903,645,362,10,13,1,-1,-1,-1
523,46891,489,379,31,73,1,-1,-1,-1
523,46884,652,369,25,79,1,-1,-1,-1
523,46870,486,372,15,38,1,-1,-1,-1
524,46953,585,358,43,20,1,-1,-1,-1
524,46924,321,359,73,26,1,-1,-1,-1
524,46903,656,362,12,13,1,-1,-1,-1
524,46891,499,379,31,73,1,-1,-1,-1
524,46884,662,369,25,78,1,-1,-1,-1
524,46870,497,371,15,35,1,-1,-1,-1
525,46953,594,358,44,19,1,-1,-1,-1
525,46924,329,358,73,26,1,-1,-1,-1
525,46903,666,361,14,13,1,-1,-1,-1
525,46891,509,378,31,74,1,-1,-1,-1
525,46884,671,368,25,79,1,-1,-1,-1
525,46870,508,370,21,33,1,-1,-1,-1
526,46953,605,357,39,19,1,-1,-1,-1
526,46924,338,357,73,26,1,-1,-1,-1
526,46903,676,360,14,13,1,-1,-1,-1
526,46891,520,377,31,75,1,-1,-1,-1
526,46884,681,367,25,79,1,-1,-1,-1
526,46870,520,369,20,31,1,-1,-1,-1
527,46953,616,356,42,19,1,-1,-1,-1
527,46924,349,356,72,26,1,-1,-1,-1
527,46903,688,359,13,13,1,-1,-1,-1
527,46891,532,376,31,76,1,-1,-1,-1
527,46884,692,366,25,79,1,-1,-1,-1
527,46870,533,369,20,31,1,-1,-1,-1
528,46953,627,355,45,20,1,-1,-1,-1
528,46924,360,356,70,25,1,-1,-1,-1
528,46903,700,358,13,14,1,-1,-1,-1
528,46891,544,376,31,76,1,-1,-1,-1
528,46884,704,365,25,79,1,-1,-1,-1
528,46870,546,368,21,34,1,-1,-1,-1
529,46953,637,354,45,20,1,-1,-1,-1
529,46924,370,355,69,25,1,-1,-1,-1
529,46903,710,358,14,13,1,-1,-1,-1
529,46891,555,375,31,77,1,-1,-1,-1
529,46884,714,365,25,78,1,-1,-1,-1
529,46870,558,367,20,35,1,-1,-1,-1
530,46953,645,353,43,20,1,-1,-1,-1
530,46924,380,353,65,25,1,-1,-1,-1
530,46903,719,356,13,14,1,-1,-1,-1
530,46891,564,374,32,77,1,-1,-1,-1
530,46884,722,363,25,79,1,-1,-1,-1
530,46870,567,365,21,37,1,-1,-1,-1
531,46953,649,351,45,20,1,-1,-1,-1
531,46924,386,350,61,25,1,-1,-1,-1
531,46903,723,354,14,14,1,-1,-1,-1
531,46891,570,371,32,78,1,-1,-1,-1
531,46884,727,361,25,78,1,-1,-1,-1
531,46870,573,363,20,37,1,-1,-1,-1
532,46953,651,349,45,20,1,-1,-1,-1
532,46924,377,348,70,25,1,-1,-1,-1
532,46903,726,353,13,14,1,-1,-1,-1
532,46891,574,369,32,78,1,-1,-1,-1
532,46884,729,360,25,76,1,-1,-1,-1
532,46870,577,361,21,37,1,-1,-1,-1
533,46953,653,349,45,20,1,-1,-1,-1
533,46924,376,348,71,25,1,-1,-1,-1
533,46903,729,353,12,14,1,-1,-1,-1
533,46891,578,369,32,78,1,-1,-1,-1
533,46884,732,360,24,76,1,-1,-1,-1
533,46870,581,361,21,35,1,-1,-1,-1
534,46953,654,350,46,21,1,-1,-1,-1
534,46924,376,349,71,25,1,-1,-1,-1
534,46903,731,354,12,14,1,-1,-1,-1
534,46891,582,370,31,78,1,-1,-1,-1
534,46884,734,361,24,75,1,-1,-1,-1
534,46870,585,362,21,21,1,-1,-1,-1
535,46953,656,352,46,21,1,-1,-1,-1
535,46924,375,350,71,25,1,-1,-1,-1
535,46903,733,356,12,14,1,-1,-1,-1
535,46891,585,372,32,78,1,-1,-1,-1
535,46884,736,363,24,74,1,-1,-1,-1
535,46870,588,364,21,20,1,-1,-1,-1
536,46953,657,354,46,21,1,-1,-1,-1
536,46924,374,351,71,26,1,-1,-1,-1
536,46903,735,358,11,14,1,-1,-1,-1
536,46891,588,374,32,78,1,-1,-1,-1
536,46884,737,364,24,74,1,-1,-1,-1
536,46870,592,365,21,21,1,-1,-1,-1
537,46953,658,356,46,20,1,-1,-1,-1
537,46924,377,353,67,25,1,-1,-1,-1
537,46903,736,360,12,14,1,-1,-1,-1
537,46891,591,375,32,79,1,-1,-1,-1
537,46884,739,366,24,73,1,-1,-1,-1
537,46870,595,367,20,21,1,-1,-1,-1
538,46953,658,357,47,21,1,-1,-1,-1
538,46924,378,355,64,24,1,-1,-1,-1
538,46903,737,362,12,14,1,-1,-1,-1
538,46891,594,377,32,79,1,-1,-1,-1
538,46884,741,368,23,72,1,-1,-1,-1
538,46870,597,369,21,20,1,-1,-1,-1
539,46953,659,358,47,21,1,-1,-1,-1
539,46924,368,355,72,25,1,-1,-1,-1
539,46903,740,363,11,14,1,-1,-1,-1
539,46891,596,378,32,79,1,-1,-1,-1
539,46884,742,369,23,72,1,-1,-1,-1
539,46870,600,370,21,20,1,-1,-1,-1
540,46953,659,359,47,21,1,-1,-1,-1
540,46924,365,355,73,26,1,-1,-1,-1
540,46903,743,363,9,14,1,-1,-1,-1
540,46891,598,379,33,79,1,-1,-1,-1
540,46884,743,369,23,72,1,-1,-1,-1
540,46870,603,370,19,20,1,-1,-1,-1
541,46953,658,359,48,21,1,-1,-1,-1
541,46924,362,356,73,24,1,-1,-1,-1
541,46903,740,363,13,15,1,-1,-1,-1
541,46891,600,379,32,80,1,-1,-1,-1
541,46884,744,369,23,71,1,-1,-1,-1
541,46870,604,370,21,20,1,-1,-1,-1
542,46953,658,359,48,21,1,-1,-1,-1
542,46924,359,356,73,25,1,-1,-1,-1
542,46903,742,363,11,15,1,-1,-1,-1
542,46891,601,379,33,80,1,-1,-1,-1
542,46884,745,369,23,71,1,-1,-1,-1
542,46870,606,370,21,20,1,-1,-1,-1
543,46953,657,359,49,21,1,-1,-1,-1
543,46924,358,356,72,25,1,-1,-1,-1
543,46903,740,367,14,11,1,-1,-1,-1
543,46891,603,379,33,81,1,-1,-1,-1
543,46884,746,369,22,70,1,-1,-1,-1
543,46870,608,370,21,21,1,-1,-1,-1
544,46953,657,361,48,21,1,-1,-1,-1
544,46924,354,357,73,25,1,-1,-1,-1
544,46903,741,365,15,15,1,-1,-1,-1
544,46891,605,380,34,82,1,-1,-1,-1
544,46884,747,371,23,69,1,-1,-1,-1
544,46870,610,372,21,21,1,-1,-1,-1
545,46953,656,363,49,21,1,-1,-1,-1
545,46924,351,359,74,25,1,-1,-1,-1
545,46903,742,368,11,13,1,-1,-1,-1
545,46891,607,383,34,82,1,-1,-1,-1
545,46884,749,372,22,70,1,-1,-1,-1
545,46870,612,374,22,21,1,-1,-1,-1
546,46953,655,364,49,21,1,-1,-1,-1
546,46924,347,360,72,25,1,-1,-1,-1
546,46903,743,368,13,15,1,-1,-1,-1
546,46891,609,384,34,83,1,-1,-1,-1
546,46884,751,373,22,69,1,-1,-1,-1
546,46870,615,375,20,21,1,-1,-1,-1
547,46953,654,364,49,22,1,-1,-1,-1
547,46924,343,360,64,26,1,-1,-1,-1
547,46903,743,368,16,15,1,-1,-1,-1
547,46891,611,385,34,84,1,-1,-1,-1
547,46884,752,374,22,69,1,-1,-1,-1
547,46870,616,375,22,22,1,-1,-1,-1
548,46953,652,364,50,22,1,-1,-1,-1
548,46924,339,360,68,26,1,-1,-1,-1
548,46903,743,368,15,15,1,-1,-1,-1
548,46891,612,385,35,85,1,-1,-1,-1
548,46884,753,374,23,69,1,-1,-1,-1
548,46870,618,375,21,22,1,-1,-1,-1
549,46953,650,364,51,22,1,-1,-1,-1
549,46924,335,359,72,27,1,-1,-1,-1
549,46903,743,368,17,15,1,-1,-1,-1
549,46891,613,384,35,87,1,-1,-1,-1
549,46884,754,373,23,69,1,-1,-1,-1
549,46870,619,375,22,22,1,-1,-1,-1
550,46953,648,363,51,22,1,-1,-1,-1
550,46924,331,358,73,26,1,-1,-1,-1
550,46903,743,367,17,15,1,-1,-1,-1
550,46891,613,384,37,87,1,-1,-1,-1
550,46884,755,372,23,69,1,-1,-1,-1
550,46870,620,374,22,22,1,-1,-1,-1
551,46953,646,362,51,22,1,-1,-1,-1
551,46924,326,357,75,26,1,-1,-1,-1
551,46903,742,366,18,15,1,-1,-1,-1
551,46891,615,383,36,88,1,-1,-1,-1
551,46884,756,371,22,69,1,-1,-1,-1
551,46870,621,373,22,22,1,-1,-1,-1
552,46953,644,361,51,22,1,-1,-1,-1
552,46924,324,356,73,26,1,-1,-1,-1
552,46903,741,365,18,15,1,-1,-1,-1
552,46891,615,382,37,89,1,-1,-1,-1
552,46884,756,370,23,69,1,-1,-1,-1
552,46870,622,372,22,23,1,-1,-1,-1
553,46953,641,360,51,23,1,-1,-1,-1
553,46924,322,355,70,26,1,-1,-1,-1
553,46903,740,364,18,15,1,-1,-1,-1
553,46891,615,381,37,90,1,-1,-1,-1
553,46884,757,369,22,68,1,-1,-1,-1
553,46870,622,371,22,23,1,-1,-1,-1
554,46953,638,359,52,23,1,-1,-1,-1
554,46924,320,354,65,27,1,-1,-1,-1
554,46903,739,363,18,16,1,-1,-1,-1
554,46891,616,380,37,91,1,-1,-1,-1
554,46884,757,368,22,68,1,-1,-1,-1
554,46870,623,370,22,24,1,-1,-1,-1
555,46953,636,358,51,23,1,-1,-1,-1
555,46924,317,353,62,27,1,-1,-1,-1
555,46903,738,362,18,16,1,-1,-1,-1
555,46891,616,379,37,92,1,-1,-1,-1
555,46884,757,367,22,68,1,-1,-1,-1
555,46870,623,369,22,24,1,-1,-1,-1
556,46953,632,356,52,24,1,-1,-1,-1
556,46924,315,351,62,27,1,-1,-1,-1
556,46903,737,360,18,16,1,-1,-1,-1
556,46891,616,378,37,91,1,-1,-1,-1
556,46884,756,366,22,67,1,-1,-1,-1
556,46870,623,367,23,24,1,-1,-1,-1
557,46953,630,354,51,24,1,-1,-1,-1
557,46924,292,349,69,27,1,-1,-1,-1
557,46903,735,358,18,16,1,-1,-1,-1
557,46891,616,376,38,91,1,-1,-1,-1
557,46884,756,364,21,66,1,-1,-1,-1
557,46870,623,365,23,24,1,-1,-1,-1
558,46953,627,353,51,25,1,-1,-1,-1
558,46924,286,349,73,27,1,-1,-1,-1
558,46903,734,358,17,16,1,-1,-1,-1
558,46891,617,375,37,91,1,-1,-1,-1
558,46884,755,363,21,66,1,-1,-1,-1
558,46870,624,365,22,23,1,-1,-1,-1
559,46953,624,354,51,24,1,-1,-1,-1
559,46924,280,349,78,27,1,-1,-1,-1
559,46903,732,358,18,16,1,-1,-1,-1
559,46891,617,375,37,91,1,-1,-1,-1
559,46884,754,363,22,66,1,-1,-1,-1
559,46870,624,365,22,24,1,-1,-1,-1
560,46953,621,355,51,24,1,-1,-1,-1
560,46924,274,350,82,27,1,-1,-1,-1
560,46903,730,359,18,16,1,-1,-1,-1
560,46891,618,377,37,90,1,-1,-1,-1
560,46884,754,364,21,66,1,-1,-1,-1
560,46870,624,366,23,23,1,-1,-1,-1
561,46953,618,356,51,25,1,-1,-1,-1
561,46924,269,351,82,28,1,-1,-1,-1
561,46903,728,361,18,16,1,-1,-1,-1
561,46891,618,378,37,90,1,-1,-1,-1
561,46884,753,366,22,64,1,-1,-1,-1
561,46870,625,368,22,23,1,-1,-1,-1
562,46953,616,357,50,25,1,-1,-1,-1
562,46924,263,353,83,27,1,-1,-1,-1
562,46903,727,362,18,16,1,-1,-1,-1
562,46891,618,379,37,90,1,-1,-1,-1
562,46884,753,367,21,65,1,-1,-1,-1
562,46870,625,369,23,23,1,-1,-1,-1
563,46953,613,359,50,25,1,-1,-1,-1
563,46924,257,354,83,28,1,-1,-1,-1
563,46903,724,363,19,17,1,-1,-1,-1
563,46891,619,380,36,90,1,-1,-1,-1
563,46884,753,368,21,65,1,-1,-1,-1
563,46870,625,370,23,23,1,-1,-1,-1
564,46953,610,359,50,26,1,-1,-1,-1
564,46924,253,354,81,28,1,-1,-1,-1
564,46903,722,364,19,16,1,-1,-1,-1
564,46891,619,381,36,89,1,-1,-1,-1
564,46884,753,369,20,64,1,-1,-1,-1
564,46870,625,371,23,23,1,-1,-1,-1
565,46953,607,359,50,27,1,-1,-1,-1
565,46924,250,355,79,28,1,-1,-1,-1
565,46903,720,364,18,16,1,-1,-1,-1
565,46891,619,381,37,89,1,-1,-1,-1
565,46884,752,369,21,64,1,-1,-1,-1
565,46870,625,371,23,23,1,-1,-1,-1
566,46953,605,359,49,27,1,-1,-1,-1
566,46924,247,355,76,28,1,-1,-1,-1
566,46903,718,364,18,17,1,-1,-1,-1
566,46891,619,381,37,89,1,-1,-1,-1
566,46884,752,369,21,63,1,-1,-1,-1
566,46870,626,371,23,23,1,-1,-1,-1
567,46953,602,359,49,27,1,-1,-1,-1
567,46924,244,355,71,27,1,-1,-1,-1
567,46903,716,364,18,17,1,-1,-1,-1
567,46891,619,381,37,90,1,-1,-1,-1
567,46884,752,369,20,63,1,-1,-1,-1
567,46870,626,371,23,23,1,-1,-1,-1
568,46953,599,360,49,27,1,-1,-1,-1
568,46924,241,355,70,28,1,-1,-1,-1
568,46903,713,365,18,16,1,-1,-1,-1
568,46891,619,382,37,91,1,-1,-1,-1
568,46884,751,369,21,63,1,-1,-1,-1
568,46870,626,372,23,23,1,-1,-1,-1
569,46953,596,361,49,28,1,-1,-1,-1
569,46924,237,357,68,27,1,-1,-1,-1
569,46903,711,367,18,16,1,-1,-1,-1
569,46891,619,384,37,92,1,-1,-1,-1
569,46884,751,371,21,63,1,-1,-1,-1
569,46870,626,373,23,24,1,-1,-1,-1
570,46953,594,363,48,28,1,-1,-1,-1
570,46924,233,358,65,28,1,-1,-1,-1
570,46903,709,368,17,17,1,-1,-1,-1
570,46891,619,386,38,93,1,-1,-1,-1
570,46884,751,372,21,63,1,-1,-1,-1
570,46870,626,375,23,24,1,-1,-1,-1
571,46953,591,363,48,29,1,-1,-1,-1
571,46924,229,358,62,29,1,-1,-1,-1
571,46903,706,369,17,16,1,-1,-1,-1
571,46891,619,386,38,96,1,-1,-1,-1
571,46884,751,373,21,63,1,-1,-1,-1
571,46870,626,375,23,24,1,-1,-1,-1
572,46953,588,363,48,29,1,-1,-1,-1
572,46924,225,358,57,28,1,-1,-1,-1
572,46903,704,368,17,17,1,-1,-1,-1
572,46891,619,386,38,97,1,-1,-1,-1
572,46884,752,372,20,63,1,-1,-1,-1
572,46870,626,375,24,25,1,-1,-1,-1
573,46953,586,362,48,30,1,-1,-1,-1
573,46924,221,357,46,27,1,-1,-1,-1
573,46903,702,368,16,16,1,-1,-1,-1
573,46891,618,385,40,98,1,-1,-1,-1
573,46884,752,371,20,63,1,-1,-1,-1
573,46870,626,374,24,26,1,-1,-1,-1
574,46953,583,361,48,30,1,-1,-1,-1
574,46924,216,356,46,29,1,-1,-1,-1
574,46903,699,367,16,16,1,-1,-1,-1
574,46891,618,385,40,99,1,-1,-1,-1
574,46884,752,371,20,62,1,-1,-1,-1
574,46870,626,373,24,26,1,-1,-1,-1
575,46953,581,360,48,31,1,-1,-1,-1
575,46924,212,355,46,30,1,-1,-1,-1
575,46903,697,366,15,16,1,-1,-1,-1
575,46891,618,384,40,100,1,-1,-1,-1
575,46884,752,370,20,62,1,-1,-1,-1
575,46870,626,372,24,26,1,-1,-1,-1
576,46953,578,359,48,31,1,-1,-1,-1
576,46924,208,354,46,30,1,-1,-1,-1
576,46903,695,365,15,17,1,-1,-1,-1
576,46891,618,383,40,101,1,-1,-1,-1
576,46884,752,369,20,62,1,-1,-1,-1
576,46870,626,371,24,26,1,-1,-1,-1
577,46953,575,358,49,32,1,-1,-1,-1
577,46924,203,353,44,30,1,-1,-1,-1
577,46903,693,364,14,17,1,-1,-1,-1
577,46891,618,382,41,103,1,-1,-1,-1
577,46884,751,368,21,62,1,-1,-1,-1
577,46870,626,371,24,26,1,-1,-1,-1
578,46953,573,356,48,33,1,-1,-1,-1
578,46924,200,352,43,30,1,-1,-1,-1
578,46903,691,362,13,17,1,-1,-1,-1
578,46891,617,381,42,103,1,-1,-1,-1
578,46884,751,366,21,63,1,-1,-1,-1
578,46870,626,369,24,27,1,-1,-1,-1
579,46953,571,353,48,33,1,-1,-1,-1
579,46924,196,348,41,31,1,-1,-1,-1
579,46903,689,359,13,17,1,-1,-1,-1
579,46891,618,378,41,103,1,-1,-1,-1
579,46884,751,363,20,62,1,-1,-1,-1
579,46870,626,366,24,27,1,-1,-1,-1
580,46953,568,349,49,34,1,-1,-1,-1
580,46924,194,344,34,30,1,-1,-1,-1
580,46903,687,355,12,17,1,-1,-1,-1
580,46891,618,374,41,102,1,-1,-1,-1
580,46884,750,359,20,61,1,-1,-1,-1
580,46870,626,362,24,26,1,-1,-1,-1
581,46953,566,346,48,35,1,-1,-1,-1
581,46924,192,342,11,29,1,-1,-1,-1
581,46903,685,353,11,16,1,-1,-1,-1
581,46891,618,371,41,101,1,-1,-1,-1
581,46884,749,356,20,61,1,-1,-1,-1
581,46870,626,359,24,27,1,-1,-1,-1
582,46953,564,347,48,35,1,-1,-1,-1
582,46924,191,342,8,30,1,-1,-1,-1
582,46903,684,353,10,16,1,-1,-1,-1
582,46891,618,371,41,101,1,-1,-1,-1
582,46884,748,357,19,60,1,-1,-1,-1
582,46870,626,360,24,26,1,-1,-1,-1
583,46953,562,348,48,36,1,-1,-1,-1
583,46924,189,344,7,30,1,-1,-1,-1
583,46903,683,355,9,16,1,-1,-1,-1
583,46891,618,373,41,99,1,-1,-1,-1
583,46884,747,358,19,60,1,-1,-1,-1
583,46870,626,361,24,26,1,-1,-1,-1
584,46953,560,351,48,36,1,-1,-1,-1
584,46924,187,346,7,29,1,-1,-1,-1
584,46903,682,357,8,16,1,-1,-1,-1
584,46891,619,375,40,99,1,-1,-1,-1
584,46884,746,360,19,59,1,-1,-1,-1
584,46870,626,364,24,25,1,-1,-1,-1
585,46953,559,353,47,37,1,-1,-1,-1
585,46903,681,359,8,16,1,-1,-1,-1
585,46891,619,377,40,98,1,-1,-1,-1
585,46884,745,362,19,59,1,-1,-1,-1
585,46870,627,366,23,25,1,-1,-1,-1
586,46953,557,355,47,37,1,-1,-1,-1
586,46903,680,361,8,16,1,-1,-1,-1
586,46891,619,379,39,98,1,-1,-1,-1
586,46884,744,364,19,58,1,-1,-1,-1
586,46870,627,368,23,25,1,-1,-1,-1
587,46953,555,357,47,38,1,-1,-1,-1
587,46903,679,363,8,16,1,-1,-1,-1
587,46891,619,381,39,97,1,-1,-1,-1
587,46884,744,366,18,58,1,-1,-1,-1
587,46870,627,370,23,25,1,-1,-1,-1
588,46953,554,359,46,38,1,-1,-1,-1
588,46903,678,365,8,16,1,-1,-1,-1
588,46891,619,382,40,98,1,-1,-1,-1
588,46884,743,368,19,57,1,-1,-1,-1
588,46870,627,371,23,25,1,-1,-1,-1
589,46953,552,360,47,39,1,-1,-1,-1
589,46903,677,366,8,16,1,-1,-1,-1
589,46891,619,384,39,97,1,-1,-1,-1
589,46884,743,369,18,57,1,-1,-1,-1
589,46870,627,373,23,25,1,-1,-1,-1
590,46953,551,361,46,39,1,-1,-1,-1
590,46903,676,366,8,16,1,-1,-1,-1
590,46891,619,384,40,98,1,-1,-1,-1
590,46884,742,370,19,57,1,-1,-1,-1
590,46870,627,373,24,25,1,-1,-1,-1
591,46953,549,361,46,40,1,-1,-1,-1
591,46903,676,366,8,16,1,-1,-1,-1
591,46891,619,384,40,98,1,-1,-1,-1
591,46884,742,370,18,56,1,-1,-1,-1
591,46870,627,373,24,25,1,-1,-1,-1
592,46953,547,361,47,40,1,-1,-1,-1
592,46903,675,366,8,16,1,-1,-1,-1
592,46891,619,384,40,97,1,-1,-1,-1
592,46884,741,369,19,56,1,-1,-1,-1
592,46870,627,372,24,26,1,-1,-1,-1
593,46953,546,360,47,41,1,-1,-1,-1
593,46903,675,365,8,16,1,-1,-1,-1
593,46891,619,383,40,98,1,-1,-1,-1
593,46884,741,368,18,56,1,-1,-1,-1
593,46870,627,372,24,25,1,-1,-1,-1
594,46953,544,359,47,43,1,-1,-1,-1
594,46903,675,364,7,16,1,-1,-1,-1
594,46891,619,382,40,98,1,-1,-1,-1
594,46884,740,368,19,55,1,-1,-1,-1
594,46870,628,371,23,25,1,-1,-1,-1
595,46953,542,359,48,43,1,-1,-1,-1
595,46903,674,364,8,16,1,-1,-1,-1
595,46891,620,382,38,97,1,-1,-1,-1
595,46884,740,367,18,56,1,-1,-1,-1
595,46870,627,371,24,25,1,-1,-1,-1
596,46953,540,359,49,44,1,-1,-1,-1
596,46903,674,364,8,16,1,-1,-1,-1
596,46891,620,382,38,97,1,-1,-1,-1
596,46884,739,367,18,56,1,-1,-1,-1
596,46870,627,371,24,25,1,-1,-1,-1
597,46956,598,360,12,9,1,-1,-1,-1
597,46953,538,359,50,45,1,-1,-1,-1
597,46903,673,365,8,15,1,-1,-1,-1
597,46891,620,382,39,97,1,-1,-1,-1
597,46884,739,368,18,55,1,-1,-1,-1
597,46870,627,371,24,25,1,-1,-1,-1
598,46953,535,360,51,46,1,-1,-1,-1
598,46903,673,365,8,16,1,-1,-1,-1
598,46891,620,383,38,97,1,-1,-1,-1
598,46884,739,368,17,55,1,-1,-1,-1
598,46870,627,372,24,25,1,-1,-1,-1
599,46956,597,361,13,9,1,-1,-1,-1
599,46953,533,360,52,47,1,-1,-1,-1
599,46903,673,365,8,16,1,-1,-1,-1
599,46891,620,383,39,97,1,-1,-1,-1
599,46884,738,369,18,54,1,-1,-1,-1
599,46870,627,372,23,25,1,-1,-1,-1
600,46956,596,361,13,9,1,-1,-1,-1
600,46953,531,360,53,48,1,-1,-1,-1
600,46903,672,366,8,15,1,-1,-1,-1
600,46891,620,383,39,97,1,-1,-1,-1
600,46884,738,369,18,54,1,-1,-1,-1
600,46870,627,372,24,25,1,-1,-1,-1
