1,47342,534,365,52,48,1,-1,-1,-1
1,47320,627,360,25,20,1,-1,-1,-1
1,47315,476,358,61,46,1,-1,-1,-1
1,47312,629,362,21,5,1,-1,-1,-1
1,47304,625,376,29,21,1,-1,-1,-1
1,47290,616,370,4,8,1,-1,-1,-1
1,47280,630,378,18,34,1,-1,-1,-1
1,47277,588,373,8,19,1,-1,-1,-1
1,47266,137,384,53,75,1,-1,-1,-1
2,47342,534,365,52,47,1,-1,-1,-1
2,47320,627,360,25,19,1,-1,-1,-1
2,47315,477,358,60,46,1,-1,-1,-1
2,47312,629,362,21,5,1,-1,-1,-1
2,47304,625,376,29,21,1,-1,-1,-1
2,47290,616,370,4,8,1,-1,-1,-1
2,47280,630,378,18,34,1,-1,-1,-1
2,47277,588,373,8,20,1,-1,-1,-1
2,47266,135,384,54,75,1,-1,-1,-1
3,47342,535,366,51,46,1,-1,-1,-1
3,47320,627,360,25,19,1,-1,-1,-1
3,47315,478,358,60,45,1,-1,-1,-1
3,47312,629,362,21,6,1,-1,-1,-1
3,47304,625,376,29,21,1,-1,-1,-1
3,47290,616,370,4,8,1,-1,-1,-1
3,47280,630,378,18,34,1,-1,-1,-1
3,47277,588,373,8,19,1,-1,-1,-1
3,47266,133,384,54,76,1,-1,-1,-1
4,47342,535,366,52,46,1,-1,-1,-1
4,47320,627,360,25,19,1,-1,-1,-1
4,47315,478,358,60,45,1,-1,-1,-1
4,47312,629,362,21,5,1,-1,-1,-1
4,47304,625,376,29,21,1,-1,-1,-1
4,47290,616,370,4,8,1,-1,-1,-1
4,47280,630,378,18,34,1,-1,-1,-1
4,47277,588,373,7,20,1,-1,-1,-1
4,47266,131,384,54,76,1,-1,-1,-1
5,47342,536,365,51,46,1,-1,-1,-1
5,47320,627,359,25,20,1,-1,-1,-1
5,47315,479,357,60,46,1,-1,-1,-1
5,47312,629,362,21,5,1,-1,-1,-1
5,47304,625,375,29,22,1,-1,-1,-1
5,47290,617,369,3,8,1,-1,-1,-1
5,47280,630,377,18,35,1,-1,-1,-1
5,47277,588,372,9,20,1,-1,-1,-1
5,47266,128,383,55,77,1,-1,-1,-1
6,47342,536,364,51,46,1,-1,-1,-1
6,47320,627,358,25,20,1,-1,-1,-1
6,47315,480,357,59,45,1,-1,-1,-1
6,47312,629,361,21,5,1,-1,-1,-1
6,47304,625,374,29,22,1,-1,-1,-1
6,47290,617,368,3,8,1,-1,-1,-1
6,47280,630,376,18,35,1,-1,-1,-1
6,47277,588,372,9,19,1,-1,-1,-1
6,47266,126,383,55,77,1,-1,-1,-1
7,47342,537,363,50,46,1,-1,-1,-1
7,47320,627,358,25,20,1,-1,-1,-1
7,47315,480,356,60,44,1,-1,-1,-1
7,47312,629,360,21,5,1,-1,-1,-1
7,47304,625,373,29,22,1,-1,-1,-1
7,47290,616,367,5,8,1,-1,-1,-1
7,47280,630,375,18,35,1,-1,-1,-1
7,47277,588,371,10,19,1,-1,-1,-1
7,47266,123,382,56,77,1,-1,-1,-1
8,47342,537,362,50,46,1,-1,-1,-1
8,47320,627,357,25,20,1,-1,-1,-1
8,47315,481,355,59,45,1,-1,-1,-1
8,47312,629,359,21,5,1,-1,-1,-1
8,47304,625,373,29,21,1,-1,-1,-1
8,47290,617,367,4,7,1,-1,-1,-1
8,47280,630,375,18,34,1,-1,-1,-1
8,47277,588,370,10,19,1,-1,-1,-1
8,47266,121,381,56,78,1,-1,-1,-1
9,47342,538,362,50,46,1,-1,-1,-1
9,47320,627,357,25,19,1,-1,-1,-1
9,47315,481,355,59,44,1,-1,-1,-1
9,47304,625,372,29,22,1,-1,-1,-1
9,47290,617,366,3,8,1,-1,-1,-1
9,47280,630,374,18,35,1,-1,-1,-1
9,47277,589,370,9,19,1,-1,-1,-1
9,47266,118,381,57,78,1,-1,-1,-1
10,47342,538,363,50,45,1,-1,-1,-1
10,47320,627,357,25,20,1,-1,-1,-1
10,47315,482,356,59,44,1,-1,-1,-1
10,47304,625,373,29,22,1,-1,-1,-1
10,47290,617,367,3,8,1,-1,-1,-1
10,47280,630,375,18,34,1,-1,-1,-1
10,47277,589,371,9,19,1,-1,-1,-1
10,47266,114,382,57,79,1,-1,-1,-1
11,47342,538,364,50,45,1,-1,-1,-1
11,47320,627,358,25,20,1,-1,-1,-1
11,47315,482,357,59,44,1,-1,-1,-1
11,47304,625,374,29,22,1,-1,-1,-1
11,47290,617,368,3,8,1,-1,-1,-1
11,47280,631,376,17,34,1,-1,-1,-1
11,47277,589,371,8,20,1,-1,-1,-1
11,47266,110,383,57,79,1,-1,-1,-1
12,47342,539,365,49,45,1,-1,-1,-1
12,47320,627,359,25,20,1,-1,-1,-1
12,47315,483,357,58,44,1,-1,-1,-1
12,47304,625,375,29,21,1,-1,-1,-1
12,47290,617,368,4,8,1,-1,-1,-1
12,47280,631,377,17,34,1,-1,-1,-1
12,47277,589,372,9,19,1,-1,-1,-1
12,47266,104,384,58,80,1,-1,-1,-1
13,47342,539,365,49,45,1,-1,-1,-1
13,47320,627,359,25,20,1,-1,-1,-1
13,47315,483,358,58,44,1,-1,-1,-1
13,47304,625,375,29,22,1,-1,-1,-1
13,47290,617,369,3,8,1,-1,-1,-1
13,47280,631,377,17,34,1,-1,-1,-1
13,47277,589,372,9,19,1,-1,-1,-1
13,47266,98,384,59,82,1,-1,-1,-1
14,47342,539,365,49,45,1,-1,-1,-1
14,47320,627,360,25,19,1,-1,-1,-1
14,47315,483,358,59,44,1,-1,-1,-1
14,47304,625,376,29,21,1,-1,-1,-1
14,47290,617,369,4,8,1,-1,-1,-1
14,47280,631,378,17,34,1,-1,-1,-1
14,47277,589,373,9,19,1,-1,-1,-1
14,47266,91,385,61,82,1,-1,-1,-1
15,47342,539,366,49,45,1,-1,-1,-1
15,47320,627,360,25,20,1,-1,-1,-1
15,47315,483,358,59,44,1,-1,-1,-1
15,47304,625,376,29,22,1,-1,-1,-1
15,47290,617,370,4,7,1,-1,-1,-1
15,47280,631,378,17,34,1,-1,-1,-1
15,47277,589,373,10,19,1,-1,-1,-1
15,47266,83,385,63,84,1,-1,-1,-1
16,47342,539,366,49,45,1,-1,-1,-1
16,47320,627,360,25,20,1,-1,-1,-1
16,47315,483,359,59,43,1,-1,-1,-1
16,47304,624,376,30,22,1,-1,-1,-1
16,47290,617,370,4,7,1,-1,-1,-1
16,47280,630,378,18,34,1,-1,-1,-1
16,47277,589,373,8,19,1,-1,-1,-1
16,47266,75,386,64,85,1,-1,-1,-1
17,47342,539,366,49,45,1,-1,-1,-1
17,47320,627,360,25,20,1,-1,-1,-1
17,47315,483,359,59,43,1,-1,-1,-1
17,47304,624,376,31,22,1,-1,-1,-1
17,47290,617,370,4,7,1,-1,-1,-1
17,47280,630,378,18,35,1,-1,-1,-1
17,47277,589,373,9,19,1,-1,-1,-1
17,47266,65,386,66,87,1,-1,-1,-1
18,47342,539,365,49,45,1,-1,-1,-1
18,47320,627,359,25,20,1,-1,-1,-1
18,47315,483,358,59,44,1,-1,-1,-1
18,47304,624,375,31,23,1,-1,-1,-1
18,47290,618,369,3,8,1,-1,-1,-1
18,47280,630,378,19,34,1,-1,-1,-1
18,47277,589,372,9,19,1,-1,-1,-1
18,47266,55,386,68,88,1,-1,-1,-1
19,47342,539,364,49,45,1,-1,-1,-1
19,47320,627,359,25,19,1,-1,-1,-1
19,47315,483,357,59,44,1,-1,-1,-1
19,47304,624,375,31,22,1,-1,-1,-1
19,47290,618,368,3,8,1,-1,-1,-1
19,47280,630,377,19,34,1,-1,-1,-1
19,47277,589,372,9,19,1,-1,-1,-1
19,47266,45,385,69,90,1,-1,-1,-1
20,47342,539,364,49,46,1,-1,-1,-1
20,47320,627,359,25,19,1,-1,-1,-1
20,47315,483,357,59,44,1,-1,-1,-1
20,47304,624,375,31,22,1,-1,-1,-1
20,47290,618,369,4,7,1,-1,-1,-1
20,47280,630,377,19,35,1,-1,-1,-1
20,47277,589,372,10,19,1,-1,-1,-1
20,47266,33,386,72,91,1,-1,-1,-1
21,47342,539,365,49,45,1,-1,-1,-1
21,47320,627,359,25,20,1,-1,-1,-1
21,47315,483,357,59,44,1,-1,-1,-1
21,47304,624,375,31,23,1,-1,-1,-1
21,47290,618,369,4,7,1,-1,-1,-1
21,47280,630,377,19,36,1,-1,-1,-1
21,47277,589,372,8,19,1,-1,-1,-1
21,47266,20,387,74,93,1,-1,-1,-1
22,47342,539,364,49,45,1,-1,-1,-1
22,47320,627,359,25,19,1,-1,-1,-1
22,47315,483,357,58,44,1,-1,-1,-1
22,47304,624,375,31,22,1,-1,-1,-1
22,47290,618,368,3,8,1,-1,-1,-1
22,47280,630,377,19,35,1,-1,-1,-1
22,47277,589,372,9,19,1,-1,-1,-1
22,47266,6,387,78,95,1,-1,-1,-1
23,47342,538,363,50,46,1,-1,-1,-1
23,47320,627,358,25,19,1,-1,-1,-1
23,47315,482,356,59,44,1,-1,-1,-1
23,47304,624,374,31,23,1,-1,-1,-1
23,47290,618,367,3,8,1,-1,-1,-1
23,47280,630,376,19,36,1,-1,-1,-1
23,47277,589,371,9,19,1,-1,-1,-1
23,47266,0,386,73,97,1,-1,-1,-1
24,47342,538,362,50,45,1,-1,-1,-1
24,47320,627,356,25,20,1,-1,-1,-1
24,47315,482,355,59,44,1,-1,-1,-1
24,47304,624,373,31,23,1,-1,-1,-1
24,47290,618,366,3,7,1,-1,-1,-1
24,47280,630,375,19,36,1,-1,-1,-1
24,47277,589,370,9,19,1,-1,-1,-1
24,47266,0,385,62,97,1,-1,-1,-1
25,47342,538,361,50,45,1,-1,-1,-1
25,47320,627,355,25,20,1,-1,-1,-1
25,47315,482,354,59,44,1,-1,-1,-1
25,47304,624,372,31,23,1,-1,-1,-1
25,47290,618,365,4,7,1,-1,-1,-1
25,47280,630,374,19,36,1,-1,-1,-1
25,47277,589,368,9,20,1,-1,-1,-1
25,47266,0,385,51,90,1,-1,-1,-1
26,47342,538,360,50,45,1,-1,-1,-1
26,47320,627,354,26,20,1,-1,-1,-1
26,47315,482,353,59,44,1,-1,-1,-1
26,47304,624,371,31,23,1,-1,-1,-1
26,47290,618,364,4,7,1,-1,-1,-1
26,47280,630,373,19,36,1,-1,-1,-1
26,47277,589,367,9,20,1,-1,-1,-1
26,47266,0,387,40,90,1,-1,-1,-1
27,47342,538,359,50,46,1,-1,-1,-1
27,47320,627,353,26,20,1,-1,-1,-1
27,47315,482,352,59,44,1,-1,-1,-1
27,47304,624,370,31,23,1,-1,-1,-1
27,47290,618,363,3,8,1,-1,-1,-1
27,47280,630,372,19,37,1,-1,-1,-1
27,47277,589,367,9,19,1,-1,-1,-1
27,47266,0,413,29,65,1,-1,-1,-1
28,47342,538,359,50,45,1,-1,-1,-1
28,47320,627,353,26,20,1,-1,-1,-1
28,47315,482,351,59,45,1,-1,-1,-1
28,47304,624,370,31,23,1,-1,-1,-1
28,47290,618,363,4,7,1,-1,-1,-1
28,47280,630,372,19,37,1,-1,-1,-1
28,47277,589,366,9,20,1,-1,-1,-1
28,47266,0,416,17,64,1,-1,-1,-1
29,47342,538,359,50,45,1,-1,-1,-1
29,47320,627,352,26,22,1,-1,-1,-1
29,47315,482,351,59,45,1,-1,-1,-1
29,47304,624,370,31,23,1,-1,-1,-1
29,47290,618,362,4,8,1,-1,-1,-1
29,47280,630,372,19,37,1,-1,-1,-1
29,47277,589,366,7,20,1,-1,-1,-1
29,47266,0,423,5,53,1,-1,-1,-1
30,47342,538,358,50,46,1,-1,-1,-1
30,47320,626,352,27,21,1,-1,-1,-1
30,47315,482,351,59,44,1,-1,-1,-1
30,47304,624,369,32,24,1,-1,-1,-1
30,47290,619,362,3,7,1,-1,-1,-1
30,47280,630,372,19,37,1,-1,-1,-1
30,47277,589,366,9,19,1,-1,-1,-1
31,47342,538,357,50,46,1,-1,-1,-1
31,47320,626,351,27,21,1,-1,-1,-1
31,47315,482,350,59,44,1,-1,-1,-1
31,47304,624,368,32,24,1,-1,-1,-1
31,47290,619,361,3,7,1,-1,-1,-1
31,47280,630,371,19,37,1,-1,-1,-1
31,47277,589,365,9,19,1,-1,-1,-1
32,47342,538,357,50,45,1,-1,-1,-1
32,47320,626,350,27,22,1,-1,-1,-1
32,47315,482,349,59,45,1,-1,-1,-1
32,47304,624,368,32,23,1,-1,-1,-1
32,47290,619,360,3,8,1,-1,-1,-1
32,47280,630,370,19,38,1,-1,-1,-1
32,47277,589,364,8,19,1,-1,-1,-1
33,47342,538,356,50,46,1,-1,-1,-1
33,47320,626,350,27,21,1,-1,-1,-1
33,47315,482,349,59,44,1,-1,-1,-1
33,47304,624,367,32,24,1,-1,-1,-1
33,47290,619,360,3,7,1,-1,-1,-1
33,47280,630,370,19,37,1,-1,-1,-1
33,47277,589,364,9,19,1,-1,-1,-1
34,47342,538,356,50,46,1,-1,-1,-1
34,47320,626,350,27,21,1,-1,-1,-1
34,47315,482,349,59,44,1,-1,-1,-1
34,47304,623,367,33,25,1,-1,-1,-1
34,47290,619,360,3,7,1,-1,-1,-1
34,47280,630,370,20,38,1,-1,-1,-1
34,47277,589,364,9,19,1,-1,-1,-1
35,47342,538,357,50,45,1,-1,-1,-1
35,47320,626,350,27,21,1,-1,-1,-1
35,47315,482,349,59,45,1,-1,-1,-1
35,47304,623,368,33,24,1,-1,-1,-1
35,47290,619,361,3,7,1,-1,-1,-1
35,47280,630,370,20,38,1,-1,-1,-1
35,47277,589,364,8,20,1,-1,-1,-1
36,47342,539,357,49,46,1,-1,-1,-1
36,47320,626,351,27,22,1,-1,-1,-1
36,47315,482,350,59,44,1,-1,-1,-1
36,47304,623,369,33,24,1,-1,-1,-1
36,47290,619,361,3,7,1,-1,-1,-1
36,47280,630,371,20,38,1,-1,-1,-1
36,47277,589,365,9,19,1,-1,-1,-1
37,47342,539,358,49,45,1,-1,-1,-1
37,47320,626,352,27,21,1,-1,-1,-1
37,47315,482,351,59,44,1,-1,-1,-1
37,47304,623,369,33,25,1,-1,-1,-1
37,47290,619,362,3,7,1,-1,-1,-1
37,47280,629,372,21,38,1,-1,-1,-1
37,47277,589,365,9,19,1,-1,-1,-1
38,47342,539,359,49,45,1,-1,-1,-1
38,47320,626,353,27,21,1,-1,-1,-1
38,47315,482,351,59,45,1,-1,-1,-1
38,47304,623,370,33,25,1,-1,-1,-1
38,47280,629,373,21,39,1,-1,-1,-1
38,47277,589,366,9,19,1,-1,-1,-1
39,47342,539,360,49,45,1,-1,-1,-1
39,47320,626,354,27,21,1,-1,-1,-1
39,47315,482,352,59,45,1,-1,-1,-1
39,47304,623,371,33,25,1,-1,-1,-1
39,47280,629,374,21,39,1,-1,-1,-1
39,47277,589,367,8,19,1,-1,-1,-1
40,47342,539,361,49,45,1,-1,-1,-1
40,47320,626,354,27,22,1,-1,-1,-1
40,47315,482,353,59,45,1,-1,-1,-1
40,47304,623,372,34,25,1,-1,-1,-1
40,47280,629,375,21,39,1,-1,-1,-1
40,47277,589,368,10,19,1,-1,-1,-1
41,47342,538,361,50,46,1,-1,-1,-1
41,47320,626,355,27,21,1,-1,-1,-1
41,47315,481,354,60,44,1,-1,-1,-1
41,47304,623,373,34,25,1,-1,-1,-1
41,47290,619,365,3,7,1,-1,-1,-1
41,47280,629,375,21,40,1,-1,-1,-1
41,47277,589,369,9,19,1,-1,-1,-1
42,47342,538,361,50,46,1,-1,-1,-1
42,47320,626,355,27,21,1,-1,-1,-1
42,47315,481,354,60,45,1,-1,-1,-1
42,47304,622,373,35,26,1,-1,-1,-1
42,47280,629,376,21,40,1,-1,-1,-1
42,47277,589,369,10,19,1,-1,-1,-1
43,47342,538,361,50,46,1,-1,-1,-1
43,47320,626,355,28,21,1,-1,-1,-1
43,47315,481,354,60,44,1,-1,-1,-1
43,47304,622,373,35,26,1,-1,-1,-1
43,47290,619,365,3,7,1,-1,-1,-1
43,47280,629,376,21,40,1,-1,-1,-1
43,47277,589,369,9,19,1,-1,-1,-1
44,47342,538,361,50,45,1,-1,-1,-1
44,47320,626,354,28,22,1,-1,-1,-1
44,47315,481,353,60,45,1,-1,-1,-1
44,47304,622,373,35,26,1,-1,-1,-1
44,47280,629,375,21,41,1,-1,-1,-1
44,47277,589,368,9,20,1,-1,-1,-1
45,47342,538,360,50,46,1,-1,-1,-1
45,47320,625,354,29,21,1,-1,-1,-1
45,47317,596,359,15,7,1,-1,-1,-1
45,47315,481,353,60,44,1,-1,-1,-1
45,47304,622,372,35,26,1,-1,-1,-1
45,47290,619,364,3,7,1,-1,-1,-1
45,47280,629,375,21,41,1,-1,-1,-1
45,47277,589,368,9,19,1,-1,-1,-1
46,47342,538,360,50,45,1,-1,-1,-1
46,47320,625,353,29,21,1,-1,-1,-1
46,47317,595,359,15,7,1,-1,-1,-1
46,47315,481,352,60,45,1,-1,-1,-1
46,47304,622,372,35,26,1,-1,-1,-1
46,47290,619,363,3,7,1,-1,-1,-1
46,47280,629,374,21,42,1,-1,-1,-1
46,47277,589,367,10,19,1,-1,-1,-1
47,47342,538,359,50,45,1,-1,-1,-1
47,47320,625,352,29,22,1,-1,-1,-1
47,47317,594,358,15,7,1,-1,-1,-1
47,47315,481,352,60,44,1,-1,-1,-1
47,47304,622,371,35,27,1,-1,-1,-1
47,47280,629,374,21,42,1,-1,-1,-1
47,47277,589,366,9,19,1,-1,-1,-1
48,47342,538,358,50,46,1,-1,-1,-1
48,47320,625,352,29,23,1,-1,-1,-1
48,47317,592,358,16,7,1,-1,-1,-1
48,47315,481,351,60,45,1,-1,-1,-1
48,47304,622,371,36,26,1,-1,-1,-1
48,47290,619,362,3,7,1,-1,-1,-1
48,47280,629,374,22,42,1,-1,-1,-1
48,47277,589,366,9,19,1,-1,-1,-1
49,47342,538,358,50,46,1,-1,-1,-1
49,47320,625,352,29,22,1,-1,-1,-1
49,47317,592,357,15,7,1,-1,-1,-1
49,47315,481,351,60,44,1,-1,-1,-1
49,47304,622,370,36,28,1,-1,-1,-1
49,47290,619,362,3,7,1,-1,-1,-1
49,47280,628,373,23,43,1,-1,-1,-1
49,47277,589,366,9,19,1,-1,-1,-1
50,47342,538,358,50,46,1,-1,-1,-1
50,47320,625,352,29,22,1,-1,-1,-1
50,47315,481,351,59,44,1,-1,-1,-1
50,47304,621,370,37,28,1,-1,-1,-1
50,47290,619,362,3,7,1,-1,-1,-1
50,47280,628,373,23,44,1,-1,-1,-1
50,47277,589,366,9,19,1,-1,-1,-1
51,47342,538,358,50,46,1,-1,-1,-1
51,47320,625,352,29,22,1,-1,-1,-1
51,47315,481,351,59,45,1,-1,-1,-1
51,47304,621,371,37,27,1,-1,-1,-1
51,47290,619,362,3,7,1,-1,-1,-1
51,47280,628,374,23,43,1,-1,-1,-1
51,47277,589,366,9,19,1,-1,-1,-1
52,47342,538,358,50,46,1,-1,-1,-1
52,47320,625,352,29,23,1,-1,-1,-1
52,47315,481,351,59,45,1,-1,-1,-1
52,47304,621,371,37,28,1,-1,-1,-1
52,47280,628,374,23,44,1,-1,-1,-1
52,47277,589,366,7,19,1,-1,-1,-1
53,47342,537,359,51,46,1,-1,-1,-1
53,47320,625,352,29,23,1,-1,-1,-1
53,47315,481,352,59,44,1,-1,-1,-1
53,47304,621,372,37,28,1,-1,-1,-1
53,47290,619,363,4,7,1,-1,-1,-1
53,47280,628,375,23,45,1,-1,-1,-1
53,47277,589,366,9,20,1,-1,-1,-1
54,47342,537,359,51,46,1,-1,-1,-1
54,47320,625,353,29,22,1,-1,-1,-1
54,47315,481,352,59,45,1,-1,-1,-1
54,47304,621,372,37,28,1,-1,-1,-1
54,47290,619,363,3,7,1,-1,-1,-1
54,47280,628,375,23,45,1,-1,-1,-1
54,47277,589,367,9,19,1,-1,-1,-1
55,47342,537,360,51,46,1,-1,-1,-1
55,47320,625,353,29,23,1,-1,-1,-1
55,47315,481,352,59,45,1,-1,-1,-1
55,47304,621,372,37,29,1,-1,-1,-1
55,47280,628,375,23,46,1,-1,-1,-1
55,47277,589,367,8,19,1,-1,-1,-1
56,47342,537,360,50,46,1,-1,-1,-1
56,47320,625,353,29,23,1,-1,-1,-1
56,47317,582,359,15,7,1,-1,-1,-1
56,47315,481,352,59,45,1,-1,-1,-1
56,47304,620,373,39,28,1,-1,-1,-1
56,47290,619,364,4,6,1,-1,-1,-1
56,47280,628,376,23,45,1,-1,-1,-1
56,47277,589,367,8,19,1,-1,-1,-1
57,47342,537,360,50,46,1,-1,-1,-1
57,47320,625,353,29,22,1,-1,-1,-1
57,47317,581,359,16,7,1,-1,-1,-1
57,47315,481,352,59,45,1,-1,-1,-1
57,47304,620,373,39,28,1,-1,-1,-1
57,47280,628,376,23,46,1,-1,-1,-1
57,47277,589,367,8,19,1,-1,-1,-1
58,47342,537,360,50,46,1,-1,-1,-1
58,47320,624,353,31,22,1,-1,-1,-1
58,47317,580,359,15,7,1,-1,-1,-1
58,47315,481,352,59,45,1,-1,-1,-1
58,47304,620,373,39,29,1,-1,-1,-1
58,47290,619,363,3,7,1,-1,-1,-1
58,47280,627,376,25,46,1,-1,-1,-1
58,47277,588,367,10,19,1,-1,-1,-1
59,47342,537,359,50,46,1,-1,-1,-1
59,47320,624,352,31,23,1,-1,-1,-1
59,47317,579,358,15,7,1,-1,-1,-1
59,47315,481,352,58,45,1,-1,-1,-1
59,47304,620,372,39,30,1,-1,-1,-1
59,47290,619,363,3,7,1,-1,-1,-1
59,47280,627,376,25,47,1,-1,-1,-1
59,47277,589,367,9,19,1,-1,-1,-1
60,47342,536,359,51,46,1,-1,-1,-1
60,47320,624,352,31,23,1,-1,-1,-1
60,47315,481,352,58,44,1,-1,-1,-1
60,47304,620,372,39,30,1,-1,-1,-1
60,47290,619,363,4,7,1,-1,-1,-1
60,47280,627,376,25,47,1,-1,-1,-1
60,47277,589,366,9,19,1,-1,-1,-1
61,47342,536,359,51,46,1,-1,-1,-1
61,47320,624,352,31,22,1,-1,-1,-1
61,47315,481,351,58,45,1,-1,-1,-1
61,47304,620,372,39,30,1,-1,-1,-1
61,47290,619,363,4,7,1,-1,-1,-1
61,47280,627,375,25,49,1,-1,-1,-1
61,47277,589,366,8,19,1,-1,-1,-1
62,47342,536,359,51,46,1,-1,-1,-1
62,47320,624,352,31,22,1,-1,-1,-1
62,47315,481,351,58,45,1,-1,-1,-1
62,47304,620,372,40,30,1,-1,-1,-1
62,47290,619,362,3,7,1,-1,-1,-1
62,47280,627,375,25,50,1,-1,-1,-1
62,47277,589,366,8,19,1,-1,-1,-1
63,47342,536,359,51,46,1,-1,-1,-1
63,47320,624,351,31,25,1,-1,-1,-1
63,47315,481,351,58,45,1,-1,-1,-1
63,47304,619,372,41,31,1,-1,-1,-1
63,47290,619,362,3,7,1,-1,-1,-1
63,47280,627,376,25,49,1,-1,-1,-1
63,47277,589,366,8,19,1,-1,-1,-1
64,47342,536,359,51,46,1,-1,-1,-1
64,47320,624,351,31,25,1,-1,-1,-1
64,47315,480,351,59,45,1,-1,-1,-1
64,47304,619,372,41,31,1,-1,-1,-1
64,47290,619,362,3,7,1,-1,-1,-1
64,47280,627,376,25,50,1,-1,-1,-1
64,47277,589,366,7,19,1,-1,-1,-1
65,47342,536,359,51,46,1,-1,-1,-1
65,47320,624,352,31,24,1,-1,-1,-1
65,47315,480,351,59,45,1,-1,-1,-1
65,47304,619,372,41,31,1,-1,-1,-1
65,47290,619,363,4,6,1,-1,-1,-1
65,47280,627,376,25,51,1,-1,-1,-1
65,47277,589,366,9,19,1,-1,-1,-1
66,47342,536,359,51,46,1,-1,-1,-1
66,47320,624,352,31,24,1,-1,-1,-1
66,47315,480,352,59,44,1,-1,-1,-1
66,47304,619,373,41,31,1,-1,-1,-1
66,47290,619,363,4,7,1,-1,-1,-1
66,47280,626,377,27,51,1,-1,-1,-1
66,47277,589,366,9,20,1,-1,-1,-1
67,47342,536,359,51,46,1,-1,-1,-1
67,47320,624,352,31,24,1,-1,-1,-1
67,47315,480,352,59,44,1,-1,-1,-1
67,47304,619,373,41,31,1,-1,-1,-1
67,47290,619,363,4,7,1,-1,-1,-1
67,47280,626,377,27,52,1,-1,-1,-1
67,47277,589,366,9,20,1,-1,-1,-1
68,47342,536,359,51,47,1,-1,-1,-1
68,47320,624,352,31,24,1,-1,-1,-1
68,47315,480,352,59,45,1,-1,-1,-1
68,47304,619,373,41,32,1,-1,-1,-1
68,47290,619,363,3,7,1,-1,-1,-1
68,47280,626,377,27,53,1,-1,-1,-1
68,47277,589,367,9,19,1,-1,-1,-1
69,47342,536,359,51,47,1,-1,-1,-1
69,47320,624,352,31,24,1,-1,-1,-1
69,47315,480,352,59,45,1,-1,-1,-1
69,47304,618,373,43,32,1,-1,-1,-1
69,47290,619,363,3,7,1,-1,-1,-1
69,47280,626,377,27,54,1,-1,-1,-1
69,47277,589,367,9,19,1,-1,-1,-1
70,47342,536,359,51,47,1,-1,-1,-1
70,47320,623,352,32,24,1,-1,-1,-1
70,47315,480,352,59,45,1,-1,-1,-1
70,47304,618,374,43,32,1,-1,-1,-1
70,47290,619,363,3,7,1,-1,-1,-1
70,47280,626,378,27,54,1,-1,-1,-1
70,47277,589,367,9,19,1,-1,-1,-1
71,47342,536,359,51,47,1,-1,-1,-1
71,47320,623,352,33,24,1,-1,-1,-1
71,47315,480,352,59,45,1,-1,-1,-1
71,47304,618,374,43,32,1,-1,-1,-1
71,47290,619,363,3,7,1,-1,-1,-1
71,47280,626,378,27,54,1,-1,-1,-1
71,47277,589,367,9,19,1,-1,-1,-1
72,47342,536,359,51,46,1,-1,-1,-1
72,47320,623,352,33,24,1,-1,-1,-1
72,47315,480,352,59,44,1,-1,-1,-1
72,47304,618,374,43,33,1,-1,-1,-1
72,47290,619,363,4,7,1,-1,-1,-1
72,47280,625,378,29,55,1,-1,-1,-1
72,47277,589,367,9,19,1,-1,-1,-1
73,47342,536,359,51,46,1,-1,-1,-1
73,47320,623,351,33,25,1,-1,-1,-1
73,47315,480,352,59,44,1,-1,-1,-1
73,47304,618,374,43,33,1,-1,-1,-1
73,47290,619,363,4,7,1,-1,-1,-1
73,47280,625,378,29,56,1,-1,-1,-1
73,47277,589,366,9,19,1,-1,-1,-1
74,47342,536,359,51,46,1,-1,-1,-1
74,47320,623,351,33,24,1,-1,-1,-1
74,47315,480,352,59,44,1,-1,-1,-1
74,47304,618,374,43,33,1,-1,-1,-1
74,47290,619,363,4,7,1,-1,-1,-1
74,47280,625,378,29,58,1,-1,-1,-1
74,47277,589,367,9,18,1,-1,-1,-1
75,47342,536,359,51,46,1,-1,-1,-1
75,47320,623,351,33,26,1,-1,-1,-1
75,47315,480,351,59,45,1,-1,-1,-1
75,47304,617,374,45,34,1,-1,-1,-1
75,47290,619,363,4,6,1,-1,-1,-1
75,47280,625,379,29,58,1,-1,-1,-1
75,47277,589,366,9,19,1,-1,-1,-1
76,47342,536,359,51,46,1,-1,-1,-1
76,47320,623,351,33,26,1,-1,-1,-1
76,47315,480,351,59,45,1,-1,-1,-1
76,47304,617,374,45,34,1,-1,-1,-1
76,47290,619,363,4,7,1,-1,-1,-1
76,47280,624,379,30,59,1,-1,-1,-1
76,47277,590,366,8,19,1,-1,-1,-1
77,47342,536,359,51,46,1,-1,-1,-1
77,47320,623,351,33,26,1,-1,-1,-1
77,47315,480,351,59,45,1,-1,-1,-1
77,47304,617,374,45,35,1,-1,-1,-1
77,47290,619,363,4,7,1,-1,-1,-1
77,47280,624,379,31,60,1,-1,-1,-1
77,47277,590,366,8,19,1,-1,-1,-1
78,47342,536,359,51,46,1,-1,-1,-1
78,47320,623,351,33,26,1,-1,-1,-1
78,47315,480,351,59,45,1,-1,-1,-1
78,47312,625,354,29,6,1,-1,-1,-1
78,47304,617,374,45,35,1,-1,-1,-1
78,47290,619,363,4,7,1,-1,-1,-1
78,47280,624,379,31,61,1,-1,-1,-1
78,47277,590,366,8,19,1,-1,-1,-1
79,47342,536,359,51,46,1,-1,-1,-1
79,47320,623,351,33,26,1,-1,-1,-1
79,47315,480,352,59,44,1,-1,-1,-1
79,47312,625,354,29,6,1,-1,-1,-1
79,47304,617,374,45,36,1,-1,-1,-1
79,47290,619,363,4,7,1,-1,-1,-1
79,47280,624,380,31,62,1,-1,-1,-1
79,47277,590,366,8,19,1,-1,-1,-1
80,47342,536,359,51,46,1,-1,-1,-1
80,47320,622,350,35,27,1,-1,-1,-1
80,47315,480,352,59,44,1,-1,-1,-1
80,47304,616,374,47,36,1,-1,-1,-1
80,47290,619,363,4,7,1,-1,-1,-1
80,47280,624,380,31,63,1,-1,-1,-1
80,47277,590,366,8,19,1,-1,-1,-1
81,47342,536,359,51,47,1,-1,-1,-1
81,47320,622,350,35,27,1,-1,-1,-1
81,47315,480,352,59,44,1,-1,-1,-1
81,47304,616,375,47,36,1,-1,-1,-1
81,47290,619,363,4,7,1,-1,-1,-1
81,47280,623,380,33,65,1,-1,-1,-1
81,47277,590,366,8,19,1,-1,-1,-1
82,47342,536,359,51,47,1,-1,-1,-1
82,47320,622,350,35,28,1,-1,-1,-1
82,47315,480,352,57,44,1,-1,-1,-1
82,47304,616,375,47,36,1,-1,-1,-1
82,47290,619,363,4,7,1,-1,-1,-1
82,47280,623,380,33,66,1,-1,-1,-1
82,47277,590,366,8,19,1,-1,-1,-1
83,47342,536,359,51,46,1,-1,-1,-1
83,47320,622,350,35,28,1,-1,-1,-1
83,47315,480,351,59,45,1,-1,-1,-1
83,47304,616,375,47,36,1,-1,-1,-1
83,47290,619,363,4,6,1,-1,-1,-1
83,47280,623,381,33,66,1,-1,-1,-1
83,47277,590,366,8,19,1,-1,-1,-1
84,47342,536,358,51,47,1,-1,-1,-1
84,47320,622,349,35,28,1,-1,-1,-1
84,47315,480,351,59,45,1,-1,-1,-1
84,47304,615,374,49,37,1,-1,-1,-1
84,47280,623,380,33,68,1,-1,-1,-1
84,47277,590,366,9,18,1,-1,-1,-1
85,47342,536,358,51,46,1,-1,-1,-1
85,47320,622,349,35,28,1,-1,-1,-1
85,47315,480,350,59,45,1,-1,-1,-1
85,47304,615,374,49,37,1,-1,-1,-1
85,47280,622,380,35,69,1,-1,-1,-1
85,47277,590,365,10,18,1,-1,-1,-1
86,47342,536,357,51,46,1,-1,-1,-1
86,47320,621,348,37,28,1,-1,-1,-1
86,47315,480,350,59,44,1,-1,-1,-1
86,47304,615,373,49,38,1,-1,-1,-1
86,47290,619,361,4,7,1,-1,-1,-1
86,47280,622,380,35,70,1,-1,-1,-1
86,47277,591,364,8,19,1,-1,-1,-1
87,47342,536,357,51,46,1,-1,-1,-1
87,47320,621,348,37,27,1,-1,-1,-1
87,47315,481,349,58,45,1,-1,-1,-1
87,47304,615,373,49,38,1,-1,-1,-1
87,47280,622,380,35,71,1,-1,-1,-1
87,47277,591,364,8,18,1,-1,-1,-1
88,47342,536,356,51,47,1,-1,-1,-1
88,47320,621,347,37,30,1,-1,-1,-1
88,47315,481,349,58,44,1,-1,-1,-1
88,47304,615,373,49,38,1,-1,-1,-1
88,47280,622,380,35,72,1,-1,-1,-1
88,47277,592,363,7,19,1,-1,-1,-1
89,47342,536,356,51,47,1,-1,-1,-1
89,47320,621,347,37,30,1,-1,-1,-1
89,47315,481,349,58,44,1,-1,-1,-1
89,47304,614,373,51,39,1,-1,-1,-1
89,47280,621,380,37,74,1,-1,-1,-1
89,47277,592,363,8,18,1,-1,-1,-1
90,47342,536,357,51,46,1,-1,-1,-1
90,47320,621,348,37,29,1,-1,-1,-1
90,47315,482,349,57,45,1,-1,-1,-1
90,47304,614,373,51,40,1,-1,-1,-1
90,47280,621,381,37,74,1,-1,-1,-1
90,47277,592,364,8,18,1,-1,-1,-1
91,47342,537,357,50,46,1,-1,-1,-1
91,47320,621,348,37,30,1,-1,-1,-1
91,47315,482,350,56,44,1,-1,-1,-1
91,47304,614,374,51,40,1,-1,-1,-1
91,47280,621,382,37,75,1,-1,-1,-1
91,47277,591,364,10,18,1,-1,-1,-1
92,47342,537,358,50,46,1,-1,-1,-1
92,47320,620,349,39,29,1,-1,-1,-1
92,47315,482,350,58,45,1,-1,-1,-1
92,47304,614,375,51,39,1,-1,-1,-1
92,47280,620,382,39,77,1,-1,-1,-1
92,47277,593,365,7,17,1,-1,-1,-1
93,47342,537,358,50,46,1,-1,-1,-1
93,47320,620,349,39,29,1,-1,-1,-1
93,47315,483,350,57,45,1,-1,-1,-1
93,47304,614,375,51,40,1,-1,-1,-1
93,47280,620,383,39,78,1,-1,-1,-1
93,47277,593,365,8,17,1,-1,-1,-1
94,47342,537,358,50,45,1,-1,-1,-1
94,47320,620,348,39,31,1,-1,-1,-1
94,47315,483,350,57,44,1,-1,-1,-1
94,47304,613,375,53,40,1,-1,-1,-1
94,47280,620,383,39,79,1,-1,-1,-1
94,47277,593,364,7,18,1,-1,-1,-1
95,47342,537,357,51,46,1,-1,-1,-1
95,47320,620,348,39,31,1,-1,-1,-1
95,47315,484,350,55,44,1,-1,-1,-1
95,47304,613,375,53,40,1,-1,-1,-1
95,47280,619,383,41,80,1,-1,-1,-1
95,47277,593,364,9,17,1,-1,-1,-1
96,47342,538,357,50,45,1,-1,-1,-1
96,47320,620,347,39,31,1,-1,-1,-1
96,47315,484,350,56,43,1,-1,-1,-1
96,47304,613,374,53,41,1,-1,-1,-1
96,47280,619,383,41,82,1,-1,-1,-1
96,47277,594,363,7,17,1,-1,-1,-1
97,47342,538,356,50,46,1,-1,-1,-1
97,47320,620,347,39,31,1,-1,-1,-1
97,47315,485,349,56,44,1,-1,-1,-1
97,47304,613,374,53,41,1,-1,-1,-1
97,47280,619,382,41,83,1,-1,-1,-1
97,47277,594,363,8,17,1,-1,-1,-1
98,47342,538,356,50,45,1,-1,-1,-1
98,47320,620,346,39,31,1,-1,-1,-1
98,47315,486,349,55,43,1,-1,-1,-1
98,47304,613,374,53,42,1,-1,-1,-1
98,47280,619,382,41,84,1,-1,-1,-1
98,47277,595,363,7,16,1,-1,-1,-1
99,47342,539,355,49,45,1,-1,-1,-1
99,47320,619,345,41,32,1,-1,-1,-1
99,47315,486,348,55,43,1,-1,-1,-1
99,47304,613,373,53,42,1,-1,-1,-1
99,47280,618,382,43,85,1,-1,-1,-1
99,47277,595,362,7,17,1,-1,-1,-1
100,47342,539,355,49,45,1,-1,-1,-1
100,47320,619,345,41,31,1,-1,-1,-1
100,47315,487,348,55,42,1,-1,-1,-1
100,47304,612,372,55,43,1,-1,-1,-1
100,47280,618,382,43,86,1,-1,-1,-1
100,47277,595,361,8,17,1,-1,-1,-1
101,47342,539,354,50,45,1,-1,-1,-1
101,47320,619,344,41,33,1,-1,-1,-1
101,47315,488,347,53,43,1,-1,-1,-1
101,47304,612,372,55,43,1,-1,-1,-1
101,47280,618,382,43,87,1,-1,-1,-1
101,47277,596,361,7,16,1,-1,-1,-1
102,47342,540,355,49,44,1,-1,-1,-1
102,47320,619,345,41,32,1,-1,-1,-1
102,47315,489,348,53,42,1,-1,-1,-1
102,47304,612,372,55,43,1,-1,-1,-1
102,47280,618,382,43,88,1,-1,-1,-1
102,47277,596,361,7,16,1,-1,-1,-1
103,47342,540,355,49,44,1,-1,-1,-1
103,47320,619,345,41,33,1,-1,-1,-1
103,47315,490,348,53,42,1,-1,-1,-1
103,47304,612,373,55,43,1,-1,-1,-1
103,47280,618,383,43,88,1,-1,-1,-1
103,47277,597,361,7,16,1,-1,-1,-1
104,47342,541,355,48,45,1,-1,-1,-1
104,47320,619,345,41,33,1,-1,-1,-1
104,47315,491,348,52,42,1,-1,-1,-1
104,47304,612,373,55,44,1,-1,-1,-1
104,47280,618,384,43,89,1,-1,-1,-1
104,47277,597,362,8,16,1,-1,-1,-1
105,47342,541,356,48,44,1,-1,-1,-1
105,47320,619,346,41,33,1,-1,-1,-1
105,47315,492,349,51,42,1,-1,-1,-1
105,47304,612,374,55,44,1,-1,-1,-1
105,47280,617,384,45,91,1,-1,-1,-1
105,47277,598,362,6,16,1,-1,-1,-1
106,47342,542,357,48,43,1,-1,-1,-1
106,47320,619,346,41,33,1,-1,-1,-1
106,47315,493,350,51,41,1,-1,-1,-1
106,47304,612,375,55,44,1,-1,-1,-1
106,47280,617,385,45,92,1,-1,-1,-1
106,47277,597,363,9,15,1,-1,-1,-1
107,47342,542,357,48,44,1,-1,-1,-1
107,47320,619,347,41,33,1,-1,-1,-1
107,47315,494,350,51,41,1,-1,-1,-1
107,47304,612,376,55,44,1,-1,-1,-1
107,47280,617,386,45,92,1,-1,-1,-1
107,47277,599,363,6,16,1,-1,-1,-1
108,47342,543,358,47,43,1,-1,-1,-1
108,47320,619,347,41,33,1,-1,-1,-1
108,47315,495,351,50,41,1,-1,-1,-1
108,47304,612,376,56,44,1,-1,-1,-1
108,47280,617,387,45,93,1,-1,-1,-1
108,47277,598,364,8,15,1,-1,-1,-1
109,47342,543,359,47,43,1,-1,-1,-1
109,47320,619,348,42,33,1,-1,-1,-1
109,47315,496,352,50,40,1,-1,-1,-1
109,47304,611,377,57,45,1,-1,-1,-1
109,47280,617,388,45,94,1,-1,-1,-1
109,47277,599,365,7,15,1,-1,-1,-1
110,47342,544,361,46,43,1,-1,-1,-1
110,47320,618,351,43,33,1,-1,-1,-1
110,47315,497,354,49,41,1,-1,-1,-1
110,47304,611,380,57,44,1,-1,-1,-1
110,47280,616,390,47,97,1,-1,-1,-1
110,47277,599,367,8,15,1,-1,-1,-1
111,47342,544,363,47,42,1,-1,-1,-1
111,47320,618,352,43,33,1,-1,-1,-1
111,47315,498,356,49,40,1,-1,-1,-1
111,47304,611,381,57,45,1,-1,-1,-1
111,47280,616,393,47,97,1,-1,-1,-1
111,47277,600,369,6,14,1,-1,-1,-1
112,47342,544,363,47,42,1,-1,-1,-1
112,47320,618,352,43,35,1,-1,-1,-1
112,47315,499,356,48,40,1,-1,-1,-1
112,47304,611,382,57,45,1,-1,-1,-1
112,47280,615,393,49,100,1,-1,-1,-1
112,47277,600,369,6,14,1,-1,-1,-1
113,47342,545,362,46,43,1,-1,-1,-1
113,47320,618,352,43,34,1,-1,-1,-1
113,47315,499,356,48,39,1,-1,-1,-1
113,47304,611,381,58,46,1,-1,-1,-1
113,47280,615,393,49,101,1,-1,-1,-1
113,47277,600,368,7,15,1,-1,-1,-1
114,47342,545,361,46,43,1,-1,-1,-1
114,47320,618,351,43,34,1,-1,-1,-1
114,47315,500,355,48,39,1,-1,-1,-1
114,47304,610,380,59,47,1,-1,-1,-1
114,47280,615,393,49,102,1,-1,-1,-1
114,47277,600,367,8,14,1,-1,-1,-1
115,47342,545,360,46,42,1,-1,-1,-1
115,47320,618,349,43,35,1,-1,-1,-1
115,47315,501,354,47,39,1,-1,-1,-1
115,47304,610,379,59,47,1,-1,-1,-1
115,47280,614,392,51,105,1,-1,-1,-1
115,47277,601,366,7,14,1,-1,-1,-1
116,47342,546,360,45,41,1,-1,-1,-1
116,47320,618,348,43,35,1,-1,-1,-1
116,47315,502,353,47,39,1,-1,-1,-1
116,47304,610,379,59,47,1,-1,-1,-1
116,47280,614,392,51,106,1,-1,-1,-1
116,47277,601,365,7,14,1,-1,-1,-1
117,47342,546,357,46,42,1,-1,-1,-1
117,47320,618,346,43,35,1,-1,-1,-1
117,47315,503,351,47,38,1,-1,-1,-1
117,47304,610,376,59,48,1,-1,-1,-1
117,47280,614,390,51,108,1,-1,-1,-1
117,47277,602,363,6,14,1,-1,-1,-1
118,47342,547,353,45,41,1,-1,-1,-1
118,47320,618,342,43,35,1,-1,-1,-1
118,47315,504,347,46,38,1,-1,-1,-1
118,47304,610,373,59,47,1,-1,-1,-1
118,47280,614,386,51,108,1,-1,-1,-1
118,47277,602,359,6,14,1,-1,-1,-1
119,47342,548,349,44,41,1,-1,-1,-1
119,47320,618,338,43,34,1,-1,-1,-1
119,47315,506,343,45,37,1,-1,-1,-1
119,47304,610,368,59,47,1,-1,-1,-1
119,47280,614,382,51,107,1,-1,-1,-1
119,47277,602,354,7,14,1,-1,-1,-1
120,47342,549,346,44,41,1,-1,-1,-1
120,47320,618,335,43,35,1,-1,-1,-1
120,47315,507,340,45,37,1,-1,-1,-1
120,47304,610,366,59,47,1,-1,-1,-1
120,47280,614,379,51,107,1,-1,-1,-1
120,47277,603,352,6,13,1,-1,-1,-1
121,47342,550,347,43,40,1,-1,-1,-1
121,47320,618,336,43,35,1,-1,-1,-1
121,47315,509,341,44,37,1,-1,-1,-1
121,47304,610,366,59,47,1,-1,-1,-1
121,47280,614,380,51,106,1,-1,-1,-1
121,47277,603,352,6,14,1,-1,-1,-1
122,47342,551,349,43,39,1,-1,-1,-1
122,47320,618,338,43,34,1,-1,-1,-1
122,47315,511,343,43,36,1,-1,-1,-1
122,47304,610,368,59,47,1,-1,-1,-1
122,47280,614,381,51,106,1,-1,-1,-1
122,47277,604,354,5,13,1,-1,-1,-1
123,47342,552,351,42,39,1,-1,-1,-1
123,47320,618,340,43,34,1,-1,-1,-1
123,47315,512,345,43,36,1,-1,-1,-1
123,47304,610,370,59,47,1,-1,-1,-1
123,47280,614,383,51,105,1,-1,-1,-1
123,47277,604,356,6,13,1,-1,-1,-1
124,47342,553,353,42,39,1,-1,-1,-1
124,47320,618,342,43,35,1,-1,-1,-1
124,47315,513,347,43,36,1,-1,-1,-1
124,47304,610,372,59,47,1,-1,-1,-1
124,47280,614,385,51,105,1,-1,-1,-1
124,47277,604,358,6,13,1,-1,-1,-1
125,47342,554,355,41,38,1,-1,-1,-1
125,47320,618,344,43,35,1,-1,-1,-1
125,47315,515,349,42,35,1,-1,-1,-1
125,47304,610,374,59,47,1,-1,-1,-1
125,47280,614,387,51,105,1,-1,-1,-1
125,47277,605,360,6,13,1,-1,-1,-1
126,47342,555,357,40,38,1,-1,-1,-1
126,47320,618,346,43,35,1,-1,-1,-1
126,47315,516,351,41,35,1,-1,-1,-1
126,47304,610,376,59,47,1,-1,-1,-1
126,47280,614,389,51,105,1,-1,-1,-1
126,47277,605,362,6,13,1,-1,-1,-1
127,47342,556,359,40,37,1,-1,-1,-1
127,47320,618,348,43,34,1,-1,-1,-1
127,47315,517,353,41,35,1,-1,-1,-1
127,47304,610,378,59,46,1,-1,-1,-1
127,47280,614,391,51,105,1,-1,-1,-1
127,47277,606,364,4,12,1,-1,-1,-1
128,47342,556,360,40,38,1,-1,-1,-1
128,47323,608,359,13,8,1,-1,-1,-1
128,47320,618,350,43,34,1,-1,-1,-1
128,47315,519,355,40,34,1,-1,-1,-1
128,47304,610,379,59,47,1,-1,-1,-1
128,47280,614,392,51,106,1,-1,-1,-1
128,47277,606,365,5,13,1,-1,-1,-1
129,47342,557,362,40,36,1,-1,-1,-1
129,47323,607,360,14,8,1,-1,-1,-1
129,47320,618,351,43,34,1,-1,-1,-1
129,47315,520,356,40,34,1,-1,-1,-1
129,47304,610,380,59,47,1,-1,-1,-1
129,47280,614,394,51,105,1,-1,-1,-1
129,47277,606,367,6,12,1,-1,-1,-1
130,47342,558,363,39,36,1,-1,-1,-1
130,47323,605,361,16,8,1,-1,-1,-1
130,47320,618,352,43,34,1,-1,-1,-1
130,47315,521,357,39,33,1,-1,-1,-1
130,47304,610,381,59,47,1,-1,-1,-1
130,47280,614,395,51,105,1,-1,-1,-1
130,47277,607,368,5,12,1,-1,-1,-1
131,47342,558,363,39,37,1,-1,-1,-1
131,47323,604,362,16,8,1,-1,-1,-1
131,47320,618,353,43,34,1,-1,-1,-1
131,47315,522,358,39,33,1,-1,-1,-1
131,47304,610,382,59,47,1,-1,-1,-1
131,47280,614,395,51,106,1,-1,-1,-1
131,47277,607,368,4,12,1,-1,-1,-1
132,47342,559,364,38,36,1,-1,-1,-1
132,47323,604,363,15,8,1,-1,-1,-1
132,47320,618,353,43,34,1,-1,-1,-1
132,47315,523,358,38,33,1,-1,-1,-1
132,47304,610,383,59,46,1,-1,-1,-1
132,47280,614,396,51,106,1,-1,-1,-1
132,47277,607,369,5,12,1,-1,-1,-1
133,47342,559,364,39,36,1,-1,-1,-1
133,47323,604,363,14,8,1,-1,-1,-1
133,47320,618,354,43,34,1,-1,-1,-1
133,47315,524,359,38,32,1,-1,-1,-1
133,47304,610,383,59,47,1,-1,-1,-1
133,47280,614,396,51,107,1,-1,-1,-1
133,47277,607,369,4,12,1,-1,-1,-1
134,47342,560,364,38,36,1,-1,-1,-1
134,47323,601,363,16,8,1,-1,-1,-1
134,47320,618,353,43,35,1,-1,-1,-1
134,47315,524,359,39,32,1,-1,-1,-1
134,47304,610,383,59,47,1,-1,-1,-1
134,47280,614,396,51,107,1,-1,-1,-1
134,47277,607,369,6,12,1,-1,-1,-1
135,47342,561,363,37,36,1,-1,-1,-1
135,47323,603,362,13,8,1,-1,-1,-1
135,47320,618,353,43,34,1,-1,-1,-1
135,47315,525,358,38,32,1,-1,-1,-1
135,47304,610,382,59,47,1,-1,-1,-1
135,47280,614,396,51,106,1,-1,-1,-1
135,47277,608,368,4,12,1,-1,-1,-1
136,47342,561,362,37,35,1,-1,-1,-1
136,47320,618,352,43,34,1,-1,-1,-1
136,47315,526,357,38,32,1,-1,-1,-1
136,47304,610,381,59,47,1,-1,-1,-1
136,47280,614,395,51,106,1,-1,-1,-1
136,47277,608,367,4,11,1,-1,-1,-1
137,47342,562,361,37,35,1,-1,-1,-1
137,47320,618,350,43,35,1,-1,-1,-1
137,47315,527,356,37,31,1,-1,-1,-1
137,47304,610,380,59,46,1,-1,-1,-1
137,47280,614,393,51,106,1,-1,-1,-1
137,47277,608,366,5,11,1,-1,-1,-1
138,47342,562,360,37,34,1,-1,-1,-1
138,47320,618,349,43,33,1,-1,-1,-1
138,47315,528,355,37,31,1,-1,-1,-1
138,47304,610,379,59,46,1,-1,-1,-1
138,47280,614,392,51,106,1,-1,-1,-1
138,47277,608,364,5,12,1,-1,-1,-1
139,47342,563,359,36,34,1,-1,-1,-1
139,47320,618,348,43,33,1,-1,-1,-1
139,47315,529,354,36,31,1,-1,-1,-1
139,47304,610,378,59,46,1,-1,-1,-1
139,47280,614,391,51,106,1,-1,-1,-1
139,47277,608,364,5,11,1,-1,-1,-1
140,47342,564,359,36,34,1,-1,-1,-1
140,47320,618,348,43,33,1,-1,-1,-1
140,47315,530,354,36,30,1,-1,-1,-1
140,47304,611,377,58,46,1,-1,-1,-1
140,47280,614,391,51,105,1,-1,-1,-1
140,47277,609,363,4,12,1,-1,-1,-1
141,47342,564,359,36,33,1,-1,-1,-1
141,47320,618,348,43,33,1,-1,-1,-1
141,47315,531,354,36,30,1,-1,-1,-1
141,47304,611,377,57,46,1,-1,-1,-1
141,47280,614,390,51,105,1,-1,-1,-1
141,47277,609,363,4,12,1,-1,-1,-1
142,47342,565,359,35,34,1,-1,-1,-1
142,47323,593,358,14,8,1,-1,-1,-1
142,47320,619,348,42,33,1,-1,-1,-1
142,47315,532,354,35,30,1,-1,-1,-1
142,47304,611,378,57,46,1,-1,-1,-1
142,47280,615,391,50,104,1,-1,-1,-1
142,47277,609,364,5,11,1,-1,-1,-1
143,47342,565,360,36,33,1,-1,-1,-1
143,47323,591,359,15,8,1,-1,-1,-1
143,47320,619,349,42,33,1,-1,-1,-1
143,47315,533,355,35,30,1,-1,-1,-1
143,47304,611,379,57,45,1,-1,-1,-1
143,47280,615,392,49,103,1,-1,-1,-1
143,47277,609,364,4,12,1,-1,-1,-1
144,47342,566,361,35,33,1,-1,-1,-1
144,47320,619,350,42,33,1,-1,-1,-1
144,47315,534,356,34,30,1,-1,-1,-1
144,47304,611,379,57,46,1,-1,-1,-1
144,47280,615,392,49,104,1,-1,-1,-1
144,47277,609,365,4,11,1,-1,-1,-1
145,47342,567,362,34,32,1,-1,-1,-1
145,47320,619,351,42,33,1,-1,-1,-1
145,47315,535,357,34,29,1,-1,-1,-1
145,47304,611,380,57,46,1,-1,-1,-1
145,47280,615,393,49,104,1,-1,-1,-1
145,47277,609,366,5,11,1,-1,-1,-1
146,47342,567,362,34,32,1,-1,-1,-1
146,47320,619,351,41,33,1,-1,-1,-1
146,47315,536,357,33,29,1,-1,-1,-1
146,47304,611,381,57,45,1,-1,-1,-1
146,47280,615,393,49,104,1,-1,-1,-1
146,47277,610,366,4,11,1,-1,-1,-1
147,47342,568,362,34,32,1,-1,-1,-1
147,47320,619,351,41,33,1,-1,-1,-1
147,47315,536,357,34,29,1,-1,-1,-1
147,47304,611,380,57,46,1,-1,-1,-1
147,47280,615,393,49,104,1,-1,-1,-1
147,47277,609,366,6,11,1,-1,-1,-1
148,47342,568,361,34,32,1,-1,-1,-1
148,47320,619,351,41,32,1,-1,-1,-1
148,47315,537,356,33,29,1,-1,-1,-1
148,47304,611,380,57,45,1,-1,-1,-1
148,47280,615,392,49,104,1,-1,-1,-1
148,47277,610,366,4,10,1,-1,-1,-1
149,47342,569,361,33,32,1,-1,-1,-1
149,47320,619,351,41,32,1,-1,-1,-1
149,47315,538,356,33,29,1,-1,-1,-1
149,47304,611,380,57,45,1,-1,-1,-1
149,47280,615,392,49,103,1,-1,-1,-1
149,47277,610,365,4,11,1,-1,-1,-1
150,47342,569,361,33,31,1,-1,-1,-1
150,47320,619,350,41,33,1,-1,-1,-1
150,47315,539,356,32,29,1,-1,-1,-1
150,47304,611,379,57,45,1,-1,-1,-1
150,47280,615,392,49,102,1,-1,-1,-1
150,47277,610,365,5,11,1,-1,-1,-1
151,47342,570,361,32,31,1,-1,-1,-1
151,47320,619,350,41,33,1,-1,-1,-1
151,47315,540,356,32,28,1,-1,-1,-1
151,47304,611,379,57,45,1,-1,-1,-1
151,47280,615,392,49,101,1,-1,-1,-1
151,47277,611,365,4,10,1,-1,-1,-1
152,47342,570,360,33,31,1,-1,-1,-1
152,47320,619,350,41,33,1,-1,-1,-1
152,47315,541,356,32,28,1,-1,-1,-1
152,47304,611,379,57,44,1,-1,-1,-1
152,47280,615,391,49,102,1,-1,-1,-1
152,47277,611,365,4,10,1,-1,-1,-1
153,47342,571,360,32,31,1,-1,-1,-1
153,47320,619,350,41,33,1,-1,-1,-1
153,47315,541,356,32,27,1,-1,-1,-1
153,47304,611,378,57,45,1,-1,-1,-1
153,47280,615,390,49,102,1,-1,-1,-1
153,47277,611,365,4,10,1,-1,-1,-1
154,47342,571,360,32,31,1,-1,-1,-1
154,47320,619,349,41,33,1,-1,-1,-1
154,47315,542,355,32,28,1,-1,-1,-1
154,47304,611,378,57,44,1,-1,-1,-1
154,47280,615,390,49,101,1,-1,-1,-1
154,47277,611,364,5,11,1,-1,-1,-1
155,47342,572,361,31,30,1,-1,-1,-1
155,47320,619,350,41,33,1,-1,-1,-1
155,47315,543,356,31,27,1,-1,-1,-1
155,47304,612,379,56,44,1,-1,-1,-1
155,47280,615,390,49,100,1,-1,-1,-1
155,47277,611,365,4,10,1,-1,-1,-1
156,47342,572,362,32,30,1,-1,-1,-1
156,47320,619,352,41,33,1,-1,-1,-1
156,47315,544,358,30,27,1,-1,-1,-1
156,47304,612,380,56,44,1,-1,-1,-1
156,47280,616,392,48,100,1,-1,-1,-1
156,47277,611,366,5,11,1,-1,-1,-1
156,47265,617,365,3,4,1,-1,-1,-1
157,47342,572,363,32,30,1,-1,-1,-1
157,47320,619,353,41,33,1,-1,-1,-1
157,47315,544,359,31,27,1,-1,-1,-1
157,47304,612,381,56,44,1,-1,-1,-1
157,47280,616,394,48,99,1,-1,-1,-1
157,47277,612,368,3,10,1,-1,-1,-1
157,47265,616,365,3,5,1,-1,-1,-1
158,47342,573,364,31,30,1,-1,-1,-1
158,47320,619,353,41,33,1,-1,-1,-1
158,47315,545,359,30,27,1,-1,-1,-1
158,47304,612,382,56,44,1,-1,-1,-1
158,47280,615,394,49,100,1,-1,-1,-1
158,47277,612,368,4,10,1,-1,-1,-1
158,47265,616,365,3,5,1,-1,-1,-1
159,47342,573,364,31,29,1,-1,-1,-1
159,47320,619,353,41,33,1,-1,-1,-1
159,47315,546,359,30,27,1,-1,-1,-1
159,47304,612,382,56,44,1,-1,-1,-1
159,47280,615,394,49,100,1,-1,-1,-1
159,47277,612,368,4,10,1,-1,-1,-1
159,47265,615,365,3,5,1,-1,-1,-1
160,47342,574,363,30,29,1,-1,-1,-1
160,47320,619,352,41,33,1,-1,-1,-1
160,47315,546,359,30,26,1,-1,-1,-1
160,47304,612,381,56,44,1,-1,-1,-1
160,47280,615,393,49,101,1,-1,-1,-1
160,47277,612,367,4,10,1,-1,-1,-1
160,47265,614,364,3,5,1,-1,-1,-1
161,47342,574,362,31,29,1,-1,-1,-1
161,47320,619,351,41,33,1,-1,-1,-1
161,47315,547,358,30,26,1,-1,-1,-1
161,47304,612,380,56,44,1,-1,-1,-1
161,47280,615,393,49,101,1,-1,-1,-1
161,47277,612,366,4,10,1,-1,-1,-1
161,47265,612,363,4,5,1,-1,-1,-1
162,47342,574,361,31,29,1,-1,-1,-1
162,47320,619,350,41,33,1,-1,-1,-1
162,47315,548,357,29,26,1,-1,-1,-1
162,47304,612,379,56,44,1,-1,-1,-1
162,47280,615,392,49,101,1,-1,-1,-1
162,47277,612,365,4,10,1,-1,-1,-1
163,47342,575,360,30,29,1,-1,-1,-1
163,47320,619,349,41,33,1,-1,-1,-1
163,47315,548,356,29,25,1,-1,-1,-1
163,47304,611,378,57,44,1,-1,-1,-1
163,47280,615,390,49,103,1,-1,-1,-1
163,47277,613,364,3,10,1,-1,-1,-1
164,47342,575,359,30,29,1,-1,-1,-1
164,47341,762,359,15,7,1,-1,-1,-1
164,47338,900,359,16,7,1,-1,-1,-1
164,47320,619,349,41,32,1,-1,-1,-1
164,47315,549,355,29,25,1,-1,-1,-1
164,47304,611,377,57,44,1,-1,-1,-1
164,47280,615,390,49,102,1,-1,-1,-1
164,47277,613,363,4,10,1,-1,-1,-1
165,47342,576,357,29,29,1,-1,-1,-1
165,47320,619,347,41,33,1,-1,-1,-1
165,47315,550,353,28,25,1,-1,-1,-1
165,47304,611,375,57,45,1,-1,-1,-1
165,47280,615,388,49,103,1,-1,-1,-1
165,47277,613,361,4,10,1,-1,-1,-1
166,47342,576,354,30,28,1,-1,-1,-1
166,47341,759,354,16,7,1,-1,-1,-1
166,47336,1001,354,16,7,1,-1,-1,-1
166,47320,619,344,41,32,1,-1,-1,-1
166,47315,550,350,29,25,1,-1,-1,-1
166,47304,612,372,55,44,1,-1,-1,-1
166,47280,615,385,49,102,1,-1,-1,-1
166,47277,613,358,4,10,1,-1,-1,-1
167,47342,577,352,29,28,1,-1,-1,-1
167,47320,619,342,41,31,1,-1,-1,-1
167,47315,551,348,28,25,1,-1,-1,-1
167,47304,612,370,55,44,1,-1,-1,-1
167,47280,615,383,49,100,1,-1,-1,-1
167,47277,613,356,3,9,1,-1,-1,-1
167,47265,606,353,3,6,1,-1,-1,-1
168,47342,577,352,29,28,1,-1,-1,-1
168,47338,893,352,17,6,1,-1,-1,-1
168,47320,619,342,41,31,1,-1,-1,-1
168,47315,552,348,28,24,1,-1,-1,-1
168,47304,612,370,55,43,1,-1,-1,-1
168,47280,615,382,49,100,1,-1,-1,-1
168,47277,614,356,3,9,1,-1,-1,-1
168,47265,605,353,3,6,1,-1,-1,-1
169,47342,578,353,28,27,1,-1,-1,-1
169,47320,620,343,40,31,1,-1,-1,-1
169,47315,553,349,27,24,1,-1,-1,-1
169,47304,612,370,55,44,1,-1,-1,-1
169,47280,616,383,48,99,1,-1,-1,-1
169,47277,614,357,3,9,1,-1,-1,-1
170,47342,578,354,29,28,1,-1,-1,-1
170,47338,890,355,17,6,1,-1,-1,-1
170,47320,620,344,39,31,1,-1,-1,-1
170,47315,553,350,28,25,1,-1,-1,-1
170,47304,612,372,55,43,1,-1,-1,-1
170,47283,972,356,4,5,1,-1,-1,-1
170,47280,616,384,47,98,1,-1,-1,-1
170,47277,614,358,3,9,1,-1,-1,-1
171,47342,579,356,28,27,1,-1,-1,-1
171,47341,752,356,17,6,1,-1,-1,-1
171,47338,888,356,17,7,1,-1,-1,-1
171,47320,620,346,39,31,1,-1,-1,-1
171,47315,554,352,27,24,1,-1,-1,-1
171,47304,613,373,54,43,1,-1,-1,-1
171,47296,975,358,16,5,1,-1,-1,-1
171,47280,616,385,47,97,1,-1,-1,-1
171,47277,614,360,3,9,1,-1,-1,-1
172,47342,579,358,28,26,1,-1,-1,-1
172,47338,887,358,17,6,1,-1,-1,-1
172,47320,620,348,39,31,1,-1,-1,-1
172,47315,555,354,26,24,1,-1,-1,-1
172,47304,613,375,53,42,1,-1,-1,-1
172,47280,616,387,47,96,1,-1,-1,-1
172,47277,614,362,4,8,1,-1,-1,-1
173,47342,580,359,27,27,1,-1,-1,-1
173,47341,750,359,16,7,1,-1,-1,-1
173,47338,885,359,17,7,1,-1,-1,-1
173,47320,620,349,39,31,1,-1,-1,-1
173,47315,556,355,26,24,1,-1,-1,-1
173,47304,613,376,53,42,1,-1,-1,-1
173,47296,975,361,16,5,1,-1,-1,-1
173,47283,968,361,5,5,1,-1,-1,-1
173,47280,617,388,46,95,1,-1,-1,-1
173,47277,614,363,3,9,1,-1,-1,-1
174,47342,580,360,28,27,1,-1,-1,-1
174,47320,620,350,39,31,1,-1,-1,-1
174,47315,556,356,26,24,1,-1,-1,-1
174,47304,613,377,53,42,1,-1,-1,-1
174,47283,967,362,7,5,1,-1,-1,-1
174,47280,617,389,45,94,1,-1,-1,-1
174,47277,614,364,3,9,1,-1,-1,-1
174,47268,1057,363,3,4,1,-1,-1,-1
175,47342,581,362,27,26,1,-1,-1,-1
175,47338,882,362,17,6,1,-1,-1,-1
175,47320,620,352,39,31,1,-1,-1,-1
175,47315,557,358,26,23,1,-1,-1,-1
175,47304,613,378,53,42,1,-1,-1,-1
175,47296,974,363,17,5,1,-1,-1,-1
175,47283,968,364,6,4,1,-1,-1,-1
175,47280,617,390,45,93,1,-1,-1,-1
175,47277,614,365,4,9,1,-1,-1,-1
175,47268,1057,364,3,4,1,-1,-1,-1
176,47342,581,362,27,26,1,-1,-1,-1
176,47320,620,352,39,31,1,-1,-1,-1
176,47315,557,358,26,24,1,-1,-1,-1
176,47304,613,379,53,41,1,-1,-1,-1
176,47296,975,364,16,5,1,-1,-1,-1
176,47283,965,365,8,4,1,-1,-1,-1
176,47280,617,390,45,92,1,-1,-1,-1
176,47277,614,366,3,9,1,-1,-1,-1
176,47268,1057,364,3,5,1,-1,-1,-1
177,47342,582,362,26,26,1,-1,-1,-1
177,47338,879,363,17,6,1,-1,-1,-1
177,47320,620,352,39,32,1,-1,-1,-1
177,47315,558,359,25,22,1,-1,-1,-1
177,47304,613,379,53,41,1,-1,-1,-1
177,47296,975,364,16,5,1,-1,-1,-1
177,47283,964,364,8,5,1,-1,-1,-1
177,47280,617,390,45,91,1,-1,-1,-1
177,47277,614,366,3,9,1,-1,-1,-1
177,47268,1057,365,3,4,1,-1,-1,-1
178,47342,582,362,26,26,1,-1,-1,-1
178,47341,744,362,15,7,1,-1,-1,-1
178,47320,620,352,39,30,1,-1,-1,-1
178,47315,559,358,25,23,1,-1,-1,-1
178,47309,836,364,16,5,1,-1,-1,-1
178,47304,613,379,53,41,1,-1,-1,-1
178,47296,974,364,17,5,1,-1,-1,-1
178,47283,965,364,5,5,1,-1,-1,-1
178,47280,617,390,45,90,1,-1,-1,-1
178,47277,614,366,4,9,1,-1,-1,-1
178,47268,1057,364,3,5,1,-1,-1,-1
179,47342,582,362,27,25,1,-1,-1,-1
179,47325,1086,360,14,8,1,-1,-1,-1
179,47320,620,352,39,29,1,-1,-1,-1
179,47315,559,358,25,23,1,-1,-1,-1
179,47304,613,378,52,41,1,-1,-1,-1
179,47283,961,364,6,4,1,-1,-1,-1
179,47280,617,389,45,90,1,-1,-1,-1
179,47277,614,365,4,10,1,-1,-1,-1
179,47268,1057,364,4,5,1,-1,-1,-1
180,47342,583,361,26,26,1,-1,-1,-1
180,47329,899,362,17,6,1,-1,-1,-1
180,47325,1085,360,22,9,1,-1,-1,-1
180,47320,620,352,39,29,1,-1,-1,-1
180,47315,560,358,25,22,1,-1,-1,-1
180,47304,614,378,51,40,1,-1,-1,-1
180,47296,974,363,17,5,1,-1,-1,-1
180,47283,959,363,9,5,1,-1,-1,-1
180,47280,618,389,43,89,1,-1,-1,-1
180,47277,615,365,3,9,1,-1,-1,-1
180,47268,1057,363,3,5,1,-1,-1,-1
181,47342,583,362,26,25,1,-1,-1,-1
181,47341,740,362,17,6,1,-1,-1,-1
181,47338,873,362,17,6,1,-1,-1,-1
181,47336,1002,362,17,6,1,-1,-1,-1
181,47325,1086,360,28,8,1,-1,-1,-1
181,47320,620,352,39,29,1,-1,-1,-1
181,47315,560,358,25,22,1,-1,-1,-1
181,47304,614,378,51,40,1,-1,-1,-1
181,47296,974,363,16,5,1,-1,-1,-1
181,47283,958,364,9,4,1,-1,-1,-1
181,47280,618,389,43,88,1,-1,-1,-1
181,47277,614,365,4,9,1,-1,-1,-1
181,47268,1058,364,3,4,1,-1,-1,-1
182,47342,583,363,26,25,1,-1,-1,-1
182,47325,1084,361,30,9,1,-1,-1,-1
182,47322,546,361,14,9,1,-1,-1,-1
182,47320,620,353,39,29,1,-1,-1,-1
182,47315,561,359,24,22,1,-1,-1,-1
182,47304,614,379,51,40,1,-1,-1,-1
182,47283,956,366,9,3,1,-1,-1,-1
182,47280,618,390,43,88,1,-1,-1,-1
182,47277,614,367,4,9,1,-1,-1,-1
182,47268,1057,365,4,5,1,-1,-1,-1
183,47343,1119,364,17,7,1,-1,-1,-1
183,47342,584,364,25,25,1,-1,-1,-1
183,47325,1084,362,29,9,1,-1,-1,-1
183,47322,544,362,15,7,1,-1,-1,-1
183,47320,620,354,39,29,1,-1,-1,-1
183,47315,561,360,25,22,1,-1,-1,-1
183,47304,614,380,51,40,1,-1,-1,-1
183,47283,956,366,8,4,1,-1,-1,-1
183,47280,618,390,43,88,1,-1,-1,-1
183,47277,614,367,4,9,1,-1,-1,-1
184,47343,1119,365,23,7,1,-1,-1,-1
184,47342,584,364,25,25,1,-1,-1,-1
184,47329,893,365,17,6,1,-1,-1,-1
184,47325,1084,363,29,8,1,-1,-1,-1
184,47322,542,363,15,7,1,-1,-1,-1
184,47320,620,355,39,29,1,-1,-1,-1
184,47315,561,361,25,22,1,-1,-1,-1
184,47304,614,381,51,40,1,-1,-1,-1
184,47296,973,366,18,5,1,-1,-1,-1
184,47283,954,367,8,4,1,-1,-1,-1
184,47280,618,391,43,88,1,-1,-1,-1
184,47277,615,368,3,9,1,-1,-1,-1
185,47343,1119,365,23,7,1,-1,-1,-1
185,47342,584,365,26,25,1,-1,-1,-1
185,47341,737,365,15,7,1,-1,-1,-1
185,47338,867,365,17,7,1,-1,-1,-1
185,47329,893,365,15,7,1,-1,-1,-1
185,47325,1084,363,29,9,1,-1,-1,-1
185,47322,540,363,15,7,1,-1,-1,-1
185,47320,620,355,39,30,1,-1,-1,-1
185,47315,562,361,24,22,1,-1,-1,-1
185,47304,614,381,51,40,1,-1,-1,-1
185,47296,973,367,17,5,1,-1,-1,-1
185,47284,998,368,5,4,1,-1,-1,-1
185,47283,953,367,7,5,1,-1,-1,-1
185,47280,618,392,43,87,1,-1,-1,-1
185,47277,615,369,3,9,1,-1,-1,-1
186,47343,1118,366,23,7,1,-1,-1,-1
186,47342,585,365,25,25,1,-1,-1,-1
186,47338,865,366,17,6,1,-1,-1,-1
186,47325,1083,364,30,9,1,-1,-1,-1
186,47320,620,355,39,30,1,-1,-1,-1
186,47315,562,362,24,22,1,-1,-1,-1
186,47304,614,382,51,39,1,-1,-1,-1
186,47284,998,368,5,5,1,-1,-1,-1
186,47280,618,392,43,87,1,-1,-1,-1
186,47277,615,369,3,9,1,-1,-1,-1
186,47268,1058,368,3,4,1,-1,-1,-1
187,47343,1118,366,23,7,1,-1,-1,-1
187,47342,585,366,25,24,1,-1,-1,-1
187,47338,864,366,17,6,1,-1,-1,-1
187,47325,1083,364,29,9,1,-1,-1,-1
187,47320,620,356,39,29,1,-1,-1,-1
187,47315,562,362,24,22,1,-1,-1,-1
187,47304,614,382,51,40,1,-1,-1,-1
187,47296,973,367,18,6,1,-1,-1,-1
187,47284,997,368,6,4,1,-1,-1,-1
187,47283,950,368,9,4,1,-1,-1,-1
187,47280,618,392,43,88,1,-1,-1,-1
187,47277,615,369,3,9,1,-1,-1,-1
187,47268,1059,368,3,4,1,-1,-1,-1
188,47343,1118,366,23,7,1,-1,-1,-1
188,47342,585,365,25,25,1,-1,-1,-1
188,47338,863,366,17,6,1,-1,-1,-1
188,47325,1083,364,29,9,1,-1,-1,-1
188,47320,620,355,39,30,1,-1,-1,-1
188,47315,563,362,23,21,1,-1,-1,-1
188,47304,614,382,51,40,1,-1,-1,-1
188,47296,972,367,19,5,1,-1,-1,-1
188,47283,949,368,8,4,1,-1,-1,-1
188,47282,1186,368,10,6,1,-1,-1,-1
188,47280,618,392,43,88,1,-1,-1,-1
188,47277,615,369,3,9,1,-1,-1,-1
188,47268,1059,369,4,3,1,-1,-1,-1
189,47343,1117,365,24,7,1,-1,-1,-1
189,47342,585,365,25,24,1,-1,-1,-1
189,47338,861,365,17,6,1,-1,-1,-1
189,47329,886,365,17,6,1,-1,-1,-1
189,47325,1083,363,29,9,1,-1,-1,-1
189,47320,620,355,39,29,1,-1,-1,-1
189,47315,563,361,24,21,1,-1,-1,-1
189,47304,614,381,51,40,1,-1,-1,-1
189,47284,999,367,4,5,1,-1,-1,-1
189,47282,1186,367,11,7,1,-1,-1,-1
189,47280,618,392,43,88,1,-1,-1,-1
189,47277,615,368,3,9,1,-1,-1,-1
190,47343,1117,364,23,7,1,-1,-1,-1
190,47342,586,363,24,24,1,-1,-1,-1
190,47341,730,364,17,6,1,-1,-1,-1
190,47338,860,364,17,6,1,-1,-1,-1
190,47329,885,364,17,6,1,-1,-1,-1
190,47325,1083,362,29,9,1,-1,-1,-1
190,47320,620,353,39,30,1,-1,-1,-1
190,47315,563,360,24,21,1,-1,-1,-1
190,47304,614,380,51,40,1,-1,-1,-1
190,47296,973,365,17,5,1,-1,-1,-1
190,47283,946,365,9,5,1,-1,-1,-1
190,47282,1187,366,10,6,1,-1,-1,-1
190,47280,618,390,43,89,1,-1,-1,-1
190,47277,615,367,3,9,1,-1,-1,-1
191,47343,1117,362,23,7,1,-1,-1,-1
191,47342,586,362,24,24,1,-1,-1,-1
191,47341,730,362,16,7,1,-1,-1,-1
191,47336,1006,362,16,7,1,-1,-1,-1
191,47329,884,362,16,7,1,-1,-1,-1
191,47325,1082,360,30,10,1,-1,-1,-1
191,47320,620,352,39,30,1,-1,-1,-1
191,47315,563,358,24,22,1,-1,-1,-1
191,47304,614,379,51,40,1,-1,-1,-1
191,47296,971,364,18,5,1,-1,-1,-1
191,47284,995,365,7,3,1,-1,-1,-1
191,47283,945,366,8,3,1,-1,-1,-1
191,47282,1189,365,8,5,1,-1,-1,-1
191,47280,618,390,43,89,1,-1,-1,-1
191,47277,615,366,3,9,1,-1,-1,-1
191,47275,1246,366,10,5,1,-1,-1,-1
191,47268,1060,364,4,5,1,-1,-1,-1
192,47343,1117,361,23,7,1,-1,-1,-1
192,47342,586,361,25,24,1,-1,-1,-1
192,47341,729,361,16,7,1,-1,-1,-1
192,47329,883,361,16,7,1,-1,-1,-1
192,47325,1082,359,30,9,1,-1,-1,-1
192,47320,620,351,39,29,1,-1,-1,-1
192,47315,564,357,23,22,1,-1,-1,-1
192,47309,814,363,18,5,1,-1,-1,-1
192,47304,614,377,51,41,1,-1,-1,-1
192,47296,971,363,19,5,1,-1,-1,-1
192,47284,994,363,5,4,1,-1,-1,-1
192,47282,1189,364,7,5,1,-1,-1,-1
192,47280,618,389,43,89,1,-1,-1,-1
192,47277,614,365,5,8,1,-1,-1,-1
192,47275,1244,365,12,5,1,-1,-1,-1
193,47343,1116,360,23,7,1,-1,-1,-1
193,47342,587,360,24,23,1,-1,-1,-1
193,47336,1006,360,17,6,1,-1,-1,-1
193,47325,1082,358,29,9,1,-1,-1,-1
193,47320,620,350,39,29,1,-1,-1,-1
193,47315,564,356,23,21,1,-1,-1,-1
193,47304,614,376,51,40,1,-1,-1,-1
193,47296,970,362,19,5,1,-1,-1,-1
193,47284,993,362,7,4,1,-1,-1,-1
193,47282,1188,362,10,6,1,-1,-1,-1
193,47280,618,387,43,90,1,-1,-1,-1
193,47277,615,364,3,8,1,-1,-1,-1
193,47275,1242,363,13,6,1,-1,-1,-1
193,47268,1061,362,4,5,1,-1,-1,-1
194,47343,1116,359,23,7,1,-1,-1,-1
194,47342,587,359,24,23,1,-1,-1,-1
194,47325,1082,357,29,9,1,-1,-1,-1
194,47320,620,349,39,29,1,-1,-1,-1
194,47315,564,355,23,21,1,-1,-1,-1
194,47304,614,375,51,41,1,-1,-1,-1
194,47289,559,361,4,5,1,-1,-1,-1
194,47284,991,362,8,4,1,-1,-1,-1
194,47282,1188,361,9,6,1,-1,-1,-1
194,47280,617,387,45,89,1,-1,-1,-1
194,47277,615,364,3,7,1,-1,-1,-1
194,47275,1241,362,13,6,1,-1,-1,-1
194,47268,1062,361,3,4,1,-1,-1,-1
195,47343,1116,358,23,7,1,-1,-1,-1
195,47342,587,358,24,23,1,-1,-1,-1
195,47341,725,358,17,7,1,-1,-1,-1
195,47329,878,358,16,7,1,-1,-1,-1
195,47325,1082,356,29,10,1,-1,-1,-1
195,47320,620,348,39,30,1,-1,-1,-1
195,47315,564,354,24,22,1,-1,-1,-1
195,47309,811,360,17,5,1,-1,-1,-1
195,47304,614,375,51,40,1,-1,-1,-1
195,47289,556,360,6,5,1,-1,-1,-1
195,47284,990,362,8,3,1,-1,-1,-1
195,47283,940,360,7,5,1,-1,-1,-1
195,47282,1189,361,7,5,1,-1,-1,-1
195,47280,617,385,45,91,1,-1,-1,-1
195,47277,614,362,5,8,1,-1,-1,-1
195,47275,1242,362,10,6,1,-1,-1,-1
195,47268,1062,360,3,4,1,-1,-1,-1
196,47343,1115,357,23,7,1,-1,-1,-1
196,47342,588,357,23,23,1,-1,-1,-1
196,47341,724,357,17,6,1,-1,-1,-1
196,47338,851,357,17,6,1,-1,-1,-1
196,47336,1007,357,16,7,1,-1,-1,-1
196,47325,1081,355,30,9,1,-1,-1,-1
196,47320,620,347,39,29,1,-1,-1,-1
196,47315,565,353,23,21,1,-1,-1,-1
196,47304,614,373,51,40,1,-1,-1,-1
196,47289,554,359,6,4,1,-1,-1,-1
196,47283,940,359,6,4,1,-1,-1,-1
196,47282,1187,359,10,5,1,-1,-1,-1
196,47280,617,384,45,91,1,-1,-1,-1
196,47277,615,360,3,9,1,-1,-1,-1
196,47275,1239,360,12,5,1,-1,-1,-1
196,47268,1062,359,4,4,1,-1,-1,-1
197,47343,1115,355,23,7,1,-1,-1,-1
197,47342,588,355,24,23,1,-1,-1,-1
197,47341,724,355,16,7,1,-1,-1,-1
197,47338,849,355,17,7,1,-1,-1,-1
197,47325,1082,353,29,10,1,-1,-1,-1
197,47320,621,345,38,30,1,-1,-1,-1
197,47315,565,352,24,20,1,-1,-1,-1
197,47304,614,372,52,40,1,-1,-1,-1
197,47296,968,357,18,5,1,-1,-1,-1
197,47283,936,357,8,5,1,-1,-1,-1
197,47282,1188,358,7,5,1,-1,-1,-1
197,47280,618,383,44,90,1,-1,-1,-1
197,47277,615,359,4,8,1,-1,-1,-1
197,47275,1238,359,11,5,1,-1,-1,-1
197,47265,560,356,4,6,1,-1,-1,-1
198,47343,1117,353,23,7,1,-1,-1,-1
198,47342,590,352,23,23,1,-1,-1,-1
198,47338,849,353,17,6,1,-1,-1,-1
198,47329,875,353,17,6,1,-1,-1,-1
198,47325,1085,351,27,9,1,-1,-1,-1
198,47320,622,343,38,29,1,-1,-1,-1
198,47315,567,349,24,21,1,-1,-1,-1
198,47304,616,369,51,40,1,-1,-1,-1
198,47296,969,354,19,5,1,-1,-1,-1
198,47283,936,354,9,5,1,-1,-1,-1
198,47282,1188,355,11,6,1,-1,-1,-1
198,47280,619,380,44,90,1,-1,-1,-1
198,47277,617,356,3,9,1,-1,-1,-1
198,47275,1241,356,9,6,1,-1,-1,-1
198,47268,1065,355,3,4,1,-1,-1,-1
199,47343,1117,351,23,7,1,-1,-1,-1
199,47342,591,351,23,23,1,-1,-1,-1
199,47341,723,351,17,7,1,-1,-1,-1
199,47338,848,351,17,7,1,-1,-1,-1
199,47325,1083,349,29,9,1,-1,-1,-1
199,47320,623,342,37,29,1,-1,-1,-1
199,47315,568,348,23,20,1,-1,-1,-1
199,47304,616,367,51,40,1,-1,-1,-1
199,47296,967,353,19,5,1,-1,-1,-1
199,47284,988,354,6,4,1,-1,-1,-1
199,47283,934,353,9,5,1,-1,-1,-1
199,47282,1189,354,7,6,1,-1,-1,-1
199,47280,620,379,44,89,1,-1,-1,-1
199,47277,617,355,4,8,1,-1,-1,-1
199,47275,1237,355,10,5,1,-1,-1,-1
199,47268,1065,353,4,5,1,-1,-1,-1
199,47265,559,352,4,6,1,-1,-1,-1
200,47343,1116,351,22,8,1,-1,-1,-1
200,47342,591,351,23,23,1,-1,-1,-1
200,47341,722,351,17,7,1,-1,-1,-1
200,47338,846,352,17,6,1,-1,-1,-1
200,47325,1083,349,29,9,1,-1,-1,-1
200,47320,623,342,37,29,1,-1,-1,-1
200,47315,568,348,24,20,1,-1,-1,-1
200,47304,616,367,51,40,1,-1,-1,-1
200,47296,966,353,20,5,1,-1,-1,-1
200,47284,987,354,5,4,1,-1,-1,-1
200,47283,932,353,9,5,1,-1,-1,-1
200,47282,1187,354,10,5,1,-1,-1,-1
200,47280,620,379,43,88,1,-1,-1,-1
200,47277,617,355,4,8,1,-1,-1,-1
200,47275,1235,355,11,5,1,-1,-1,-1
200,47268,1065,353,3,5,1,-1,-1,-1
200,47265,556,353,4,5,1,-1,-1,-1
201,47343,1115,352,23,8,1,-1,-1,-1
201,47342,591,352,23,22,1,-1,-1,-1
201,47338,844,353,17,6,1,-1,-1,-1
201,47336,1009,353,17,6,1,-1,-1,-1
201,47325,1081,351,30,9,1,-1,-1,-1
201,47320,623,343,37,29,1,-1,-1,-1
201,47315,569,349,23,20,1,-1,-1,-1
201,47304,616,368,50,40,1,-1,-1,-1
201,47296,964,354,20,5,1,-1,-1,-1
201,47284,985,355,5,4,1,-1,-1,-1
201,47283,930,354,8,5,1,-1,-1,-1
201,47282,1185,355,10,5,1,-1,-1,-1
201,47280,620,379,43,88,1,-1,-1,-1
201,47277,617,356,3,8,1,-1,-1,-1
201,47275,1233,356,10,6,1,-1,-1,-1
201,47268,1065,356,4,4,1,-1,-1,-1
201,47265,555,354,3,4,1,-1,-1,-1
202,47343,1114,354,22,7,1,-1,-1,-1
202,47342,592,354,22,22,1,-1,-1,-1
202,47338,843,354,16,7,1,-1,-1,-1
202,47336,1008,354,17,6,1,-1,-1,-1
202,47329,868,354,17,7,1,-1,-1,-1
202,47325,1081,352,29,9,1,-1,-1,-1
202,47320,623,344,37,29,1,-1,-1,-1
202,47315,568,350,24,21,1,-1,-1,-1
202,47309,803,356,16,5,1,-1,-1,-1
202,47304,616,370,50,39,1,-1,-1,-1
202,47296,964,356,19,5,1,-1,-1,-1
202,47284,983,356,5,4,1,-1,-1,-1
202,47283,928,356,9,5,1,-1,-1,-1
202,47282,1184,356,9,6,1,-1,-1,-1
202,47280,620,381,43,86,1,-1,-1,-1
202,47277,617,357,3,9,1,-1,-1,-1
202,47275,1230,357,12,6,1,-1,-1,-1
203,47343,1113,356,23,6,1,-1,-1,-1
203,47342,592,355,22,22,1,-1,-1,-1
203,47336,1008,356,17,6,1,-1,-1,-1
203,47325,1081,354,29,9,1,-1,-1,-1
203,47320,622,346,37,29,1,-1,-1,-1
203,47315,569,352,23,20,1,-1,-1,-1
203,47304,616,371,50,39,1,-1,-1,-1
203,47296,961,357,20,5,1,-1,-1,-1
203,47283,926,357,9,5,1,-1,-1,-1
203,47282,1182,358,10,5,1,-1,-1,-1
203,47280,620,382,42,86,1,-1,-1,-1
203,47277,617,359,3,8,1,-1,-1,-1
203,47275,1228,359,11,5,1,-1,-1,-1
204,47343,1113,357,22,7,1,-1,-1,-1
204,47342,592,357,22,22,1,-1,-1,-1
204,47338,839,357,17,7,1,-1,-1,-1
204,47336,1008,357,17,6,1,-1,-1,-1
204,47329,864,357,17,7,1,-1,-1,-1
204,47325,1086,355,22,9,1,-1,-1,-1
204,47320,622,348,37,28,1,-1,-1,-1
204,47315,569,354,23,20,1,-1,-1,-1
204,47304,616,373,50,38,1,-1,-1,-1
204,47302,673,359,16,5,1,-1,-1,-1
204,47296,961,359,18,5,1,-1,-1,-1
204,47283,926,359,6,5,1,-1,-1,-1
204,47282,1181,360,10,5,1,-1,-1,-1
204,47280,620,383,42,86,1,-1,-1,-1
204,47277,617,361,3,8,1,-1,-1,-1
204,47275,1226,361,11,5,1,-1,-1,-1
204,47268,1064,361,4,3,1,-1,-1,-1
205,47343,1112,359,22,7,1,-1,-1,-1
205,47342,592,359,22,21,1,-1,-1,-1
205,47341,716,359,17,6,1,-1,-1,-1
205,47338,836,359,18,6,1,-1,-1,-1
205,47336,1008,359,17,7,1,-1,-1,-1
205,47320,622,349,37,29,1,-1,-1,-1
205,47315,569,355,23,20,1,-1,-1,-1
205,47304,616,374,49,38,1,-1,-1,-1
205,47296,959,360,19,5,1,-1,-1,-1
205,47283,922,361,9,3,1,-1,-1,-1
205,47282,1179,361,10,6,1,-1,-1,-1
205,47280,620,385,41,84,1,-1,-1,-1
205,47277,617,362,3,9,1,-1,-1,-1
205,47275,1224,362,11,5,1,-1,-1,-1
205,47268,1065,361,3,4,1,-1,-1,-1
206,47342,592,360,22,21,1,-1,-1,-1
206,47341,716,360,16,7,1,-1,-1,-1
206,47338,835,360,17,7,1,-1,-1,-1
206,47336,1008,360,17,6,1,-1,-1,-1
206,47329,861,360,16,7,1,-1,-1,-1
206,47325,1078,358,27,9,1,-1,-1,-1
206,47320,622,351,37,27,1,-1,-1,-1
206,47315,569,357,24,20,1,-1,-1,-1
206,47304,616,376,49,38,1,-1,-1,-1
206,47296,957,362,19,5,1,-1,-1,-1
206,47283,920,362,8,5,1,-1,-1,-1
206,47282,1179,363,9,5,1,-1,-1,-1
206,47280,620,386,41,83,1,-1,-1,-1
206,47277,617,364,3,8,1,-1,-1,-1
206,47275,1222,364,12,5,1,-1,-1,-1
207,47342,593,361,21,21,1,-1,-1,-1
207,47341,716,361,15,7,1,-1,-1,-1
207,47338,833,361,17,7,1,-1,-1,-1
207,47336,1008,361,17,6,1,-1,-1,-1
207,47329,859,361,17,7,1,-1,-1,-1
207,47325,1078,359,29,9,1,-1,-1,-1
207,47320,622,351,37,28,1,-1,-1,-1
207,47315,569,357,24,20,1,-1,-1,-1
207,47309,793,363,16,5,1,-1,-1,-1
207,47304,616,376,49,38,1,-1,-1,-1
207,47296,957,363,18,5,1,-1,-1,-1
207,47283,920,363,5,5,1,-1,-1,-1
207,47282,1178,363,9,6,1,-1,-1,-1
207,47280,620,387,41,82,1,-1,-1,-1
207,47277,617,364,3,9,1,-1,-1,-1
207,47275,1220,364,12,6,1,-1,-1,-1
207,47268,1064,363,4,5,1,-1,-1,-1
208,47343,1110,361,21,7,1,-1,-1,-1
208,47342,593,361,21,21,1,-1,-1,-1
208,47341,713,361,16,7,1,-1,-1,-1
208,47338,831,361,17,7,1,-1,-1,-1
208,47336,1008,361,17,6,1,-1,-1,-1
208,47329,858,361,16,7,1,-1,-1,-1
208,47325,1077,359,29,9,1,-1,-1,-1
208,47320,622,351,37,30,1,-1,-1,-1
208,47315,569,358,24,20,1,-1,-1,-1
208,47309,792,363,16,5,1,-1,-1,-1
208,47304,616,376,49,38,1,-1,-1,-1
208,47296,954,363,20,5,1,-1,-1,-1
208,47282,1177,364,10,5,1,-1,-1,-1
208,47280,620,386,41,82,1,-1,-1,-1
208,47277,617,365,3,8,1,-1,-1,-1
208,47275,1218,364,12,5,1,-1,-1,-1
208,47268,1065,363,3,5,1,-1,-1,-1
209,47343,1109,361,22,8,1,-1,-1,-1
209,47342,593,361,21,21,1,-1,-1,-1
209,47341,712,361,16,7,1,-1,-1,-1
209,47338,829,361,17,7,1,-1,-1,-1
209,47336,1008,361,17,6,1,-1,-1,-1
209,47329,856,361,16,7,1,-1,-1,-1
209,47325,1077,359,29,9,1,-1,-1,-1
209,47320,622,351,36,29,1,-1,-1,-1
209,47315,570,357,23,20,1,-1,-1,-1
209,47309,788,363,18,5,1,-1,-1,-1
209,47306,1265,365,14,6,1,-1,-1,-1
209,47304,616,376,48,38,1,-1,-1,-1
209,47296,955,363,16,5,1,-1,-1,-1
209,47280,620,386,40,81,1,-1,-1,-1
209,47277,617,364,3,9,1,-1,-1,-1
209,47275,1217,364,10,5,1,-1,-1,-1
210,47343,1109,361,22,7,1,-1,-1,-1
210,47342,593,361,21,21,1,-1,-1,-1
210,47338,828,361,16,7,1,-1,-1,-1
210,47336,1008,361,17,6,1,-1,-1,-1
210,47329,854,361,17,7,1,-1,-1,-1
210,47325,1076,359,29,9,1,-1,-1,-1
210,47320,622,351,36,29,1,-1,-1,-1
210,47315,570,357,23,20,1,-1,-1,-1
210,47309,787,363,18,5,1,-1,-1,-1
210,47306,1264,364,15,6,1,-1,-1,-1
210,47304,616,376,48,37,1,-1,-1,-1
210,47296,954,362,16,6,1,-1,-1,-1
210,47283,913,363,6,5,1,-1,-1,-1
210,47282,1176,366,9,3,1,-1,-1,-1
210,47280,620,386,40,80,1,-1,-1,-1
210,47275,1215,366,11,3,1,-1,-1,-1
211,47343,1108,361,22,7,1,-1,-1,-1
211,47342,594,361,20,20,1,-1,-1,-1
211,47338,826,361,17,6,1,-1,-1,-1
211,47336,1008,361,17,6,1,-1,-1,-1
211,47325,1076,359,29,9,1,-1,-1,-1
211,47320,622,350,36,30,1,-1,-1,-1
211,47315,570,357,23,20,1,-1,-1,-1
211,47306,1262,364,17,6,1,-1,-1,-1
211,47304,616,376,48,37,1,-1,-1,-1
211,47296,950,362,18,5,1,-1,-1,-1
211,47283,914,363,6,4,1,-1,-1,-1
211,47282,1176,363,10,6,1,-1,-1,-1
211,47280,620,386,40,80,1,-1,-1,-1
212,47343,1108,362,22,7,1,-1,-1,-1
212,47342,594,362,21,20,1,-1,-1,-1
212,47341,709,362,16,7,1,-1,-1,-1
212,47338,824,362,17,7,1,-1,-1,-1
212,47336,1008,362,17,7,1,-1,-1,-1
212,47325,1077,360,28,9,1,-1,-1,-1
212,47320,622,352,36,29,1,-1,-1,-1
212,47315,570,358,23,20,1,-1,-1,-1
212,47309,783,364,19,5,1,-1,-1,-1
212,47304,616,377,48,37,1,-1,-1,-1
212,47296,949,363,17,6,1,-1,-1,-1
212,47283,912,364,6,5,1,-1,-1,-1
212,47282,1176,364,10,5,1,-1,-1,-1
212,47280,620,387,40,80,1,-1,-1,-1
212,47275,1214,366,8,4,1,-1,-1,-1
213,47343,1107,363,23,7,1,-1,-1,-1
213,47342,594,363,21,20,1,-1,-1,-1
213,47338,822,363,17,7,1,-1,-1,-1
213,47336,1008,363,18,6,1,-1,-1,-1
213,47329,849,363,17,7,1,-1,-1,-1
213,47325,1076,361,28,9,1,-1,-1,-1
213,47320,621,353,37,29,1,-1,-1,-1
213,47315,570,359,23,20,1,-1,-1,-1
213,47309,784,365,16,5,1,-1,-1,-1
213,47304,616,378,48,37,1,-1,-1,-1
213,47283,908,365,8,5,1,-1,-1,-1
213,47282,1177,365,8,5,1,-1,-1,-1
213,47280,620,388,40,80,1,-1,-1,-1
213,47275,1212,366,9,5,1,-1,-1,-1
213,47268,1065,365,3,5,1,-1,-1,-1
214,47343,1107,364,22,7,1,-1,-1,-1
214,47342,594,363,21,21,1,-1,-1,-1
214,47338,821,364,17,6,1,-1,-1,-1
214,47336,1009,364,17,6,1,-1,-1,-1
214,47329,847,364,17,6,1,-1,-1,-1
214,47325,1075,362,29,9,1,-1,-1,-1
214,47320,621,354,37,29,1,-1,-1,-1
214,47315,570,360,23,20,1,-1,-1,-1
214,47306,1258,367,21,6,1,-1,-1,-1
214,47304,616,379,48,37,1,-1,-1,-1
214,47283,906,366,8,4,1,-1,-1,-1
214,47282,1176,366,10,5,1,-1,-1,-1
214,47280,620,388,40,81,1,-1,-1,-1
214,47277,616,367,4,8,1,-1,-1,-1
214,47275,1210,367,9,5,1,-1,-1,-1
214,47269,0,488,12,49,1,-1,-1,-1
215,47343,1107,363,21,8,1,-1,-1,-1
215,47342,595,363,20,20,1,-1,-1,-1
215,47341,706,364,17,6,1,-1,-1,-1
215,47338,819,364,17,6,1,-1,-1,-1
215,47336,1009,363,18,7,1,-1,-1,-1
215,47329,845,364,17,6,1,-1,-1,-1
215,47325,1076,362,28,9,1,-1,-1,-1
215,47320,621,354,37,29,1,-1,-1,-1
215,47315,570,360,23,19,1,-1,-1,-1
215,47306,1257,367,22,6,1,-1,-1,-1
215,47304,616,379,48,37,1,-1,-1,-1
215,47283,905,365,8,5,1,-1,-1,-1
215,47282,1179,366,8,5,1,-1,-1,-1
215,47280,620,388,40,81,1,-1,-1,-1
215,47277,616,367,4,8,1,-1,-1,-1
215,47275,1208,367,11,5,1,-1,-1,-1
215,47269,0,483,19,59,1,-1,-1,-1
215,47268,1065,366,4,4,1,-1,-1,-1
216,47343,1107,363,22,7,1,-1,-1,-1
216,47342,595,363,20,20,1,-1,-1,-1
216,47338,817,363,17,7,1,-1,-1,-1
216,47336,1009,363,18,7,1,-1,-1,-1
216,47329,844,363,17,7,1,-1,-1,-1
216,47325,1075,361,29,9,1,-1,-1,-1
216,47320,621,353,37,29,1,-1,-1,-1
216,47315,571,359,22,20,1,-1,-1,-1
216,47309,777,365,18,5,1,-1,-1,-1
216,47306,1257,366,22,6,1,-1,-1,-1
216,47304,615,378,49,38,1,-1,-1,-1
216,47296,942,364,14,6,1,-1,-1,-1
216,47283,904,365,7,5,1,-1,-1,-1
216,47282,1177,365,10,5,1,-1,-1,-1
216,47280,619,388,41,82,1,-1,-1,-1
216,47275,1207,366,8,5,1,-1,-1,-1
216,47269,0,481,27,63,1,-1,-1,-1
216,47268,1064,365,5,4,1,-1,-1,-1
217,47343,1107,362,21,7,1,-1,-1,-1
217,47342,595,362,20,20,1,-1,-1,-1
217,47341,705,362,15,7,1,-1,-1,-1
217,47338,816,362,17,7,1,-1,-1,-1
217,47336,1010,362,17,7,1,-1,-1,-1
217,47329,842,362,17,7,1,-1,-1,-1
217,47325,1075,360,29,9,1,-1,-1,-1
217,47320,621,352,37,29,1,-1,-1,-1
217,47315,571,359,23,19,1,-1,-1,-1
217,47309,777,364,17,5,1,-1,-1,-1
217,47306,1256,365,23,7,1,-1,-1,-1
217,47304,615,377,49,38,1,-1,-1,-1
217,47302,657,364,17,5,1,-1,-1,-1
217,47296,942,364,18,5,1,-1,-1,-1
217,47283,903,364,7,5,1,-1,-1,-1
217,47282,1177,364,9,6,1,-1,-1,-1
217,47280,619,387,41,83,1,-1,-1,-1
217,47275,1206,365,10,6,1,-1,-1,-1
217,47269,0,477,35,65,1,-1,-1,-1
217,47268,1064,364,5,5,1,-1,-1,-1
218,47343,1107,361,22,7,1,-1,-1,-1
218,47342,595,361,20,20,1,-1,-1,-1
218,47338,814,361,17,7,1,-1,-1,-1
218,47336,1010,361,17,6,1,-1,-1,-1
218,47329,840,361,18,7,1,-1,-1,-1
218,47325,1075,359,29,9,1,-1,-1,-1
218,47320,621,351,37,30,1,-1,-1,-1
218,47315,571,358,23,19,1,-1,-1,-1
218,47309,775,363,17,5,1,-1,-1,-1
218,47306,1255,364,24,6,1,-1,-1,-1
218,47304,615,377,49,38,1,-1,-1,-1
218,47296,939,363,20,5,1,-1,-1,-1
218,47283,901,363,7,5,1,-1,-1,-1
218,47282,1177,363,8,6,1,-1,-1,-1
218,47280,619,387,42,85,1,-1,-1,-1
218,47275,1205,364,10,5,1,-1,-1,-1
218,47269,0,452,44,87,1,-1,-1,-1
219,47343,1106,360,22,7,1,-1,-1,-1
219,47342,596,360,19,19,1,-1,-1,-1
219,47338,812,360,17,7,1,-1,-1,-1
219,47329,839,360,17,7,1,-1,-1,-1
219,47325,1075,358,29,9,1,-1,-1,-1
219,47320,621,350,37,30,1,-1,-1,-1
219,47315,571,357,23,19,1,-1,-1,-1
219,47309,774,362,18,5,1,-1,-1,-1
219,47306,1254,363,25,7,1,-1,-1,-1
219,47304,615,376,50,38,1,-1,-1,-1
219,47296,937,362,20,5,1,-1,-1,-1
219,47283,898,362,9,5,1,-1,-1,-1
219,47282,1177,362,7,6,1,-1,-1,-1
219,47280,618,387,43,87,1,-1,-1,-1
219,47277,617,363,3,9,1,-1,-1,-1
219,47275,1203,363,11,5,1,-1,-1,-1
219,47269,0,440,53,95,1,-1,-1,-1
219,47268,1065,362,3,5,1,-1,-1,-1
220,47343,1106,358,22,7,1,-1,-1,-1
220,47342,596,358,19,19,1,-1,-1,-1
220,47341,702,358,17,6,1,-1,-1,-1
220,47336,1010,358,18,7,1,-1,-1,-1
220,47329,837,358,17,6,1,-1,-1,-1
220,47325,1075,356,29,9,1,-1,-1,-1
220,47320,621,348,37,30,1,-1,-1,-1
220,47315,571,354,23,19,1,-1,-1,-1
220,47306,1253,361,26,6,1,-1,-1,-1
220,47304,615,373,50,39,1,-1,-1,-1
220,47296,936,359,19,5,1,-1,-1,-1
220,47283,897,360,7,3,1,-1,-1,-1
220,47282,1178,360,8,6,1,-1,-1,-1
220,47280,618,385,44,88,1,-1,-1,-1
220,47277,616,361,4,8,1,-1,-1,-1
220,47275,1202,361,10,5,1,-1,-1,-1
220,47269,0,430,64,99,1,-1,-1,-1
220,47268,1065,360,3,5,1,-1,-1,-1
221,47343,1106,354,22,7,1,-1,-1,-1
221,47342,596,354,20,19,1,-1,-1,-1
221,47338,809,354,17,7,1,-1,-1,-1
221,47336,1011,354,17,7,1,-1,-1,-1
221,47329,835,354,18,7,1,-1,-1,-1
221,47325,1074,352,29,9,1,-1,-1,-1
221,47320,621,344,37,30,1,-1,-1,-1
221,47315,572,350,22,19,1,-1,-1,-1
221,47309,772,356,17,5,1,-1,-1,-1
221,47306,1254,357,25,6,1,-1,-1,-1
221,47304,615,370,50,38,1,-1,-1,-1
221,47296,934,355,19,6,1,-1,-1,-1
221,47283,895,356,8,5,1,-1,-1,-1
221,47282,1176,356,9,6,1,-1,-1,-1
221,47280,618,381,44,89,1,-1,-1,-1
221,47277,617,357,3,8,1,-1,-1,-1
221,47275,1201,357,9,5,1,-1,-1,-1
221,47269,0,377,80,150,1,-1,-1,-1
221,47268,1064,356,4,5,1,-1,-1,-1
222,47343,1105,349,22,8,1,-1,-1,-1
222,47342,597,349,19,19,1,-1,-1,-1
222,47341,701,349,15,7,1,-1,-1,-1
222,47338,808,349,16,7,1,-1,-1,-1
222,47329,834,349,16,7,1,-1,-1,-1
222,47325,1074,347,28,10,1,-1,-1,-1
222,47320,621,339,37,30,1,-1,-1,-1
222,47315,572,346,22,19,1,-1,-1,-1
222,47306,1251,353,28,6,1,-1,-1,-1
222,47304,615,365,50,39,1,-1,-1,-1
222,47296,933,351,19,5,1,-1,-1,-1
222,47283,893,351,8,5,1,-1,-1,-1
222,47282,1174,352,10,5,1,-1,-1,-1
222,47280,618,377,44,89,1,-1,-1,-1
222,47277,617,353,3,7,1,-1,-1,-1
222,47275,1197,353,11,4,1,-1,-1,-1
222,47269,0,371,99,155,1,-1,-1,-1
222,47268,1064,351,4,5,1,-1,-1,-1
223,47343,1104,347,22,7,1,-1,-1,-1
223,47342,597,347,19,19,1,-1,-1,-1
223,47341,699,347,17,7,1,-1,-1,-1
223,47329,832,347,17,7,1,-1,-1,-1
223,47325,1074,345,28,9,1,-1,-1,-1
223,47320,621,337,37,30,1,-1,-1,-1
223,47315,572,344,23,18,1,-1,-1,-1
223,47309,769,349,16,5,1,-1,-1,-1
223,47306,1249,350,30,6,1,-1,-1,-1
223,47304,615,363,50,38,1,-1,-1,-1
223,47296,930,349,19,5,1,-1,-1,-1
223,47283,891,349,8,5,1,-1,-1,-1
223,47282,1173,349,10,5,1,-1,-1,-1
223,47280,618,374,44,89,1,-1,-1,-1
223,47277,617,350,3,8,1,-1,-1,-1
223,47275,1196,350,10,5,1,-1,-1,-1
223,47269,0,368,120,158,1,-1,-1,-1
223,47268,1063,349,5,5,1,-1,-1,-1
224,47343,1103,348,22,7,1,-1,-1,-1
224,47342,598,347,18,19,1,-1,-1,-1
224,47341,699,348,17,6,1,-1,-1,-1
224,47338,804,348,17,6,1,-1,-1,-1
224,47329,830,348,17,6,1,-1,-1,-1
224,47325,1074,346,27,9,1,-1,-1,-1
224,47320,621,338,37,30,1,-1,-1,-1
224,47315,573,344,22,19,1,-1,-1,-1
224,47306,1247,351,32,6,1,-1,-1,-1
224,47304,615,363,50,39,1,-1,-1,-1
224,47296,929,349,19,5,1,-1,-1,-1
224,47283,889,349,7,5,1,-1,-1,-1
224,47282,1171,350,10,5,1,-1,-1,-1
224,47280,618,375,43,88,1,-1,-1,-1
224,47277,617,351,3,7,1,-1,-1,-1
224,47275,1192,351,11,5,1,-1,-1,-1
224,47269,8,367,131,151,1,-1,-1,-1
224,47268,1063,349,5,6,1,-1,-1,-1
225,47343,1102,349,22,8,1,-1,-1,-1
225,47342,598,349,18,19,1,-1,-1,-1
225,47341,698,349,17,7,1,-1,-1,-1
225,47338,802,349,17,7,1,-1,-1,-1
225,47329,829,349,16,7,1,-1,-1,-1
225,47325,1072,347,28,10,1,-1,-1,-1
225,47320,621,340,37,29,1,-1,-1,-1
225,47315,573,346,22,19,1,-1,-1,-1
225,47306,1245,353,34,6,1,-1,-1,-1
225,47304,615,365,49,39,1,-1,-1,-1
225,47296,926,351,19,5,1,-1,-1,-1
225,47283,887,351,8,5,1,-1,-1,-1
225,47282,1171,352,8,5,1,-1,-1,-1
225,47280,618,376,43,88,1,-1,-1,-1
225,47277,617,353,3,7,1,-1,-1,-1
225,47275,1190,353,11,4,1,-1,-1,-1
225,47269,36,368,120,145,1,-1,-1,-1
225,47268,1062,351,5,5,1,-1,-1,-1
226,47343,1102,352,21,7,1,-1,-1,-1
226,47342,598,352,19,18,1,-1,-1,-1
226,47325,1071,350,29,9,1,-1,-1,-1
226,47320,621,342,37,30,1,-1,-1,-1
226,47315,573,348,22,19,1,-1,-1,-1
226,47306,1243,355,34,6,1,-1,-1,-1
226,47304,615,367,49,39,1,-1,-1,-1
226,47296,924,353,19,5,1,-1,-1,-1
226,47283,885,353,8,5,1,-1,-1,-1
226,47282,1170,354,8,5,1,-1,-1,-1
226,47280,618,379,43,87,1,-1,-1,-1
226,47277,617,355,3,7,1,-1,-1,-1
226,47275,1188,355,11,5,1,-1,-1,-1
226,47269,60,370,112,139,1,-1,-1,-1
226,47268,1062,354,5,5,1,-1,-1,-1
227,47343,1101,354,22,8,1,-1,-1,-1
227,47342,599,354,18,18,1,-1,-1,-1
227,47341,697,354,16,7,1,-1,-1,-1
227,47338,799,354,16,7,1,-1,-1,-1
227,47329,824,354,17,7,1,-1,-1,-1
227,47325,1071,352,27,9,1,-1,-1,-1
227,47320,621,344,37,30,1,-1,-1,-1
227,47315,574,351,21,18,1,-1,-1,-1
227,47309,764,356,17,5,1,-1,-1,-1
227,47306,1242,357,33,6,1,-1,-1,-1
227,47304,615,370,49,38,1,-1,-1,-1
227,47296,923,355,18,6,1,-1,-1,-1
227,47283,884,356,6,5,1,-1,-1,-1
227,47282,1167,356,10,6,1,-1,-1,-1
227,47280,618,381,43,87,1,-1,-1,-1
227,47277,617,357,3,8,1,-1,-1,-1
227,47275,1187,357,9,5,1,-1,-1,-1
227,47269,82,371,104,134,1,-1,-1,-1
227,47268,1061,356,5,5,1,-1,-1,-1
228,47343,1101,356,21,7,1,-1,-1,-1
228,47342,599,356,18,18,1,-1,-1,-1
228,47341,697,356,15,7,1,-1,-1,-1
228,47338,797,356,17,7,1,-1,-1,-1
228,47329,822,356,17,7,1,-1,-1,-1
228,47325,1070,354,28,9,1,-1,-1,-1
228,47320,621,346,37,30,1,-1,-1,-1
228,47315,574,353,22,18,1,-1,-1,-1
228,47309,762,358,17,5,1,-1,-1,-1
228,47306,1240,359,33,6,1,-1,-1,-1
228,47304,615,372,49,38,1,-1,-1,-1
228,47296,922,358,17,5,1,-1,-1,-1
228,47283,882,358,7,5,1,-1,-1,-1
228,47282,1166,359,10,5,1,-1,-1,-1
228,47280,618,383,43,88,1,-1,-1,-1
228,47275,1184,359,10,5,1,-1,-1,-1
228,47269,102,373,97,129,1,-1,-1,-1
228,47268,1062,358,4,5,1,-1,-1,-1
229,47343,1102,358,19,7,1,-1,-1,-1
229,47342,599,358,18,17,1,-1,-1,-1
229,47341,694,358,17,7,1,-1,-1,-1
229,47338,795,358,17,7,1,-1,-1,-1
229,47329,821,358,17,7,1,-1,-1,-1
229,47325,1070,356,28,9,1,-1,-1,-1
229,47320,621,348,37,30,1,-1,-1,-1
229,47315,575,355,21,18,1,-1,-1,-1
229,47309,761,360,19,5,1,-1,-1,-1
229,47306,1239,361,32,6,1,-1,-1,-1
229,47304,615,374,49,38,1,-1,-1,-1
229,47296,918,359,19,6,1,-1,-1,-1
229,47283,879,360,8,5,1,-1,-1,-1
229,47282,1165,360,10,5,1,-1,-1,-1
229,47280,618,385,43,89,1,-1,-1,-1
229,47277,618,361,3,8,1,-1,-1,-1
229,47275,1184,361,8,5,1,-1,-1,-1
229,47269,119,374,92,125,1,-1,-1,-1
229,47268,1060,360,5,5,1,-1,-1,-1
230,47343,1099,360,22,7,1,-1,-1,-1
230,47342,600,360,17,17,1,-1,-1,-1
230,47341,694,360,17,6,1,-1,-1,-1
230,47336,1009,360,16,7,1,-1,-1,-1
230,47329,819,360,17,6,1,-1,-1,-1
230,47325,1069,358,28,9,1,-1,-1,-1
230,47320,621,350,37,30,1,-1,-1,-1
230,47315,575,356,21,19,1,-1,-1,-1
230,47306,1238,363,32,5,1,-1,-1,-1
230,47304,615,375,49,38,1,-1,-1,-1
230,47296,917,361,18,5,1,-1,-1,-1
230,47283,879,361,7,5,1,-1,-1,-1
230,47282,1165,362,9,5,1,-1,-1,-1
230,47280,618,387,43,89,1,-1,-1,-1
230,47277,618,363,3,7,1,-1,-1,-1
230,47275,1181,363,9,4,1,-1,-1,-1
230,47269,135,376,87,121,1,-1,-1,-1
230,47268,1061,362,4,5,1,-1,-1,-1
231,47343,1099,361,21,7,1,-1,-1,-1
231,47342,600,361,18,17,1,-1,-1,-1
231,47341,693,361,16,7,1,-1,-1,-1
231,47338,792,361,16,7,1,-1,-1,-1
231,47336,1009,361,18,7,1,-1,-1,-1
231,47329,817,361,17,7,1,-1,-1,-1
231,47325,1069,359,28,9,1,-1,-1,-1
231,47320,621,351,37,30,1,-1,-1,-1
231,47315,575,358,21,18,1,-1,-1,-1
231,47309,760,363,19,5,1,-1,-1,-1
231,47306,1236,364,32,6,1,-1,-1,-1
231,47304,615,377,49,38,1,-1,-1,-1
231,47296,914,363,19,5,1,-1,-1,-1
231,47283,875,363,8,5,1,-1,-1,-1
231,47282,1164,363,9,6,1,-1,-1,-1
231,47280,618,388,44,90,1,-1,-1,-1
231,47275,1179,364,9,5,1,-1,-1,-1
231,47269,149,377,83,117,1,-1,-1,-1
231,47268,1059,363,3,5,1,-1,-1,-1
232,47343,1098,362,22,7,1,-1,-1,-1
232,47342,601,362,17,17,1,-1,-1,-1
232,47341,692,362,16,7,1,-1,-1,-1
232,47338,791,362,17,7,1,-1,-1,-1
232,47336,1009,362,17,7,1,-1,-1,-1
232,47329,815,362,17,7,1,-1,-1,-1
232,47325,1068,360,29,9,1,-1,-1,-1
232,47320,621,352,37,30,1,-1,-1,-1
232,47315,575,358,21,19,1,-1,-1,-1
232,47306,1234,365,33,6,1,-1,-1,-1
232,47304,615,377,49,39,1,-1,-1,-1
232,47296,913,363,17,6,1,-1,-1,-1
232,47283,874,366,7,3,1,-1,-1,-1
232,47282,1162,364,10,5,1,-1,-1,-1
232,47280,618,389,43,89,1,-1,-1,-1
232,47277,618,365,3,7,1,-1,-1,-1
232,47275,1177,365,10,4,1,-1,-1,-1
232,47269,163,377,78,115,1,-1,-1,-1
233,47343,1098,362,22,7,1,-1,-1,-1
233,47342,601,362,17,17,1,-1,-1,-1
233,47341,692,362,16,7,1,-1,-1,-1
233,47338,789,362,17,7,1,-1,-1,-1
233,47336,1009,362,17,7,1,-1,-1,-1
233,47329,815,362,16,7,1,-1,-1,-1
233,47325,1068,360,29,9,1,-1,-1,-1
233,47320,621,352,37,30,1,-1,-1,-1
233,47315,575,358,21,18,1,-1,-1,-1
233,47309,760,364,17,5,1,-1,-1,-1
233,47306,1233,365,30,6,1,-1,-1,-1
233,47304,615,377,49,39,1,-1,-1,-1
233,47296,911,363,18,6,1,-1,-1,-1
233,47283,872,364,7,5,1,-1,-1,-1
233,47282,1161,364,10,5,1,-1,-1,-1
233,47280,618,389,44,89,1,-1,-1,-1
233,47277,618,365,3,8,1,-1,-1,-1
233,47275,1176,365,9,4,1,-1,-1,-1
233,47269,175,376,75,112,1,-1,-1,-1
234,47343,1097,361,22,8,1,-1,-1,-1
234,47342,601,361,17,17,1,-1,-1,-1
234,47341,690,361,17,7,1,-1,-1,-1
234,47338,787,361,18,7,1,-1,-1,-1
234,47336,1009,361,18,8,1,-1,-1,-1
234,47325,1075,359,21,9,1,-1,-1,-1
234,47320,621,351,37,30,1,-1,-1,-1
234,47315,576,358,21,18,1,-1,-1,-1
234,47306,1232,364,32,6,1,-1,-1,-1
234,47304,615,377,49,38,1,-1,-1,-1
234,47296,908,363,20,5,1,-1,-1,-1
234,47283,870,364,8,4,1,-1,-1,-1
234,47282,1161,364,9,4,1,-1,-1,-1
234,47280,618,389,44,89,1,-1,-1,-1
234,47275,1174,364,9,6,1,-1,-1,-1
234,47269,188,376,71,108,1,-1,-1,-1
235,47343,1097,360,21,8,1,-1,-1,-1
235,47342,601,360,17,17,1,-1,-1,-1
235,47338,786,360,17,7,1,-1,-1,-1
235,47336,1009,360,18,8,1,-1,-1,-1
235,47329,810,360,17,7,1,-1,-1,-1
235,47325,1083,358,12,10,1,-1,-1,-1
235,47320,621,351,37,29,1,-1,-1,-1
235,47315,576,357,21,18,1,-1,-1,-1
235,47306,1230,363,32,6,1,-1,-1,-1
235,47304,615,376,49,38,1,-1,-1,-1
235,47296,906,362,20,5,1,-1,-1,-1
235,47283,868,362,8,5,1,-1,-1,-1
235,47282,1159,363,10,5,1,-1,-1,-1
235,47280,618,388,44,89,1,-1,-1,-1
235,47275,1173,363,8,5,1,-1,-1,-1
235,47269,200,374,67,106,1,-1,-1,-1
236,47343,1097,360,21,7,1,-1,-1,-1
236,47342,602,360,16,16,1,-1,-1,-1
236,47341,689,360,16,7,1,-1,-1,-1
236,47338,784,360,17,7,1,-1,-1,-1
236,47336,1009,360,18,7,1,-1,-1,-1
236,47329,808,360,18,7,1,-1,-1,-1
236,47320,621,350,37,30,1,-1,-1,-1
236,47315,576,356,21,18,1,-1,-1,-1
236,47309,759,362,16,5,1,-1,-1,-1
236,47306,1229,363,32,6,1,-1,-1,-1
236,47304,615,375,49,39,1,-1,-1,-1
236,47296,904,361,20,6,1,-1,-1,-1
236,47283,866,362,7,5,1,-1,-1,-1
236,47282,1158,362,7,6,1,-1,-1,-1
236,47280,618,387,44,89,1,-1,-1,-1
236,47277,618,363,3,7,1,-1,-1,-1
236,47275,1169,363,10,4,1,-1,-1,-1
236,47269,212,373,64,103,1,-1,-1,-1
236,47268,1056,362,6,4,1,-1,-1,-1
237,47343,1097,359,20,8,1,-1,-1,-1
237,47342,602,359,17,17,1,-1,-1,-1
237,47341,688,359,17,6,1,-1,-1,-1
237,47338,783,359,17,7,1,-1,-1,-1
237,47337,1101,361,17,6,1,-1,-1,-1
237,47336,1009,359,18,8,1,-1,-1,-1
237,47329,807,359,17,7,1,-1,-1,-1
237,47320,621,349,37,30,1,-1,-1,-1
237,47315,577,356,20,18,1,-1,-1,-1
237,47309,756,361,19,5,1,-1,-1,-1
237,47306,1227,362,32,6,1,-1,-1,-1
237,47304,615,375,49,38,1,-1,-1,-1
237,47296,902,361,20,5,1,-1,-1,-1
237,47283,864,361,8,5,1,-1,-1,-1
237,47282,1157,361,10,6,1,-1,-1,-1
237,47280,618,387,44,89,1,-1,-1,-1
237,47277,618,362,3,8,1,-1,-1,-1
237,47275,1170,362,7,5,1,-1,-1,-1
237,47269,224,373,60,100,1,-1,-1,-1
237,47268,1056,361,5,5,1,-1,-1,-1
238,47342,602,359,17,16,1,-1,-1,-1
238,47341,687,359,16,7,1,-1,-1,-1
238,47338,781,359,17,7,1,-1,-1,-1
238,47336,1009,359,18,7,1,-1,-1,-1
238,47329,805,359,17,7,1,-1,-1,-1
238,47325,1066,357,12,9,1,-1,-1,-1
238,47320,621,349,37,30,1,-1,-1,-1
238,47315,577,356,20,17,1,-1,-1,-1
238,47309,757,361,17,5,1,-1,-1,-1
238,47306,1227,362,31,6,1,-1,-1,-1
238,47304,615,374,49,39,1,-1,-1,-1
238,47296,900,360,20,6,1,-1,-1,-1
238,47283,862,363,8,3,1,-1,-1,-1
238,47282,1157,361,9,6,1,-1,-1,-1
238,47280,618,386,43,89,1,-1,-1,-1
238,47277,618,362,3,7,1,-1,-1,-1
238,47275,1166,362,10,5,1,-1,-1,-1
238,47269,235,372,57,98,1,-1,-1,-1
238,47268,1055,361,4,5,1,-1,-1,-1
239,47342,603,359,16,16,1,-1,-1,-1
239,47341,686,359,17,7,1,-1,-1,-1
239,47338,780,359,17,7,1,-1,-1,-1
239,47336,1008,359,19,6,1,-1,-1,-1
239,47329,803,359,17,7,1,-1,-1,-1
239,47325,1066,357,19,9,1,-1,-1,-1
239,47320,621,349,37,30,1,-1,-1,-1
239,47315,577,356,20,17,1,-1,-1,-1
239,47309,756,361,17,5,1,-1,-1,-1
239,47306,1225,362,32,6,1,-1,-1,-1
239,47304,615,375,49,38,1,-1,-1,-1
239,47296,898,361,20,5,1,-1,-1,-1
239,47283,860,362,8,4,1,-1,-1,-1
239,47282,1156,361,8,6,1,-1,-1,-1
239,47280,618,386,43,90,1,-1,-1,-1
239,47277,618,362,3,7,1,-1,-1,-1
239,47275,1165,362,9,5,1,-1,-1,-1
239,47269,245,372,55,95,1,-1,-1,-1
239,47268,1055,361,5,5,1,-1,-1,-1
240,47342,603,359,16,16,1,-1,-1,-1
240,47341,685,359,17,7,1,-1,-1,-1
240,47338,778,359,18,7,1,-1,-1,-1
240,47336,1008,359,19,8,1,-1,-1,-1
240,47325,1066,357,27,10,1,-1,-1,-1
240,47320,621,350,37,29,1,-1,-1,-1
240,47315,577,356,21,18,1,-1,-1,-1
240,47306,1224,362,31,7,1,-1,-1,-1
240,47304,615,375,49,38,1,-1,-1,-1
240,47296,896,361,20,5,1,-1,-1,-1
240,47283,858,361,7,5,1,-1,-1,-1
240,47282,1156,362,7,5,1,-1,-1,-1
240,47280,618,387,44,89,1,-1,-1,-1
240,47277,618,363,3,7,1,-1,-1,-1
240,47275,1163,362,9,5,1,-1,-1,-1
240,47269,255,372,52,93,1,-1,-1,-1
240,47268,1053,361,6,5,1,-1,-1,-1
241,47342,603,360,16,16,1,-1,-1,-1
241,47341,685,360,16,7,1,-1,-1,-1
241,47338,778,360,16,7,1,-1,-1,-1
241,47336,1008,360,19,7,1,-1,-1,-1
241,47329,801,360,16,7,1,-1,-1,-1
241,47325,1066,358,27,9,1,-1,-1,-1
241,47320,621,350,37,30,1,-1,-1,-1
241,47315,578,357,20,17,1,-1,-1,-1
241,47309,755,362,17,5,1,-1,-1,-1
241,47306,1223,363,31,6,1,-1,-1,-1
241,47304,615,376,49,38,1,-1,-1,-1
241,47296,894,362,20,5,1,-1,-1,-1
241,47283,856,363,8,4,1,-1,-1,-1
241,47282,1155,362,6,6,1,-1,-1,-1
241,47280,618,387,44,90,1,-1,-1,-1
241,47275,1162,363,9,5,1,-1,-1,-1
241,47269,264,372,50,91,1,-1,-1,-1
241,47268,1053,362,5,6,1,-1,-1,-1
242,47343,1094,360,15,8,1,-1,-1,-1
242,47342,603,360,16,16,1,-1,-1,-1
242,47341,684,360,16,7,1,-1,-1,-1
242,47338,775,360,18,7,1,-1,-1,-1
242,47336,1008,360,19,8,1,-1,-1,-1
242,47329,798,360,18,7,1,-1,-1,-1
242,47325,1066,359,27,9,1,-1,-1,-1
242,47320,621,351,37,29,1,-1,-1,-1
242,47315,578,357,20,18,1,-1,-1,-1
242,47306,1222,363,31,7,1,-1,-1,-1
242,47304,615,376,49,38,1,-1,-1,-1
242,47296,893,362,19,5,1,-1,-1,-1
242,47283,854,362,8,5,1,-1,-1,-1
242,47282,1155,363,6,5,1,-1,-1,-1
242,47280,618,388,44,90,1,-1,-1,-1
242,47278,1002,362,6,6,1,-1,-1,-1
242,47275,1161,364,8,4,1,-1,-1,-1
242,47269,273,372,48,89,1,-1,-1,-1
242,47268,1052,362,5,5,1,-1,-1,-1
243,47343,1094,360,21,8,1,-1,-1,-1
243,47342,604,360,15,16,1,-1,-1,-1
243,47338,774,360,17,7,1,-1,-1,-1
243,47337,1101,361,16,7,1,-1,-1,-1
243,47336,1008,361,19,7,1,-1,-1,-1
243,47329,798,360,16,7,1,-1,-1,-1
243,47325,1066,359,27,9,1,-1,-1,-1
243,47320,621,351,37,29,1,-1,-1,-1
243,47315,578,357,20,18,1,-1,-1,-1
243,47306,1222,363,30,6,1,-1,-1,-1
243,47304,615,376,49,38,1,-1,-1,-1
243,47296,891,362,19,5,1,-1,-1,-1
243,47288,564,363,5,5,1,-1,-1,-1
243,47283,852,362,8,5,1,-1,-1,-1
243,47282,1155,363,6,5,1,-1,-1,-1
243,47280,618,388,44,90,1,-1,-1,-1
243,47278,1001,363,6,5,1,-1,-1,-1
243,47275,1159,364,8,4,1,-1,-1,-1
243,47269,281,372,46,87,1,-1,-1,-1
243,47268,1051,362,5,5,1,-1,-1,-1
244,47343,1094,360,20,8,1,-1,-1,-1
244,47342,604,360,16,16,1,-1,-1,-1
244,47341,681,360,18,7,1,-1,-1,-1
244,47338,772,360,17,7,1,-1,-1,-1
244,47336,1007,360,20,7,1,-1,-1,-1
244,47329,795,360,18,7,1,-1,-1,-1
244,47325,1066,358,27,10,1,-1,-1,-1
244,47320,621,351,37,29,1,-1,-1,-1
244,47315,578,357,20,17,1,-1,-1,-1
244,47306,1220,363,31,6,1,-1,-1,-1
244,47304,615,376,49,38,1,-1,-1,-1
244,47296,889,362,19,5,1,-1,-1,-1
244,47288,561,362,7,5,1,-1,-1,-1
244,47283,851,362,7,5,1,-1,-1,-1
244,47280,618,387,44,90,1,-1,-1,-1
244,47278,1000,362,7,6,1,-1,-1,-1
244,47275,1157,363,9,5,1,-1,-1,-1
244,47269,289,372,44,84,1,-1,-1,-1
244,47268,1050,362,6,6,1,-1,-1,-1
245,47343,1094,360,20,7,1,-1,-1,-1
245,47342,604,360,16,15,1,-1,-1,-1
245,47341,680,360,18,7,1,-1,-1,-1
245,47338,771,360,17,7,1,-1,-1,-1
245,47336,1007,360,19,7,1,-1,-1,-1
245,47329,794,360,17,7,1,-1,-1,-1
245,47325,1066,358,28,9,1,-1,-1,-1
245,47320,621,350,37,30,1,-1,-1,-1
245,47315,579,357,19,17,1,-1,-1,-1
245,47309,751,362,18,5,1,-1,-1,-1
245,47306,1221,363,29,6,1,-1,-1,-1
245,47304,615,375,49,39,1,-1,-1,-1
245,47296,887,361,19,6,1,-1,-1,-1
245,47288,559,362,7,5,1,-1,-1,-1
245,47283,848,362,8,5,1,-1,-1,-1
245,47280,618,387,43,89,1,-1,-1,-1
245,47278,998,362,8,5,1,-1,-1,-1
245,47269,297,371,42,83,1,-1,-1,-1
245,47268,1049,362,6,5,1,-1,-1,-1
246,47343,1094,360,20,7,1,-1,-1,-1
246,47342,604,359,16,16,1,-1,-1,-1
246,47341,680,360,17,7,1,-1,-1,-1
246,47338,769,360,17,7,1,-1,-1,-1
246,47336,1006,360,20,7,1,-1,-1,-1
246,47329,792,360,17,7,1,-1,-1,-1
246,47325,1066,358,28,10,1,-1,-1,-1
246,47320,621,350,37,30,1,-1,-1,-1
246,47315,579,357,20,17,1,-1,-1,-1
246,47309,749,362,19,5,1,-1,-1,-1
246,47306,1219,363,31,6,1,-1,-1,-1
246,47304,615,375,49,38,1,-1,-1,-1
246,47296,887,361,17,6,1,-1,-1,-1
246,47288,557,362,7,5,1,-1,-1,-1
246,47283,846,362,8,5,1,-1,-1,-1
246,47280,618,387,43,89,1,-1,-1,-1
246,47278,996,362,9,5,1,-1,-1,-1
246,47269,304,371,41,81,1,-1,-1,-1
246,47268,1050,362,4,5,1,-1,-1,-1
247,47343,1094,360,18,7,1,-1,-1,-1
247,47342,605,359,15,16,1,-1,-1,-1
247,47338,768,360,17,7,1,-1,-1,-1
247,47336,1006,360,20,7,1,-1,-1,-1
247,47329,791,360,17,7,1,-1,-1,-1
247,47325,1066,358,28,9,1,-1,-1,-1
247,47320,621,350,37,29,1,-1,-1,-1
247,47315,579,357,20,17,1,-1,-1,-1
247,47309,749,362,18,5,1,-1,-1,-1
247,47306,1218,363,31,6,1,-1,-1,-1
247,47304,615,375,49,38,1,-1,-1,-1
247,47296,883,361,19,6,1,-1,-1,-1
247,47288,555,362,7,5,1,-1,-1,-1
247,47283,844,362,8,5,1,-1,-1,-1
247,47280,618,387,43,88,1,-1,-1,-1
247,47278,995,362,10,5,1,-1,-1,-1
247,47269,312,370,38,80,1,-1,-1,-1
247,47268,1050,362,4,5,1,-1,-1,-1
248,47343,1094,360,19,8,1,-1,-1,-1
248,47342,605,360,15,15,1,-1,-1,-1
248,47341,678,360,17,7,1,-1,-1,-1
248,47338,767,360,17,7,1,-1,-1,-1
248,47337,1100,360,17,8,1,-1,-1,-1
248,47336,1006,360,20,8,1,-1,-1,-1
248,47329,789,360,17,7,1,-1,-1,-1
248,47325,1066,358,27,10,1,-1,-1,-1
248,47320,621,351,37,28,1,-1,-1,-1
248,47315,579,357,20,17,1,-1,-1,-1
248,47309,747,363,20,4,1,-1,-1,-1
248,47306,1218,363,31,6,1,-1,-1,-1
248,47304,615,376,49,38,1,-1,-1,-1
248,47296,881,362,19,5,1,-1,-1,-1
248,47288,552,362,7,5,1,-1,-1,-1
248,47283,842,362,8,5,1,-1,-1,-1
248,47282,1151,364,8,4,1,-1,-1,-1
248,47280,618,387,43,89,1,-1,-1,-1
248,47278,995,362,8,5,1,-1,-1,-1
248,47277,619,363,3,7,1,-1,-1,-1
248,47275,1152,363,8,5,1,-1,-1,-1
248,47269,318,371,38,77,1,-1,-1,-1
248,47268,1049,362,4,5,1,-1,-1,-1
249,47343,1094,361,19,7,1,-1,-1,-1
249,47342,605,360,15,16,1,-1,-1,-1
249,47338,766,361,16,7,1,-1,-1,-1
249,47336,1005,361,20,7,1,-1,-1,-1
249,47329,788,361,17,7,1,-1,-1,-1
249,47325,1065,359,29,9,1,-1,-1,-1
249,47320,621,351,37,28,1,-1,-1,-1
249,47315,580,358,19,17,1,-1,-1,-1
249,47309,747,363,19,5,1,-1,-1,-1
249,47306,1218,364,30,5,1,-1,-1,-1
249,47304,615,376,49,38,1,-1,-1,-1
249,47296,879,362,19,6,1,-1,-1,-1
249,47288,551,363,6,5,1,-1,-1,-1
249,47284,891,364,8,4,1,-1,-1,-1
249,47283,840,363,8,5,1,-1,-1,-1
249,47282,1150,363,10,5,1,-1,-1,-1
249,47280,618,388,43,88,1,-1,-1,-1
249,47278,991,363,10,5,1,-1,-1,-1
249,47275,1151,364,7,5,1,-1,-1,-1
249,47269,324,371,36,76,1,-1,-1,-1
249,47268,1046,363,6,5,1,-1,-1,-1
250,47343,1094,362,18,7,1,-1,-1,-1
250,47342,605,361,15,16,1,-1,-1,-1
250,47341,676,362,15,7,1,-1,-1,-1
250,47338,764,362,16,7,1,-1,-1,-1
250,47336,1005,362,20,7,1,-1,-1,-1
250,47329,786,362,17,7,1,-1,-1,-1
250,47325,1065,360,29,9,1,-1,-1,-1
250,47320,621,352,37,28,1,-1,-1,-1
250,47315,580,359,19,16,1,-1,-1,-1
250,47309,747,364,18,5,1,-1,-1,-1
250,47306,1228,365,19,5,1,-1,-1,-1
250,47304,615,377,49,38,1,-1,-1,-1
250,47296,878,363,19,6,1,-1,-1,-1
250,47288,547,364,7,5,1,-1,-1,-1
250,47284,889,365,8,4,1,-1,-1,-1
250,47283,838,363,8,6,1,-1,-1,-1
250,47282,1155,364,4,5,1,-1,-1,-1
250,47280,618,389,43,87,1,-1,-1,-1
250,47278,990,364,10,5,1,-1,-1,-1
250,47275,1149,365,8,5,1,-1,-1,-1
250,47269,330,372,35,75,1,-1,-1,-1
250,47268,1045,363,7,5,1,-1,-1,-1
251,47343,1093,362,19,8,1,-1,-1,-1
251,47342,605,362,15,15,1,-1,-1,-1
251,47341,675,362,17,7,1,-1,-1,-1
251,47338,763,362,16,7,1,-1,-1,-1
251,47336,1005,362,19,8,1,-1,-1,-1
251,47329,785,362,17,7,1,-1,-1,-1
251,47325,1065,361,28,9,1,-1,-1,-1
251,47320,621,353,37,28,1,-1,-1,-1
251,47315,580,359,19,17,1,-1,-1,-1
251,47304,615,378,49,37,1,-1,-1,-1
251,47296,876,364,19,5,1,-1,-1,-1
251,47283,836,364,9,5,1,-1,-1,-1
251,47282,1154,365,4,5,1,-1,-1,-1
251,47280,618,389,43,88,1,-1,-1,-1
251,47278,988,364,10,6,1,-1,-1,-1
251,47275,1148,365,8,6,1,-1,-1,-1
251,47269,336,372,33,74,1,-1,-1,-1
251,47268,1046,364,5,5,1,-1,-1,-1
252,47343,1094,363,18,7,1,-1,-1,-1
252,47342,606,362,14,16,1,-1,-1,-1
252,47341,674,363,18,7,1,-1,-1,-1
252,47338,762,363,16,7,1,-1,-1,-1
252,47336,1005,363,19,7,1,-1,-1,-1
252,47329,783,363,17,7,1,-1,-1,-1
252,47325,1065,361,29,9,1,-1,-1,-1
252,47320,621,353,37,28,1,-1,-1,-1
252,47315,580,360,19,16,1,-1,-1,-1
252,47309,745,365,18,5,1,-1,-1,-1
252,47304,615,378,49,38,1,-1,-1,-1
252,47296,873,364,20,6,1,-1,-1,-1
252,47284,886,366,7,4,1,-1,-1,-1
252,47283,835,367,8,3,1,-1,-1,-1
252,47282,1153,365,5,5,1,-1,-1,-1
252,47280,618,390,43,87,1,-1,-1,-1
252,47278,986,365,9,5,1,-1,-1,-1
252,47275,1147,366,8,5,1,-1,-1,-1
252,47269,341,373,32,72,1,-1,-1,-1
252,47268,1044,365,4,5,1,-1,-1,-1
252,47258,0,549,30,170,1,-1,-1,-1
253,47343,1094,363,18,8,1,-1,-1,-1
253,47342,606,362,14,16,1,-1,-1,-1
253,47341,673,363,17,7,1,-1,-1,-1
253,47338,762,363,15,7,1,-1,-1,-1
253,47336,1004,363,20,7,1,-1,-1,-1
253,47329,782,363,16,7,1,-1,-1,-1
253,47325,1065,361,28,9,1,-1,-1,-1
253,47320,621,353,37,28,1,-1,-1,-1
253,47315,580,360,19,16,1,-1,-1,-1
253,47309,746,365,16,5,1,-1,-1,-1
253,47306,1216,366,25,6,1,-1,-1,-1
253,47304,615,378,49,38,1,-1,-1,-1
253,47296,871,364,20,6,1,-1,-1,-1
253,47288,541,365,6,4,1,-1,-1,-1
253,47282,1152,365,6,6,1,-1,-1,-1
253,47280,618,390,43,87,1,-1,-1,-1
253,47278,986,367,7,3,1,-1,-1,-1
253,47275,1145,366,9,5,1,-1,-1,-1
253,47269,345,373,32,71,1,-1,-1,-1
253,47268,1044,365,4,5,1,-1,-1,-1
253,47258,0,538,65,181,1,-1,-1,-1
254,47343,1094,362,18,8,1,-1,-1,-1
254,47342,606,362,14,15,1,-1,-1,-1
254,47341,672,362,17,7,1,-1,-1,-1
254,47337,1097,362,19,8,1,-1,-1,-1
254,47336,1003,362,21,8,1,-1,-1,-1
254,47329,780,362,18,7,1,-1,-1,-1
254,47325,1065,360,28,10,1,-1,-1,-1
254,47320,621,353,37,28,1,-1,-1,-1
254,47315,581,359,19,17,1,-1,-1,-1
254,47306,1214,365,31,6,1,-1,-1,-1
254,47304,615,378,49,37,1,-1,-1,-1
254,47296,871,364,17,5,1,-1,-1,-1
254,47282,1151,365,6,5,1,-1,-1,-1
254,47280,618,389,43,88,1,-1,-1,-1
254,47278,985,364,7,6,1,-1,-1,-1
254,47275,1145,365,8,5,1,-1,-1,-1
254,47269,350,372,31,70,1,-1,-1,-1
254,47268,1043,364,6,5,1,-1,-1,-1
254,47258,0,432,97,276,1,-1,-1,-1
255,47343,1094,361,18,8,1,-1,-1,-1
255,47342,606,361,14,15,1,-1,-1,-1
255,47341,672,362,16,7,1,-1,-1,-1
255,47338,758,361,16,8,1,-1,-1,-1
255,47337,1097,361,19,8,1,-1,-1,-1
255,47336,1003,362,21,7,1,-1,-1,-1
255,47329,779,361,17,7,1,-1,-1,-1
255,47325,1066,360,27,9,1,-1,-1,-1
255,47320,621,352,37,28,1,-1,-1,-1
255,47315,581,358,19,17,1,-1,-1,-1
255,47309,742,364,17,5,1,-1,-1,-1
255,47306,1214,364,30,6,1,-1,-1,-1
255,47304,615,377,49,37,1,-1,-1,-1
255,47296,868,363,19,6,1,-1,-1,-1
255,47282,1151,364,6,5,1,-1,-1,-1
255,47280,618,388,43,88,1,-1,-1,-1
255,47278,981,363,9,6,1,-1,-1,-1
255,47275,1144,364,8,6,1,-1,-1,-1
255,47269,355,371,29,69,1,-1,-1,-1
255,47268,1042,363,6,5,1,-1,-1,-1
255,47258,0,426,127,282,1,-1,-1,-1
256,47343,1094,360,18,8,1,-1,-1,-1
256,47342,606,360,14,15,1,-1,-1,-1
256,47341,672,361,15,7,1,-1,-1,-1
256,47338,757,361,16,7,1,-1,-1,-1
256,47337,1097,361,19,7,1,-1,-1,-1
256,47336,1002,361,21,7,1,-1,-1,-1
256,47329,777,361,18,7,1,-1,-1,-1
256,47325,1066,359,25,9,1,-1,-1,-1
256,47320,621,351,37,28,1,-1,-1,-1
256,47315,581,358,19,16,1,-1,-1,-1
256,47309,742,363,17,5,1,-1,-1,-1
256,47306,1214,364,30,5,1,-1,-1,-1
256,47304,615,376,49,37,1,-1,-1,-1
256,47296,866,362,19,6,1,-1,-1,-1
256,47283,827,363,7,5,1,-1,-1,-1
256,47282,1150,363,7,6,1,-1,-1,-1
256,47280,618,387,43,88,1,-1,-1,-1
256,47278,978,365,10,3,1,-1,-1,-1
256,47275,1143,365,8,3,1,-1,-1,-1
256,47269,359,370,29,68,1,-1,-1,-1
256,47268,1042,362,5,5,1,-1,-1,-1
256,47258,0,422,155,294,1,-1,-1,-1
257,47343,1094,360,18,7,1,-1,-1,-1
257,47342,606,359,14,15,1,-1,-1,-1
257,47341,668,360,18,7,1,-1,-1,-1
257,47338,755,360,17,7,1,-1,-1,-1
257,47336,1002,360,21,7,1,-1,-1,-1
257,47329,776,360,17,7,1,-1,-1,-1
257,47325,1065,358,27,9,1,-1,-1,-1
257,47320,621,350,37,28,1,-1,-1,-1
257,47315,581,357,19,16,1,-1,-1,-1
257,47309,740,362,18,5,1,-1,-1,-1
257,47306,1213,363,30,5,1,-1,-1,-1
257,47304,615,375,49,38,1,-1,-1,-1
257,47296,864,361,19,6,1,-1,-1,-1
257,47283,825,363,8,4,1,-1,-1,-1
257,47282,1150,362,7,6,1,-1,-1,-1
257,47280,618,387,43,88,1,-1,-1,-1
257,47278,976,362,10,5,1,-1,-1,-1
257,47275,1142,363,8,5,1,-1,-1,-1
257,47269,364,369,28,67,1,-1,-1,-1
257,47258,0,418,181,301,1,-1,-1,-1
258,47343,1093,359,18,8,1,-1,-1,-1
258,47342,606,359,14,15,1,-1,-1,-1
258,47341,668,359,17,8,1,-1,-1,-1
258,47338,754,359,17,8,1,-1,-1,-1
258,47337,1098,359,18,8,1,-1,-1,-1
258,47336,1002,359,21,8,1,-1,-1,-1
258,47329,775,359,17,8,1,-1,-1,-1
258,47325,1065,358,28,9,1,-1,-1,-1
258,47320,621,350,37,28,1,-1,-1,-1
258,47315,581,357,19,16,1,-1,-1,-1
258,47309,738,362,19,5,1,-1,-1,-1
258,47306,1212,362,30,6,1,-1,-1,-1
258,47304,615,375,49,37,1,-1,-1,-1
258,47296,862,361,19,6,1,-1,-1,-1
258,47283,823,361,6,6,1,-1,-1,-1
258,47282,1150,362,6,6,1,-1,-1,-1
258,47280,618,386,43,89,1,-1,-1,-1
258,47278,976,361,7,6,1,-1,-1,-1
258,47275,1142,362,7,5,1,-1,-1,-1
258,47269,369,368,27,66,1,-1,-1,-1
258,47268,1039,361,7,6,1,-1,-1,-1
258,47258,0,413,204,286,1,-1,-1,-1
259,47343,1093,359,19,7,1,-1,-1,-1
259,47342,606,359,15,14,1,-1,-1,-1
259,47341,666,359,18,7,1,-1,-1,-1
259,47338,753,359,16,7,1,-1,-1,-1
259,47337,1099,359,17,8,1,-1,-1,-1
259,47336,1001,359,21,7,1,-1,-1,-1
259,47329,773,359,17,7,1,-1,-1,-1
259,47325,1064,357,28,9,1,-1,-1,-1
259,47320,621,349,37,28,1,-1,-1,-1
259,47315,581,356,19,16,1,-1,-1,-1
259,47309,737,361,18,5,1,-1,-1,-1
259,47306,1211,362,30,6,1,-1,-1,-1
259,47304,615,374,49,38,1,-1,-1,-1
259,47296,860,361,19,5,1,-1,-1,-1
259,47283,821,361,7,5,1,-1,-1,-1
259,47282,1148,361,8,6,1,-1,-1,-1
259,47280,618,386,43,89,1,-1,-1,-1
259,47278,972,361,10,5,1,-1,-1,-1
259,47275,1139,362,8,5,1,-1,-1,-1
259,47269,373,368,26,64,1,-1,-1,-1
259,47258,45,410,181,265,1,-1,-1,-1
260,47343,1093,358,19,8,1,-1,-1,-1
260,47342,606,358,15,15,1,-1,-1,-1
260,47341,665,358,18,8,1,-1,-1,-1
260,47338,752,358,16,8,1,-1,-1,-1
260,47337,1099,358,17,8,1,-1,-1,-1
260,47336,1001,358,21,8,1,-1,-1,-1
260,47329,772,358,17,8,1,-1,-1,-1
260,47325,1064,357,28,9,1,-1,-1,-1
260,47320,621,349,37,28,1,-1,-1,-1
260,47315,582,356,18,16,1,-1,-1,-1
260,47309,736,361,19,5,1,-1,-1,-1
260,47306,1210,361,30,7,1,-1,-1,-1
260,47304,615,374,49,37,1,-1,-1,-1
260,47296,858,360,19,6,1,-1,-1,-1
260,47283,819,360,9,6,1,-1,-1,-1
260,47282,1147,361,9,6,1,-1,-1,-1
260,47280,618,385,43,90,1,-1,-1,-1
260,47278,970,360,9,6,1,-1,-1,-1
260,47275,1138,361,8,5,1,-1,-1,-1
260,47269,378,367,25,63,1,-1,-1,-1
260,47268,1037,360,7,6,1,-1,-1,-1
260,47258,87,407,159,246,1,-1,-1,-1
261,47343,1093,358,19,7,1,-1,-1,-1
261,47342,607,358,14,14,1,-1,-1,-1
261,47341,664,358,18,7,1,-1,-1,-1
261,47336,999,358,22,7,1,-1,-1,-1
261,47329,770,358,17,7,1,-1,-1,-1
261,47325,1064,356,29,9,1,-1,-1,-1
261,47320,621,348,37,28,1,-1,-1,-1
261,47315,582,355,18,16,1,-1,-1,-1
261,47309,735,360,19,5,1,-1,-1,-1
261,47306,1209,361,30,6,1,-1,-1,-1
261,47304,615,373,49,38,1,-1,-1,-1
261,47296,856,359,19,6,1,-1,-1,-1
261,47283,817,360,9,5,1,-1,-1,-1
261,47282,1146,360,9,6,1,-1,-1,-1
261,47280,618,385,43,89,1,-1,-1,-1
261,47278,968,361,8,4,1,-1,-1,-1
261,47275,1138,361,7,5,1,-1,-1,-1
261,47269,382,367,25,62,1,-1,-1,-1
261,47258,124,403,142,231,1,-1,-1,-1
262,47343,1092,357,20,8,1,-1,-1,-1
262,47342,607,357,14,15,1,-1,-1,-1
262,47341,664,357,17,8,1,-1,-1,-1
262,47338,749,357,14,8,1,-1,-1,-1
262,47337,1098,357,17,8,1,-1,-1,-1
262,47336,998,357,21,8,1,-1,-1,-1
262,47332,567,357,14,8,1,-1,-1,-1
262,47329,769,357,17,7,1,-1,-1,-1
262,47325,1064,356,28,10,1,-1,-1,-1
262,47320,621,348,37,28,1,-1,-1,-1
262,47315,582,355,18,16,1,-1,-1,-1
262,47309,734,360,19,5,1,-1,-1,-1
262,47306,1208,360,30,6,1,-1,-1,-1
262,47304,615,373,49,37,1,-1,-1,-1
262,47296,854,359,18,6,1,-1,-1,-1
262,47283,816,359,7,6,1,-1,-1,-1
262,47282,1146,360,8,6,1,-1,-1,-1
262,47280,618,385,43,88,1,-1,-1,-1
262,47278,966,359,9,6,1,-1,-1,-1
262,47275,1136,360,8,5,1,-1,-1,-1
262,47269,386,366,24,61,1,-1,-1,-1
262,47268,1035,359,7,5,1,-1,-1,-1
262,47258,157,401,127,215,1,-1,-1,-1
263,47343,1092,357,19,8,1,-1,-1,-1
263,47342,607,357,14,14,1,-1,-1,-1
263,47341,662,357,18,7,1,-1,-1,-1
263,47338,748,357,16,7,1,-1,-1,-1
263,47336,997,357,22,8,1,-1,-1,-1
263,47332,566,357,15,8,1,-1,-1,-1
263,47329,769,357,16,7,1,-1,-1,-1
263,47325,1063,355,28,10,1,-1,-1,-1
263,47320,621,347,37,28,1,-1,-1,-1
263,47315,582,354,19,16,1,-1,-1,-1
263,47309,732,360,20,4,1,-1,-1,-1
263,47306,1207,360,30,6,1,-1,-1,-1
263,47304,615,373,49,37,1,-1,-1,-1
263,47296,852,359,19,5,1,-1,-1,-1
263,47283,815,359,6,5,1,-1,-1,-1
263,47282,1145,359,9,6,1,-1,-1,-1
263,47280,618,384,43,89,1,-1,-1,-1
263,47278,963,359,10,5,1,-1,-1,-1
263,47275,1135,360,8,5,1,-1,-1,-1
263,47269,391,366,23,60,1,-1,-1,-1
263,47268,1035,359,3,6,1,-1,-1,-1
263,47258,188,398,114,203,1,-1,-1,-1
264,47343,1092,357,19,8,1,-1,-1,-1
264,47342,607,357,14,14,1,-1,-1,-1
264,47341,661,357,17,7,1,-1,-1,-1
264,47338,747,357,16,7,1,-1,-1,-1
264,47336,997,357,21,8,1,-1,-1,-1
264,47332,564,357,18,8,1,-1,-1,-1
264,47325,1063,355,28,10,1,-1,-1,-1
264,47320,621,348,37,28,1,-1,-1,-1
264,47315,582,354,19,16,1,-1,-1,-1
264,47306,1206,360,29,6,1,-1,-1,-1
264,47304,615,373,49,37,1,-1,-1,-1
264,47296,850,359,19,5,1,-1,-1,-1
264,47283,814,359,5,5,1,-1,-1,-1
264,47282,1144,360,8,5,1,-1,-1,-1
264,47280,618,384,43,89,1,-1,-1,-1
264,47278,961,359,10,5,1,-1,-1,-1
264,47275,1136,360,6,5,1,-1,-1,-1
264,47269,395,366,22,58,1,-1,-1,-1
264,47268,1033,359,4,6,1,-1,-1,-1
264,47258,215,396,103,191,1,-1,-1,-1
265,47343,1092,358,19,7,1,-1,-1,-1
265,47342,607,358,14,14,1,-1,-1,-1
265,47341,660,358,17,7,1,-1,-1,-1
265,47338,746,358,16,7,1,-1,-1,-1
265,47337,1096,358,19,7,1,-1,-1,-1
265,47336,996,358,22,7,1,-1,-1,-1
265,47332,562,358,18,7,1,-1,-1,-1
265,47329,765,358,17,7,1,-1,-1,-1
265,47325,1063,356,28,10,1,-1,-1,-1
265,47320,621,348,37,28,1,-1,-1,-1
265,47315,583,355,18,16,1,-1,-1,-1
265,47309,731,360,18,5,1,-1,-1,-1
265,47306,1205,361,29,5,1,-1,-1,-1
265,47304,615,373,49,38,1,-1,-1,-1
265,47296,851,359,16,6,1,-1,-1,-1
265,47283,810,359,9,6,1,-1,-1,-1
265,47282,1144,360,9,5,1,-1,-1,-1
265,47280,618,385,43,89,1,-1,-1,-1
265,47278,959,362,9,3,1,-1,-1,-1
265,47275,1133,360,8,5,1,-1,-1,-1
265,47269,399,366,22,58,1,-1,-1,-1
265,47268,1034,359,4,5,1,-1,-1,-1
265,47258,239,395,93,180,1,-1,-1,-1
266,47343,1091,358,19,8,1,-1,-1,-1
266,47342,607,358,14,14,1,-1,-1,-1
266,47341,659,358,18,7,1,-1,-1,-1
266,47338,744,358,16,7,1,-1,-1,-1
266,47337,1096,358,19,8,1,-1,-1,-1
266,47336,995,358,22,8,1,-1,-1,-1
266,47332,560,358,18,8,1,-1,-1,-1
266,47325,1064,356,27,9,1,-1,-1,-1
266,47320,621,349,37,28,1,-1,-1,-1
266,47315,583,355,18,16,1,-1,-1,-1
266,47306,1203,361,30,6,1,-1,-1,-1
266,47304,615,374,49,37,1,-1,-1,-1
266,47296,846,360,19,5,1,-1,-1,-1
266,47283,808,360,9,5,1,-1,-1,-1
266,47282,1144,360,9,6,1,-1,-1,-1
266,47280,618,385,43,89,1,-1,-1,-1
266,47278,957,360,9,5,1,-1,-1,-1
266,47275,1132,361,8,5,1,-1,-1,-1
266,47269,403,366,21,57,1,-1,-1,-1
266,47268,1031,360,4,6,1,-1,-1,-1
266,47258,260,394,85,170,1,-1,-1,-1
267,47343,1092,359,18,8,1,-1,-1,-1
267,47342,607,359,14,14,1,-1,-1,-1
267,47341,658,359,18,7,1,-1,-1,-1
267,47338,743,359,16,7,1,-1,-1,-1
267,47337,1096,359,19,8,1,-1,-1,-1
267,47336,994,359,22,8,1,-1,-1,-1
267,47332,558,359,18,7,1,-1,-1,-1
267,47329,762,359,17,7,1,-1,-1,-1
267,47325,1063,357,28,10,1,-1,-1,-1
267,47320,621,350,37,27,1,-1,-1,-1
267,47315,583,356,18,16,1,-1,-1,-1
267,47309,728,361,18,5,1,-1,-1,-1
267,47306,1202,362,30,5,1,-1,-1,-1
267,47304,615,374,49,38,1,-1,-1,-1
267,47296,844,361,19,5,1,-1,-1,-1
267,47283,806,361,9,5,1,-1,-1,-1
267,47282,1144,361,8,6,1,-1,-1,-1
267,47280,618,386,43,89,1,-1,-1,-1
267,47278,955,361,9,5,1,-1,-1,-1
267,47275,1131,362,8,5,1,-1,-1,-1
267,47269,406,367,21,56,1,-1,-1,-1
267,47268,1029,361,7,6,1,-1,-1,-1
267,47258,278,393,79,162,1,-1,-1,-1
268,47343,1091,360,19,7,1,-1,-1,-1
268,47342,607,360,14,14,1,-1,-1,-1
268,47341,657,360,18,7,1,-1,-1,-1
268,47338,742,360,16,7,1,-1,-1,-1
268,47336,993,360,22,7,1,-1,-1,-1
268,47332,556,360,18,7,1,-1,-1,-1
268,47329,761,360,17,7,1,-1,-1,-1
268,47325,1063,358,28,10,1,-1,-1,-1
268,47320,621,350,37,28,1,-1,-1,-1
268,47315,583,357,18,16,1,-1,-1,-1
268,47309,728,362,17,5,1,-1,-1,-1
268,47306,1202,363,29,5,1,-1,-1,-1
268,47304,615,375,49,38,1,-1,-1,-1
268,47296,842,361,19,6,1,-1,-1,-1
268,47283,804,363,9,4,1,-1,-1,-1
268,47282,1143,362,9,6,1,-1,-1,-1
268,47280,618,387,43,89,1,-1,-1,-1
268,47278,953,362,9,5,1,-1,-1,-1
268,47275,1132,363,5,4,1,-1,-1,-1
268,47269,410,367,20,56,1,-1,-1,-1
268,47268,1028,362,7,4,1,-1,-1,-1
268,47258,295,392,73,155,1,-1,-1,-1
269,47343,1091,360,19,8,1,-1,-1,-1
269,47342,608,360,13,14,1,-1,-1,-1
269,47341,656,360,18,7,1,-1,-1,-1
269,47338,740,360,17,7,1,-1,-1,-1
269,47337,1096,360,19,8,1,-1,-1,-1
269,47336,992,360,22,8,1,-1,-1,-1
269,47332,554,360,18,8,1,-1,-1,-1
269,47329,760,360,17,7,1,-1,-1,-1
269,47325,1062,358,28,11,1,-1,-1,-1
269,47320,621,351,37,27,1,-1,-1,-1
269,47315,583,357,18,16,1,-1,-1,-1
269,47306,1200,363,29,5,1,-1,-1,-1
269,47304,615,375,49,38,1,-1,-1,-1
269,47296,839,362,20,5,1,-1,-1,-1
269,47283,803,362,8,5,1,-1,-1,-1
269,47282,1143,362,7,6,1,-1,-1,-1
269,47280,618,387,43,90,1,-1,-1,-1
269,47278,951,362,9,5,1,-1,-1,-1
269,47275,1130,363,7,5,1,-1,-1,-1
269,47269,413,368,20,54,1,-1,-1,-1
269,47268,1027,362,6,6,1,-1,-1,-1
269,47258,310,391,68,148,1,-1,-1,-1
270,47343,1091,360,19,8,1,-1,-1,-1
270,47342,608,360,13,14,1,-1,-1,-1
270,47341,656,360,17,7,1,-1,-1,-1
270,47338,739,360,16,7,1,-1,-1,-1
270,47336,992,360,21,8,1,-1,-1,-1
270,47332,552,360,18,8,1,-1,-1,-1
270,47329,758,360,17,7,1,-1,-1,-1
270,47325,1062,358,28,9,1,-1,-1,-1
270,47320,621,351,37,27,1,-1,-1,-1
270,47315,584,357,18,16,1,-1,-1,-1
270,47309,724,362,19,5,1,-1,-1,-1
270,47306,1199,363,29,6,1,-1,-1,-1
270,47304,615,375,49,38,1,-1,-1,-1
270,47283,801,362,9,5,1,-1,-1,-1
270,47282,1142,362,9,6,1,-1,-1,-1
270,47280,618,387,43,89,1,-1,-1,-1
270,47278,949,362,10,5,1,-1,-1,-1
270,47275,1129,364,8,4,1,-1,-1,-1
270,47269,416,368,20,53,1,-1,-1,-1
270,47268,1026,362,5,6,1,-1,-1,-1
270,47258,324,390,63,142,1,-1,-1,-1
271,47343,1091,360,19,8,1,-1,-1,-1
271,47342,608,360,13,14,1,-1,-1,-1
271,47338,738,360,16,7,1,-1,-1,-1
271,47336,992,360,20,7,1,-1,-1,-1
271,47332,550,360,18,7,1,-1,-1,-1
271,47325,1062,358,29,10,1,-1,-1,-1
271,47320,621,351,37,27,1,-1,-1,-1
271,47315,584,357,18,16,1,-1,-1,-1
271,47309,722,362,20,5,1,-1,-1,-1
271,47306,1198,363,29,5,1,-1,-1,-1
271,47304,615,375,49,38,1,-1,-1,-1
271,47296,835,362,18,5,1,-1,-1,-1
271,47283,799,362,9,5,1,-1,-1,-1
271,47282,1142,362,9,6,1,-1,-1,-1
271,47280,618,387,43,89,1,-1,-1,-1
271,47278,949,362,7,5,1,-1,-1,-1
271,47275,1128,363,8,5,1,-1,-1,-1
271,47269,419,367,20,53,1,-1,-1,-1
271,47268,1024,362,7,5,1,-1,-1,-1
271,47258,337,389,59,136,1,-1,-1,-1
272,47343,1091,360,18,7,1,-1,-1,-1
272,47342,608,360,14,14,1,-1,-1,-1
272,47338,737,360,16,7,1,-1,-1,-1
272,47336,990,360,22,7,1,-1,-1,-1
272,47332,549,360,18,7,1,-1,-1,-1
272,47325,1062,358,29,10,1,-1,-1,-1
272,47320,621,350,37,28,1,-1,-1,-1
272,47315,584,357,18,15,1,-1,-1,-1
272,47309,721,362,19,5,1,-1,-1,-1
272,47306,1197,363,29,5,1,-1,-1,-1
272,47304,615,375,49,37,1,-1,-1,-1
272,47296,835,361,18,6,1,-1,-1,-1
272,47283,797,363,9,4,1,-1,-1,-1
272,47282,1142,362,9,6,1,-1,-1,-1
272,47280,618,387,43,89,1,-1,-1,-1
272,47278,945,362,8,5,1,-1,-1,-1
272,47275,1128,363,8,5,1,-1,-1,-1
272,47269,423,367,18,52,1,-1,-1,-1
272,47268,1024,362,6,4,1,-1,-1,-1
272,47258,349,388,56,130,1,-1,-1,-1
273,47343,1090,360,19,7,1,-1,-1,-1
273,47342,608,360,14,13,1,-1,-1,-1
273,47341,656,359,14,8,1,-1,-1,-1
273,47338,736,360,16,7,1,-1,-1,-1
273,47337,1094,360,20,7,1,-1,-1,-1
273,47336,989,360,22,7,1,-1,-1,-1
273,47332,547,360,17,7,1,-1,-1,-1
273,47329,754,360,16,7,1,-1,-1,-1
273,47325,1063,358,26,10,1,-1,-1,-1
273,47320,621,350,37,28,1,-1,-1,-1
273,47315,584,357,18,15,1,-1,-1,-1
273,47309,721,362,18,5,1,-1,-1,-1
273,47306,1196,363,29,5,1,-1,-1,-1
273,47304,615,375,49,37,1,-1,-1,-1
273,47296,831,361,20,6,1,-1,-1,-1
273,47283,796,362,8,5,1,-1,-1,-1
273,47282,1141,362,9,6,1,-1,-1,-1
273,47280,618,387,43,89,1,-1,-1,-1
273,47278,943,364,10,3,1,-1,-1,-1
273,47275,1127,363,6,5,1,-1,-1,-1
273,47269,426,367,18,51,1,-1,-1,-1
273,47268,1024,361,3,6,1,-1,-1,-1
273,47258,361,387,51,125,1,-1,-1,-1
274,47343,1090,360,19,7,1,-1,-1,-1
274,47342,608,360,14,13,1,-1,-1,-1
274,47341,656,359,14,8,1,-1,-1,-1
274,47338,735,360,16,7,1,-1,-1,-1
274,47337,1094,360,19,7,1,-1,-1,-1
274,47336,988,360,21,7,1,-1,-1,-1
274,47332,544,360,18,7,1,-1,-1,-1
274,47329,753,360,17,7,1,-1,-1,-1
274,47325,1061,358,29,9,1,-1,-1,-1
274,47320,621,350,37,28,1,-1,-1,-1
274,47315,584,357,18,15,1,-1,-1,-1
274,47309,722,362,16,5,1,-1,-1,-1
274,47306,1195,362,28,6,1,-1,-1,-1
274,47304,615,375,49,37,1,-1,-1,-1
274,47296,829,361,20,6,1,-1,-1,-1
274,47283,794,361,8,6,1,-1,-1,-1
274,47282,1141,362,7,6,1,-1,-1,-1
274,47280,618,387,43,89,1,-1,-1,-1
274,47278,942,361,7,6,1,-1,-1,-1
274,47275,1128,362,6,6,1,-1,-1,-1
274,47269,429,367,18,50,1,-1,-1,-1
274,47268,1020,361,7,6,1,-1,-1,-1
274,47258,371,386,49,120,1,-1,-1,-1
275,47343,1089,360,19,7,1,-1,-1,-1
275,47342,608,359,14,14,1,-1,-1,-1
275,47341,656,359,13,8,1,-1,-1,-1
275,47338,733,360,17,7,1,-1,-1,-1
275,47337,1094,360,19,7,1,-1,-1,-1
275,47336,988,360,20,7,1,-1,-1,-1
275,47332,543,360,17,7,1,-1,-1,-1
275,47329,752,360,17,7,1,-1,-1,-1
275,47325,1061,358,29,10,1,-1,-1,-1
275,47320,621,350,37,28,1,-1,-1,-1
275,47315,585,357,17,15,1,-1,-1,-1
275,47309,720,362,16,5,1,-1,-1,-1
275,47306,1194,362,28,6,1,-1,-1,-1
275,47304,615,375,49,37,1,-1,-1,-1
275,47296,827,361,20,6,1,-1,-1,-1
275,47283,793,362,8,5,1,-1,-1,-1
275,47282,1140,362,9,5,1,-1,-1,-1
275,47280,618,387,43,89,1,-1,-1,-1
275,47278,940,361,9,6,1,-1,-1,-1
275,47275,1126,363,7,5,1,-1,-1,-1
275,47269,431,367,18,49,1,-1,-1,-1
275,47268,1019,361,4,6,1,-1,-1,-1
275,47258,381,385,46,116,1,-1,-1,-1
276,47343,1090,360,18,7,1,-1,-1,-1
276,47342,608,360,14,13,1,-1,-1,-1
276,47341,656,359,13,8,1,-1,-1,-1
276,47338,732,360,17,7,1,-1,-1,-1
276,47336,987,360,21,7,1,-1,-1,-1
276,47332,540,360,18,7,1,-1,-1,-1
276,47329,750,360,18,7,1,-1,-1,-1
276,47325,1062,358,28,10,1,-1,-1,-1
276,47320,621,350,37,28,1,-1,-1,-1
276,47315,585,357,17,15,1,-1,-1,-1
276,47309,718,362,18,5,1,-1,-1,-1
276,47306,1193,363,28,5,1,-1,-1,-1
276,47304,615,375,49,37,1,-1,-1,-1
276,47296,825,361,20,6,1,-1,-1,-1
276,47283,791,362,9,5,1,-1,-1,-1
276,47282,1140,362,9,6,1,-1,-1,-1
276,47280,618,387,43,88,1,-1,-1,-1
276,47278,938,362,9,5,1,-1,-1,-1
276,47269,434,367,17,49,1,-1,-1,-1
276,47268,1017,361,6,6,1,-1,-1,-1
276,47258,389,384,44,113,1,-1,-1,-1
277,47343,1090,360,18,9,1,-1,-1,-1
277,47342,608,360,14,14,1,-1,-1,-1
277,47338,731,360,17,6,1,-1,-1,-1
277,47337,1094,360,19,8,1,-1,-1,-1
277,47336,986,360,20,8,1,-1,-1,-1
277,47334,0,416,27,108,1,-1,-1,-1
277,47332,538,360,18,8,1,-1,-1,-1
277,47329,749,360,18,7,1,-1,-1,-1
277,47325,1061,358,28,11,1,-1,-1,-1
277,47320,621,351,37,27,1,-1,-1,-1
277,47315,585,357,17,16,1,-1,-1,-1
277,47306,1192,363,29,5,1,-1,-1,-1
277,47304,615,375,49,37,1,-1,-1,-1
277,47296,824,362,19,5,1,-1,-1,-1
277,47283,790,362,8,5,1,-1,-1,-1
277,47282,1140,362,9,7,1,-1,-1,-1
277,47280,618,387,43,88,1,-1,-1,-1
277,47278,938,362,7,5,1,-1,-1,-1
277,47275,1124,363,7,5,1,-1,-1,-1
277,47269,437,367,17,48,1,-1,-1,-1
277,47268,1017,362,6,6,1,-1,-1,-1
277,47258,397,384,42,109,1,-1,-1,-1
278,47343,1090,361,18,8,1,-1,-1,-1
278,47342,609,361,13,13,1,-1,-1,-1
278,47338,730,361,16,7,1,-1,-1,-1
278,47336,984,361,22,7,1,-1,-1,-1
278,47334,0,383,50,143,1,-1,-1,-1
278,47332,537,361,17,7,1,-1,-1,-1
278,47329,748,361,17,7,1,-1,-1,-1
278,47325,1061,359,29,10,1,-1,-1,-1
278,47320,621,351,37,28,1,-1,-1,-1
278,47315,585,358,17,15,1,-1,-1,-1
278,47309,715,363,19,5,1,-1,-1,-1
278,47306,1191,364,29,5,1,-1,-1,-1
278,47304,615,376,48,37,1,-1,-1,-1
278,47296,822,362,19,6,1,-1,-1,-1
278,47283,789,364,8,4,1,-1,-1,-1
278,47282,1140,363,9,6,1,-1,-1,-1
278,47280,618,388,43,88,1,-1,-1,-1
278,47278,934,363,9,5,1,-1,-1,-1
278,47275,1124,364,5,5,1,-1,-1,-1
278,47269,440,368,16,47,1,-1,-1,-1
278,47268,1017,363,3,4,1,-1,-1,-1
278,47258,404,384,41,105,1,-1,-1,-1
279,47343,1090,362,17,7,1,-1,-1,-1
279,47342,609,362,13,13,1,-1,-1,-1
279,47338,730,362,15,7,1,-1,-1,-1
279,47337,1093,362,19,7,1,-1,-1,-1
279,47336,984,362,21,7,1,-1,-1,-1
279,47334,0,372,71,189,1,-1,-1,-1
279,47332,534,362,18,7,1,-1,-1,-1
279,47329,747,362,17,7,1,-1,-1,-1
279,47325,1061,360,29,10,1,-1,-1,-1
279,47320,621,352,37,28,1,-1,-1,-1
279,47315,585,359,17,15,1,-1,-1,-1
279,47309,715,364,18,5,1,-1,-1,-1
279,47306,1191,364,27,6,1,-1,-1,-1
279,47304,616,377,47,37,1,-1,-1,-1
279,47296,820,363,20,6,1,-1,-1,-1
279,47283,787,363,8,6,1,-1,-1,-1
279,47282,1141,364,8,5,1,-1,-1,-1
279,47280,618,389,43,87,1,-1,-1,-1
279,47278,934,363,8,6,1,-1,-1,-1
279,47275,1123,364,7,6,1,-1,-1,-1
279,47269,442,368,16,46,1,-1,-1,-1
279,47268,1015,363,5,6,1,-1,-1,-1
279,47258,411,384,39,102,1,-1,-1,-1
280,47343,1090,362,17,9,1,-1,-1,-1
280,47342,609,362,13,13,1,-1,-1,-1
280,47338,727,362,17,6,1,-1,-1,-1
280,47337,1094,362,18,8,1,-1,-1,-1
280,47336,982,362,22,6,1,-1,-1,-1
280,47334,0,368,90,198,1,-1,-1,-1
280,47332,533,362,16,8,1,-1,-1,-1
280,47329,745,362,18,7,1,-1,-1,-1
280,47325,1060,360,29,10,1,-1,-1,-1
280,47320,621,353,37,27,1,-1,-1,-1
280,47315,585,359,18,15,1,-1,-1,-1
280,47306,1192,365,26,6,1,-1,-1,-1
280,47304,615,377,48,37,1,-1,-1,-1
280,47296,819,364,19,5,1,-1,-1,-1
280,47283,785,364,9,5,1,-1,-1,-1
280,47282,1142,364,7,6,1,-1,-1,-1
280,47280,618,389,43,88,1,-1,-1,-1
280,47278,931,364,9,5,1,-1,-1,-1
280,47275,1122,365,6,5,1,-1,-1,-1
280,47269,444,369,17,44,1,-1,-1,-1
280,47268,1013,364,3,5,1,-1,-1,-1
280,47258,417,384,37,99,1,-1,-1,-1
281,47343,1090,362,18,8,1,-1,-1,-1
281,47342,609,362,13,13,1,-1,-1,-1
281,47338,726,362,17,7,1,-1,-1,-1
281,47336,981,362,22,7,1,-1,-1,-1
281,47334,0,365,108,194,1,-1,-1,-1
281,47329,744,362,18,7,1,-1,-1,-1
281,47325,1060,360,29,10,1,-1,-1,-1
281,47320,621,353,36,27,1,-1,-1,-1
281,47315,585,359,18,15,1,-1,-1,-1
281,47309,712,364,16,5,1,-1,-1,-1
281,47306,1189,365,28,6,1,-1,-1,-1
281,47304,615,377,48,37,1,-1,-1,-1
281,47296,816,364,20,5,1,-1,-1,-1
281,47283,784,365,9,4,1,-1,-1,-1
281,47282,1140,364,8,6,1,-1,-1,-1
281,47280,618,389,43,88,1,-1,-1,-1
281,47278,929,364,9,5,1,-1,-1,-1
281,47275,1121,365,8,5,1,-1,-1,-1
281,47269,446,368,16,47,1,-1,-1,-1
281,47268,1012,364,3,5,1,-1,-1,-1
281,47258,423,383,36,97,1,-1,-1,-1
282,47343,1090,362,18,7,1,-1,-1,-1
282,47342,609,362,13,13,1,-1,-1,-1
282,47338,726,362,16,7,1,-1,-1,-1
282,47337,1092,362,17,7,1,-1,-1,-1
282,47336,981,362,21,7,1,-1,-1,-1
282,47334,0,364,125,187,1,-1,-1,-1
282,47329,743,362,17,7,1,-1,-1,-1
282,47325,1060,360,29,10,1,-1,-1,-1
282,47320,621,352,36,28,1,-1,-1,-1
282,47315,586,359,17,15,1,-1,-1,-1
282,47309,711,364,17,5,1,-1,-1,-1
282,47306,1188,364,27,7,1,-1,-1,-1
282,47304,616,377,47,37,1,-1,-1,-1
282,47296,814,363,20,6,1,-1,-1,-1
282,47283,784,364,8,5,1,-1,-1,-1
282,47282,1139,364,9,6,1,-1,-1,-1
282,47280,618,389,43,88,1,-1,-1,-1
282,47278,927,364,9,5,1,-1,-1,-1
282,47275,1121,365,7,5,1,-1,-1,-1
282,47269,448,368,16,45,1,-1,-1,-1
282,47268,1009,363,7,6,1,-1,-1,-1
282,47258,428,383,35,94,1,-1,-1,-1
283,47343,1089,361,18,9,1,-1,-1,-1
283,47342,609,361,13,13,1,-1,-1,-1
283,47338,724,361,17,8,1,-1,-1,-1
283,47337,1093,361,17,8,1,-1,-1,-1
283,47336,979,361,21,8,1,-1,-1,-1
283,47334,0,362,141,182,1,-1,-1,-1
283,47329,742,361,17,8,1,-1,-1,-1
283,47325,1059,359,29,11,1,-1,-1,-1
283,47320,621,352,36,28,1,-1,-1,-1
283,47315,586,359,17,15,1,-1,-1,-1
283,47309,712,364,16,5,1,-1,-1,-1
283,47306,1188,364,28,6,1,-1,-1,-1
283,47304,616,376,47,37,1,-1,-1,-1
283,47296,812,363,20,6,1,-1,-1,-1
283,47283,785,363,6,6,1,-1,-1,-1
283,47282,1139,365,9,5,1,-1,-1,-1
283,47280,618,388,43,88,1,-1,-1,-1
283,47278,926,363,7,6,1,-1,-1,-1
283,47275,1119,364,8,5,1,-1,-1,-1
283,47269,451,368,15,44,1,-1,-1,-1
283,47268,1008,363,5,6,1,-1,-1,-1
283,47258,434,382,33,91,1,-1,-1,-1
284,47343,1089,361,19,9,1,-1,-1,-1
284,47342,609,361,13,13,1,-1,-1,-1
284,47338,723,361,17,8,1,-1,-1,-1
284,47336,978,361,21,8,1,-1,-1,-1
284,47334,0,360,155,178,1,-1,-1,-1
284,47329,741,361,17,8,1,-1,-1,-1
284,47325,1059,359,29,9,1,-1,-1,-1
284,47320,622,352,35,28,1,-1,-1,-1
284,47315,586,359,17,14,1,-1,-1,-1
284,47309,709,364,18,5,1,-1,-1,-1
284,47306,1187,364,28,6,1,-1,-1,-1
284,47304,616,376,47,37,1,-1,-1,-1
284,47296,811,363,19,6,1,-1,-1,-1
284,47282,1139,365,9,4,1,-1,-1,-1
284,47280,618,388,43,88,1,-1,-1,-1
284,47278,924,363,9,6,1,-1,-1,-1
284,47275,1119,364,8,5,1,-1,-1,-1
284,47269,453,367,15,43,1,-1,-1,-1
284,47268,1007,363,5,6,1,-1,-1,-1
284,47258,439,381,32,89,1,-1,-1,-1
285,47343,1088,361,20,8,1,-1,-1,-1
285,47342,609,361,13,13,1,-1,-1,-1
285,47338,722,361,17,8,1,-1,-1,-1
285,47336,977,361,21,8,1,-1,-1,-1
285,47334,0,360,169,172,1,-1,-1,-1
285,47329,740,361,17,8,1,-1,-1,-1
285,47325,1059,359,29,11,1,-1,-1,-1
285,47320,622,352,35,28,1,-1,-1,-1
285,47315,586,359,17,15,1,-1,-1,-1
285,47309,709,364,17,5,1,-1,-1,-1
285,47306,1187,364,27,6,1,-1,-1,-1
285,47304,616,376,47,37,1,-1,-1,-1
285,47296,810,363,19,6,1,-1,-1,-1
285,47283,779,366,8,3,1,-1,-1,-1
285,47282,1140,364,8,5,1,-1,-1,-1
285,47280,618,388,43,88,1,-1,-1,-1
285,47278,922,363,9,6,1,-1,-1,-1
285,47275,1118,364,8,5,1,-1,-1,-1
285,47269,455,368,14,41,1,-1,-1,-1
285,47268,1005,363,6,6,1,-1,-1,-1
285,47258,444,381,30,87,1,-1,-1,-1
286,47343,1088,361,20,8,1,-1,-1,-1
286,47342,609,361,13,13,1,-1,-1,-1
286,47338,721,361,17,8,1,-1,-1,-1
286,47337,1092,361,18,8,1,-1,-1,-1
286,47336,975,362,22,7,1,-1,-1,-1
286,47334,0,359,182,169,1,-1,-1,-1
286,47329,739,361,17,8,1,-1,-1,-1
286,47325,1059,360,29,10,1,-1,-1,-1
286,47320,622,352,35,28,1,-1,-1,-1
286,47315,586,359,17,15,1,-1,-1,-1
286,47309,709,364,16,5,1,-1,-1,-1
286,47306,1186,364,28,7,1,-1,-1,-1
286,47304,616,376,47,37,1,-1,-1,-1
286,47296,808,363,19,6,1,-1,-1,-1
286,47282,1139,364,9,6,1,-1,-1,-1
286,47280,618,388,43,88,1,-1,-1,-1
286,47278,920,363,9,6,1,-1,-1,-1
286,47275,1119,364,6,5,1,-1,-1,-1
286,47269,457,368,14,41,1,-1,-1,-1
286,47268,1004,363,6,6,1,-1,-1,-1
286,47258,448,381,30,85,1,-1,-1,-1
287,47343,1088,361,20,8,1,-1,-1,-1
287,47342,610,361,12,13,1,-1,-1,-1
287,47338,720,361,17,6,1,-1,-1,-1
287,47337,1092,361,19,8,1,-1,-1,-1
287,47336,974,362,21,7,1,-1,-1,-1
287,47334,0,359,194,169,1,-1,-1,-1
287,47329,738,361,17,8,1,-1,-1,-1
287,47325,1059,360,29,10,1,-1,-1,-1
287,47320,622,352,35,28,1,-1,-1,-1
287,47315,586,359,17,15,1,-1,-1,-1
287,47309,709,364,16,5,1,-1,-1,-1
287,47306,1185,364,28,6,1,-1,-1,-1
287,47304,616,376,47,37,1,-1,-1,-1
287,47296,805,363,19,6,1,-1,-1,-1
287,47283,776,363,7,6,1,-1,-1,-1
287,47282,1139,364,7,6,1,-1,-1,-1
287,47280,618,388,43,88,1,-1,-1,-1
287,47278,919,363,8,6,1,-1,-1,-1
287,47275,1120,364,5,5,1,-1,-1,-1
287,47269,458,368,15,40,1,-1,-1,-1
287,47268,1003,366,6,3,1,-1,-1,-1
287,47258,452,380,29,83,1,-1,-1,-1
288,47343,1088,361,20,9,1,-1,-1,-1
288,47342,610,361,12,13,1,-1,-1,-1
288,47338,719,361,17,6,1,-1,-1,-1
288,47337,1092,361,18,8,1,-1,-1,-1
288,47336,973,362,21,7,1,-1,-1,-1
288,47334,0,359,205,166,1,-1,-1,-1
288,47329,737,361,17,8,1,-1,-1,-1
288,47325,1058,360,29,9,1,-1,-1,-1
288,47320,622,352,35,28,1,-1,-1,-1
288,47315,586,359,17,15,1,-1,-1,-1
288,47309,706,364,17,5,1,-1,-1,-1
288,47306,1185,364,28,6,1,-1,-1,-1
288,47304,616,376,47,37,1,-1,-1,-1
288,47296,804,363,19,6,1,-1,-1,-1
288,47283,775,363,8,6,1,-1,-1,-1
288,47282,1139,364,8,6,1,-1,-1,-1
288,47280,618,388,43,87,1,-1,-1,-1
288,47278,916,363,9,6,1,-1,-1,-1
288,47275,1118,364,6,5,1,-1,-1,-1
288,47269,460,368,14,20,1,-1,-1,-1
288,47268,1002,363,5,6,1,-1,-1,-1
288,47258,456,380,28,81,1,-1,-1,-1
289,47343,1088,362,20,7,1,-1,-1,-1
289,47342,610,361,13,13,1,-1,-1,-1
289,47337,1091,361,19,8,1,-1,-1,-1
289,47336,972,362,21,7,1,-1,-1,-1
289,47334,0,359,215,196,1,-1,-1,-1
289,47329,736,362,17,7,1,-1,-1,-1
289,47325,1058,360,29,10,1,-1,-1,-1
289,47320,622,352,35,28,1,-1,-1,-1
289,47315,587,359,16,15,1,-1,-1,-1
289,47309,704,364,18,5,1,-1,-1,-1
289,47306,1184,364,28,6,1,-1,-1,-1
289,47304,616,376,47,37,1,-1,-1,-1
289,47296,802,363,19,6,1,-1,-1,-1
289,47283,773,364,9,5,1,-1,-1,-1
289,47282,1139,364,9,6,1,-1,-1,-1
289,47280,618,388,43,87,1,-1,-1,-1
289,47278,914,363,9,6,1,-1,-1,-1
289,47275,1118,364,7,5,1,-1,-1,-1
289,47269,462,367,13,22,1,-1,-1,-1
289,47268,1001,363,5,6,1,-1,-1,-1
289,47258,460,379,27,80,1,-1,-1,-1
290,47343,1088,362,20,7,1,-1,-1,-1
290,47342,610,362,13,12,1,-1,-1,-1
290,47337,1091,362,19,7,1,-1,-1,-1
290,47336,970,362,22,7,1,-1,-1,-1
290,47334,0,359,225,206,1,-1,-1,-1
290,47329,735,362,16,7,1,-1,-1,-1
290,47325,1059,360,29,10,1,-1,-1,-1
290,47320,622,352,35,28,1,-1,-1,-1
290,47315,587,359,16,15,1,-1,-1,-1
290,47309,703,364,19,5,1,-1,-1,-1
290,47306,1184,365,28,6,1,-1,-1,-1
290,47304,616,377,47,36,1,-1,-1,-1
290,47296,800,363,20,6,1,-1,-1,-1
290,47283,772,364,8,5,1,-1,-1,-1
290,47282,1140,364,8,6,1,-1,-1,-1
290,47280,618,389,43,87,1,-1,-1,-1
290,47278,912,364,9,5,1,-1,-1,-1
290,47275,1119,364,5,6,1,-1,-1,-1
290,47269,464,368,12,23,1,-1,-1,-1
290,47268,1001,364,3,5,1,-1,-1,-1
290,47258,463,379,27,78,1,-1,-1,-1
291,47343,1088,362,20,8,1,-1,-1,-1
291,47342,610,362,13,12,1,-1,-1,-1
291,47338,716,362,15,7,1,-1,-1,-1
291,47337,1091,362,19,7,1,-1,-1,-1
291,47336,970,362,21,7,1,-1,-1,-1
291,47334,0,359,234,203,1,-1,-1,-1
291,47329,734,362,16,7,1,-1,-1,-1
291,47325,1056,360,32,10,1,-1,-1,-1
291,47320,622,352,35,28,1,-1,-1,-1
291,47315,587,359,16,15,1,-1,-1,-1
291,47309,701,364,20,5,1,-1,-1,-1
291,47306,1184,365,27,5,1,-1,-1,-1
291,47304,616,377,47,37,1,-1,-1,-1
291,47296,799,363,19,6,1,-1,-1,-1
291,47283,771,364,8,5,1,-1,-1,-1
291,47282,1139,364,9,6,1,-1,-1,-1
291,47280,618,389,43,89,1,-1,-1,-1
291,47278,911,365,8,4,1,-1,-1,-1
291,47275,1117,365,7,4,1,-1,-1,-1
291,47269,465,368,13,30,1,-1,-1,-1
291,47268,997,363,7,6,1,-1,-1,-1
291,47258,467,379,26,76,1,-1,-1,-1
292,47343,1087,361,21,9,1,-1,-1,-1
292,47342,610,361,13,13,1,-1,-1,-1
292,47338,715,361,16,8,1,-1,-1,-1
292,47337,1092,361,18,8,1,-1,-1,-1
292,47336,968,361,21,8,1,-1,-1,-1
292,47334,0,358,243,197,1,-1,-1,-1
292,47329,735,361,14,8,1,-1,-1,-1
292,47325,1056,359,30,10,1,-1,-1,-1
292,47320,622,352,35,28,1,-1,-1,-1
292,47315,587,359,17,14,1,-1,-1,-1
292,47309,704,364,16,5,1,-1,-1,-1
292,47306,1184,364,27,6,1,-1,-1,-1
292,47304,616,376,47,37,1,-1,-1,-1
292,47296,797,363,20,6,1,-1,-1,-1
292,47294,559,364,14,6,1,-1,-1,-1
292,47283,769,363,8,6,1,-1,-1,-1
292,47282,1139,364,8,5,1,-1,-1,-1
292,47280,617,389,44,89,1,-1,-1,-1
292,47278,908,363,9,6,1,-1,-1,-1
292,47269,467,367,13,36,1,-1,-1,-1
292,47268,997,363,3,6,1,-1,-1,-1
292,47258,470,378,25,75,1,-1,-1,-1
293,47343,1087,360,21,9,1,-1,-1,-1
293,47342,610,360,13,13,1,-1,-1,-1
293,47338,716,360,15,8,1,-1,-1,-1
293,47336,966,360,22,8,1,-1,-1,-1
293,47334,0,357,252,191,1,-1,-1,-1
293,47329,732,360,16,8,1,-1,-1,-1
293,47325,1055,359,31,10,1,-1,-1,-1
293,47320,622,351,35,28,1,-1,-1,-1
293,47315,587,358,17,14,1,-1,-1,-1
293,47309,701,363,18,5,1,-1,-1,-1
293,47306,1183,363,28,6,1,-1,-1,-1
293,47304,616,375,47,37,1,-1,-1,-1
293,47298,1259,423,20,42,1,-1,-1,-1
293,47296,797,362,17,6,1,-1,-1,-1
293,47294,558,363,14,6,1,-1,-1,-1
293,47283,768,362,8,6,1,-1,-1,-1
293,47282,1139,363,9,6,1,-1,-1,-1
293,47280,617,388,45,90,1,-1,-1,-1
293,47278,906,362,9,6,1,-1,-1,-1
293,47275,1116,363,6,5,1,-1,-1,-1
293,47269,468,366,14,40,1,-1,-1,-1
293,47268,995,362,4,6,1,-1,-1,-1
293,47258,473,377,25,74,1,-1,-1,-1
294,47343,1086,359,21,8,1,-1,-1,-1
294,47342,610,359,13,13,1,-1,-1,-1
294,47338,713,359,17,8,1,-1,-1,-1
294,47336,965,359,21,8,1,-1,-1,-1
294,47334,0,356,261,184,1,-1,-1,-1
294,47329,731,359,16,8,1,-1,-1,-1
294,47325,1055,358,30,10,1,-1,-1,-1
294,47320,622,350,35,28,1,-1,-1,-1
294,47315,587,357,17,14,1,-1,-1,-1
294,47309,701,362,17,5,1,-1,-1,-1
294,47306,1183,362,25,6,1,-1,-1,-1
294,47304,616,374,47,37,1,-1,-1,-1
294,47298,1248,420,31,47,1,-1,-1,-1
294,47296,798,361,14,6,1,-1,-1,-1
294,47294,556,362,15,6,1,-1,-1,-1
294,47283,767,361,8,6,1,-1,-1,-1
294,47282,1139,362,9,6,1,-1,-1,-1
294,47280,617,387,45,91,1,-1,-1,-1
294,47278,904,361,9,6,1,-1,-1,-1
294,47275,1115,362,5,5,1,-1,-1,-1
294,47269,470,365,13,40,1,-1,-1,-1
294,47268,994,361,6,6,1,-1,-1,-1
294,47258,477,376,24,72,1,-1,-1,-1
295,47343,1086,358,21,8,1,-1,-1,-1
295,47342,610,358,13,13,1,-1,-1,-1
295,47338,712,358,17,8,1,-1,-1,-1
295,47337,1091,358,17,8,1,-1,-1,-1
295,47336,963,358,22,8,1,-1,-1,-1
295,47334,0,355,270,178,1,-1,-1,-1
295,47329,730,358,16,8,1,-1,-1,-1
295,47325,1054,356,31,11,1,-1,-1,-1
295,47320,622,349,35,28,1,-1,-1,-1
295,47315,587,356,17,14,1,-1,-1,-1
295,47306,1182,361,28,6,1,-1,-1,-1
295,47304,616,373,47,37,1,-1,-1,-1
295,47298,1240,418,39,50,1,-1,-1,-1
295,47296,792,360,20,6,1,-1,-1,-1
295,47294,555,361,15,6,1,-1,-1,-1
295,47283,765,360,9,6,1,-1,-1,-1
295,47282,1139,361,9,6,1,-1,-1,-1
295,47280,617,386,45,91,1,-1,-1,-1
295,47278,907,360,4,6,1,-1,-1,-1
295,47275,1115,361,6,5,1,-1,-1,-1
295,47269,472,364,13,40,1,-1,-1,-1
295,47268,993,360,4,6,1,-1,-1,-1
295,47258,480,374,23,71,1,-1,-1,-1
296,47343,1085,358,22,7,1,-1,-1,-1
296,47342,610,357,13,13,1,-1,-1,-1
296,47338,711,357,17,6,1,-1,-1,-1
296,47337,1090,358,18,7,1,-1,-1,-1
296,47336,962,358,22,7,1,-1,-1,-1
296,47334,0,354,279,172,1,-1,-1,-1
296,47329,729,358,16,7,1,-1,-1,-1
296,47325,1053,356,31,10,1,-1,-1,-1
296,47320,622,348,35,28,1,-1,-1,-1
296,47315,588,355,16,14,1,-1,-1,-1
296,47309,699,360,16,5,1,-1,-1,-1
296,47306,1182,360,27,7,1,-1,-1,-1
296,47304,616,373,47,36,1,-1,-1,-1
296,47298,1235,418,44,51,1,-1,-1,-1
296,47296,791,359,19,6,1,-1,-1,-1
296,47294,553,360,16,6,1,-1,-1,-1
296,47283,763,360,9,5,1,-1,-1,-1
296,47282,1139,360,9,6,1,-1,-1,-1
296,47280,617,385,45,91,1,-1,-1,-1
296,47278,900,362,9,3,1,-1,-1,-1
296,47275,1114,360,8,5,1,-1,-1,-1
296,47269,474,363,13,40,1,-1,-1,-1
296,47268,992,359,5,6,1,-1,-1,-1
296,47258,483,373,23,69,1,-1,-1,-1
297,47343,1085,357,22,7,1,-1,-1,-1
297,47342,611,357,12,13,1,-1,-1,-1
297,47338,710,357,17,7,1,-1,-1,-1
297,47336,961,357,21,8,1,-1,-1,-1
297,47334,0,354,288,165,1,-1,-1,-1
297,47329,728,357,16,7,1,-1,-1,-1
297,47325,1053,355,30,10,1,-1,-1,-1
297,47320,622,348,35,27,1,-1,-1,-1
297,47315,588,354,16,15,1,-1,-1,-1
297,47309,699,359,16,5,1,-1,-1,-1
297,47306,1181,360,28,6,1,-1,-1,-1
297,47304,616,372,47,36,1,-1,-1,-1
297,47298,1234,418,45,52,1,-1,-1,-1
297,47296,789,359,19,5,1,-1,-1,-1
297,47294,551,360,18,5,1,-1,-1,-1
297,47283,762,359,8,5,1,-1,-1,-1
297,47282,1139,359,9,7,1,-1,-1,-1
297,47280,617,385,45,90,1,-1,-1,-1
297,47278,900,359,4,5,1,-1,-1,-1
297,47275,1114,360,7,5,1,-1,-1,-1
297,47269,475,363,13,38,1,-1,-1,-1
297,47268,989,359,7,5,1,-1,-1,-1
297,47258,487,372,22,68,1,-1,-1,-1
298,47343,1084,357,22,7,1,-1,-1,-1
298,47342,611,357,12,12,1,-1,-1,-1
298,47338,710,357,16,7,1,-1,-1,-1
298,47336,959,357,22,7,1,-1,-1,-1
298,47334,0,354,296,160,1,-1,-1,-1
298,47329,727,357,16,7,1,-1,-1,-1
298,47325,1051,355,32,10,1,-1,-1,-1
298,47320,622,348,35,27,1,-1,-1,-1
298,47315,588,354,16,15,1,-1,-1,-1
298,47309,695,359,19,5,1,-1,-1,-1
298,47306,1181,360,27,6,1,-1,-1,-1
298,47304,616,372,47,36,1,-1,-1,-1
298,47298,1235,418,44,53,1,-1,-1,-1
298,47296,787,358,20,6,1,-1,-1,-1
298,47294,550,360,17,5,1,-1,-1,-1
298,47283,760,360,9,4,1,-1,-1,-1
298,47282,1139,359,7,6,1,-1,-1,-1
298,47280,617,384,45,90,1,-1,-1,-1
298,47278,898,359,7,5,1,-1,-1,-1
298,47275,1113,360,8,5,1,-1,-1,-1
298,47269,477,362,13,39,1,-1,-1,-1
298,47268,989,359,5,5,1,-1,-1,-1
298,47258,490,372,21,66,1,-1,-1,-1
299,47343,1084,357,22,7,1,-1,-1,-1
299,47342,611,357,12,12,1,-1,-1,-1
299,47338,709,357,17,7,1,-1,-1,-1
299,47336,958,357,21,7,1,-1,-1,-1
299,47334,0,354,305,154,1,-1,-1,-1
299,47329,726,357,16,7,1,-1,-1,-1
299,47325,1051,355,31,10,1,-1,-1,-1
299,47320,622,348,35,28,1,-1,-1,-1
299,47315,588,354,16,15,1,-1,-1,-1
299,47309,693,359,20,5,1,-1,-1,-1
299,47306,1180,360,27,6,1,-1,-1,-1
299,47304,616,372,47,36,1,-1,-1,-1
299,47298,1235,419,44,52,1,-1,-1,-1
299,47296,786,359,19,5,1,-1,-1,-1
299,47294,548,360,18,5,1,-1,-1,-1
299,47283,759,359,9,5,1,-1,-1,-1
299,47282,1138,359,9,6,1,-1,-1,-1
299,47280,618,384,43,89,1,-1,-1,-1
299,47278,896,359,7,5,1,-1,-1,-1
299,47275,1113,360,7,5,1,-1,-1,-1
299,47269,479,362,13,38,1,-1,-1,-1
299,47268,986,359,5,5,1,-1,-1,-1
299,47258,493,372,21,64,1,-1,-1,-1
300,47343,1083,357,22,8,1,-1,-1,-1
300,47342,611,357,12,13,1,-1,-1,-1
300,47338,708,357,17,8,1,-1,-1,-1
300,47336,956,357,22,8,1,-1,-1,-1
300,47334,4,355,308,149,1,-1,-1,-1
300,47329,725,357,16,8,1,-1,-1,-1
300,47325,1049,356,31,10,1,-1,-1,-1
300,47320,622,348,35,28,1,-1,-1,-1
300,47315,588,355,16,14,1,-1,-1,-1
300,47309,695,360,17,5,1,-1,-1,-1
300,47306,1179,360,28,6,1,-1,-1,-1
300,47304,616,372,47,36,1,-1,-1,-1
300,47298,1234,419,45,53,1,-1,-1,-1
300,47294,546,360,19,6,1,-1,-1,-1
300,47283,758,359,8,6,1,-1,-1,-1
300,47282,1138,360,9,6,1,-1,-1,-1
300,47280,618,384,43,88,1,-1,-1,-1
300,47278,892,359,9,6,1,-1,-1,-1
300,47275,1112,360,7,5,1,-1,-1,-1
300,47269,481,363,12,37,1,-1,-1,-1
300,47268,985,359,6,6,1,-1,-1,-1
300,47258,496,372,20,63,1,-1,-1,-1
301,47343,1083,358,22,9,1,-1,-1,-1
301,47342,611,358,12,12,1,-1,-1,-1
301,47338,707,358,17,8,1,-1,-1,-1
301,47337,1090,358,16,8,1,-1,-1,-1
301,47336,954,358,22,8,1,-1,-1,-1
301,47334,26,355,294,145,1,-1,-1,-1
301,47329,724,358,16,7,1,-1,-1,-1
301,47325,1048,356,31,11,1,-1,-1,-1
301,47320,622,349,35,28,1,-1,-1,-1
301,47315,588,356,17,14,1,-1,-1,-1
301,47309,691,361,20,5,1,-1,-1,-1
301,47306,1179,361,27,6,1,-1,-1,-1
301,47304,616,373,47,36,1,-1,-1,-1
301,47298,1233,420,46,54,1,-1,-1,-1
301,47296,783,360,16,6,1,-1,-1,-1
301,47294,544,361,19,5,1,-1,-1,-1
301,47283,757,360,7,6,1,-1,-1,-1
301,47282,1138,360,9,6,1,-1,-1,-1
301,47280,618,385,43,88,1,-1,-1,-1
301,47278,890,360,9,6,1,-1,-1,-1
301,47275,1112,361,7,5,1,-1,-1,-1
301,47269,482,364,13,37,1,-1,-1,-1
301,47268,984,360,5,6,1,-1,-1,-1
301,47258,499,372,20,62,1,-1,-1,-1
302,47343,1082,359,23,9,1,-1,-1,-1
302,47342,611,359,12,12,1,-1,-1,-1
302,47338,706,359,17,8,1,-1,-1,-1
302,47336,953,359,22,8,1,-1,-1,-1
302,47334,45,356,281,141,1,-1,-1,-1
302,47329,724,359,15,7,1,-1,-1,-1
302,47325,1046,357,32,10,1,-1,-1,-1
302,47320,622,350,35,28,1,-1,-1,-1
302,47315,588,356,17,15,1,-1,-1,-1
302,47309,691,362,19,5,1,-1,-1,-1
302,47306,1178,362,27,6,1,-1,-1,-1
302,47304,616,374,47,36,1,-1,-1,-1
302,47298,1232,421,47,54,1,-1,-1,-1
302,47296,781,361,19,6,1,-1,-1,-1
302,47294,542,362,19,5,1,-1,-1,-1
302,47283,756,361,8,6,1,-1,-1,-1
302,47282,1138,361,9,6,1,-1,-1,-1
302,47280,618,386,43,88,1,-1,-1,-1
302,47278,889,361,8,6,1,-1,-1,-1
302,47275,1111,363,7,4,1,-1,-1,-1
302,47269,484,364,12,37,1,-1,-1,-1
302,47268,983,361,3,4,1,-1,-1,-1
302,47258,502,373,19,61,1,-1,-1,-1
303,47343,1082,360,22,7,1,-1,-1,-1
303,47342,611,360,12,12,1,-1,-1,-1
303,47338,706,360,16,7,1,-1,-1,-1
303,47337,1087,360,18,7,1,-1,-1,-1
303,47336,952,360,21,7,1,-1,-1,-1
303,47334,63,357,270,137,1,-1,-1,-1
303,47329,723,360,15,7,1,-1,-1,-1
303,47325,1045,358,33,10,1,-1,-1,-1
303,47320,622,351,35,27,1,-1,-1,-1
303,47315,589,357,16,14,1,-1,-1,-1
303,47309,690,362,19,5,1,-1,-1,-1
303,47306,1178,363,27,6,1,-1,-1,-1
303,47304,616,374,47,36,1,-1,-1,-1
303,47298,1230,422,49,55,1,-1,-1,-1
303,47296,779,361,20,6,1,-1,-1,-1
303,47294,540,362,19,6,1,-1,-1,-1
303,47283,755,362,7,5,1,-1,-1,-1
303,47282,1138,362,9,6,1,-1,-1,-1
303,47280,618,387,43,88,1,-1,-1,-1
303,47278,887,362,8,5,1,-1,-1,-1
303,47275,1111,363,7,5,1,-1,-1,-1
303,47269,485,365,12,36,1,-1,-1,-1
303,47268,980,362,7,5,1,-1,-1,-1
303,47258,504,373,19,60,1,-1,-1,-1
304,47343,1081,360,23,8,1,-1,-1,-1
304,47342,611,360,12,12,1,-1,-1,-1
304,47336,950,360,22,8,1,-1,-1,-1
304,47334,80,357,259,133,1,-1,-1,-1
304,47325,1043,358,34,10,1,-1,-1,-1
304,47320,622,351,35,27,1,-1,-1,-1
304,47315,589,357,16,15,1,-1,-1,-1
304,47309,688,362,21,5,1,-1,-1,-1
304,47306,1178,363,27,6,1,-1,-1,-1
304,47304,616,375,47,36,1,-1,-1,-1
304,47298,1227,422,52,56,1,-1,-1,-1
304,47296,778,362,18,6,1,-1,-1,-1
304,47294,539,363,18,5,1,-1,-1,-1
304,47283,752,362,9,6,1,-1,-1,-1
304,47282,1137,362,10,6,1,-1,-1,-1
304,47280,618,387,43,89,1,-1,-1,-1
304,47278,884,362,9,6,1,-1,-1,-1
304,47275,1110,363,7,5,1,-1,-1,-1
304,47269,487,365,12,36,1,-1,-1,-1
304,47268,980,362,5,5,1,-1,-1,-1
304,47258,506,373,19,59,1,-1,-1,-1
305,47343,1081,360,22,7,1,-1,-1,-1
305,47342,611,359,11,13,1,-1,-1,-1
305,47337,1080,360,24,6,1,-1,-1,-1
305,47336,948,360,22,7,1,-1,-1,-1
305,47334,97,357,248,129,1,-1,-1,-1
305,47325,1042,358,33,10,1,-1,-1,-1
305,47320,622,351,35,27,1,-1,-1,-1
305,47315,589,357,16,14,1,-1,-1,-1
305,47309,690,362,18,5,1,-1,-1,-1
305,47306,1178,362,27,7,1,-1,-1,-1
305,47304,616,374,47,36,1,-1,-1,-1
305,47298,1223,421,56,57,1,-1,-1,-1
305,47296,776,361,20,6,1,-1,-1,-1
305,47294,535,362,20,6,1,-1,-1,-1
305,47283,751,362,9,5,1,-1,-1,-1
305,47282,1137,362,9,6,1,-1,-1,-1
305,47280,618,387,43,88,1,-1,-1,-1
305,47278,882,363,9,4,1,-1,-1,-1
305,47275,1110,362,6,7,1,-1,-1,-1
305,47269,488,365,12,35,1,-1,-1,-1
305,47268,977,361,6,6,1,-1,-1,-1
305,47258,509,373,18,57,1,-1,-1,-1
306,47343,1080,359,22,9,1,-1,-1,-1
306,47342,611,359,12,12,1,-1,-1,-1
306,47338,703,359,15,8,1,-1,-1,-1
306,47336,947,359,21,8,1,-1,-1,-1
306,47334,113,357,238,125,1,-1,-1,-1
306,47329,721,359,13,8,1,-1,-1,-1
306,47325,1040,357,33,10,1,-1,-1,-1
306,47320,622,350,35,26,1,-1,-1,-1
306,47315,589,357,16,14,1,-1,-1,-1
306,47309,688,362,18,5,1,-1,-1,-1
306,47306,1178,362,27,6,1,-1,-1,-1
306,47304,616,374,47,36,1,-1,-1,-1
306,47298,1217,421,62,58,1,-1,-1,-1
306,47296,775,361,19,6,1,-1,-1,-1
306,47294,533,362,20,5,1,-1,-1,-1
306,47283,750,361,9,6,1,-1,-1,-1
306,47282,1137,361,9,6,1,-1,-1,-1
306,47280,618,386,43,88,1,-1,-1,-1
306,47278,880,361,9,6,1,-1,-1,-1
306,47275,1110,362,6,6,1,-1,-1,-1
306,47269,490,364,11,36,1,-1,-1,-1
306,47268,976,361,6,6,1,-1,-1,-1
306,47258,511,372,18,56,1,-1,-1,-1
307,47343,1079,359,22,7,1,-1,-1,-1
307,47342,612,359,12,12,1,-1,-1,-1
307,47336,945,359,22,7,1,-1,-1,-1
307,47334,128,356,229,123,1,-1,-1,-1
307,47325,1039,357,32,10,1,-1,-1,-1
307,47320,622,350,35,26,1,-1,-1,-1
307,47315,589,356,16,14,1,-1,-1,-1
307,47309,687,361,19,5,1,-1,-1,-1
307,47306,1178,361,27,6,1,-1,-1,-1
307,47304,616,373,47,36,1,-1,-1,-1
307,47298,1212,420,67,66,1,-1,-1,-1
307,47296,774,360,19,6,1,-1,-1,-1
307,47294,532,361,19,6,1,-1,-1,-1
307,47283,748,361,9,5,1,-1,-1,-1
307,47282,1138,361,8,6,1,-1,-1,-1
307,47280,618,385,43,88,1,-1,-1,-1
307,47278,878,361,8,5,1,-1,-1,-1
307,47275,1109,361,8,6,1,-1,-1,-1
307,47269,491,364,12,35,1,-1,-1,-1
307,47268,975,361,5,5,1,-1,-1,-1
307,47258,513,372,18,55,1,-1,-1,-1
308,47343,1079,359,23,8,1,-1,-1,-1
308,47342,612,358,12,13,1,-1,-1,-1
308,47337,1078,360,23,6,1,-1,-1,-1
308,47336,943,359,21,7,1,-1,-1,-1
308,47334,143,356,219,119,1,-1,-1,-1
308,47329,718,359,15,7,1,-1,-1,-1
308,47325,1037,357,33,10,1,-1,-1,-1
308,47320,622,350,35,26,1,-1,-1,-1
308,47315,589,356,16,14,1,-1,-1,-1
308,47309,685,361,19,5,1,-1,-1,-1
308,47306,1179,361,26,6,1,-1,-1,-1
308,47304,616,373,47,36,1,-1,-1,-1
308,47298,1207,420,72,70,1,-1,-1,-1
308,47296,771,360,20,6,1,-1,-1,-1
308,47294,532,361,16,5,1,-1,-1,-1
308,47283,747,361,9,5,1,-1,-1,-1
308,47282,1139,361,6,6,1,-1,-1,-1
308,47280,618,385,43,87,1,-1,-1,-1
308,47278,876,361,9,5,1,-1,-1,-1
308,47275,1108,361,8,5,1,-1,-1,-1
308,47269,493,364,11,34,1,-1,-1,-1
308,47268,973,360,6,6,1,-1,-1,-1
308,47258,516,371,17,54,1,-1,-1,-1
309,47343,1078,359,23,8,1,-1,-1,-1
309,47342,612,359,12,12,1,-1,-1,-1
309,47338,700,359,18,7,1,-1,-1,-1
309,47336,942,359,22,7,1,-1,-1,-1
309,47334,156,357,212,115,1,-1,-1,-1
309,47325,1036,357,33,10,1,-1,-1,-1
309,47320,622,350,35,26,1,-1,-1,-1
309,47315,589,356,16,14,1,-1,-1,-1
309,47309,684,361,20,5,1,-1,-1,-1
309,47306,1178,362,28,6,1,-1,-1,-1
309,47304,617,373,46,36,1,-1,-1,-1
309,47298,1202,421,77,72,1,-1,-1,-1
309,47296,771,360,19,6,1,-1,-1,-1
309,47294,532,361,14,6,1,-1,-1,-1
309,47290,583,362,5,5,1,-1,-1,-1
309,47283,746,361,8,5,1,-1,-1,-1
309,47282,1136,361,9,6,1,-1,-1,-1
309,47280,618,385,43,86,1,-1,-1,-1
309,47278,875,361,8,5,1,-1,-1,-1
309,47275,1108,362,8,4,1,-1,-1,-1
309,47269,494,364,11,34,1,-1,-1,-1
309,47268,972,361,4,3,1,-1,-1,-1
309,47258,518,371,17,53,1,-1,-1,-1
310,47343,1078,359,23,9,1,-1,-1,-1
310,47342,612,359,12,12,1,-1,-1,-1
310,47338,700,359,17,8,1,-1,-1,-1
310,47337,1077,359,18,8,1,-1,-1,-1
310,47336,943,359,19,8,1,-1,-1,-1
310,47334,169,357,204,113,1,-1,-1,-1
310,47329,717,359,14,8,1,-1,-1,-1
310,47325,1034,357,32,11,1,-1,-1,-1
310,47320,622,350,35,26,1,-1,-1,-1
310,47315,589,357,16,14,1,-1,-1,-1
310,47309,684,362,19,5,1,-1,-1,-1
310,47306,1178,362,28,6,1,-1,-1,-1
310,47304,616,374,47,35,1,-1,-1,-1
310,47298,1199,422,80,74,1,-1,-1,-1
310,47296,768,361,20,6,1,-1,-1,-1
310,47284,782,364,9,3,1,-1,-1,-1
310,47283,744,361,9,6,1,-1,-1,-1
310,47282,1136,361,9,7,1,-1,-1,-1
310,47280,618,385,43,86,1,-1,-1,-1
310,47278,872,361,9,6,1,-1,-1,-1
310,47275,1108,362,7,5,1,-1,-1,-1
310,47269,495,364,12,34,1,-1,-1,-1
310,47268,969,361,6,6,1,-1,-1,-1
310,47258,520,371,16,53,1,-1,-1,-1
311,47343,1077,360,23,9,1,-1,-1,-1
311,47342,612,360,12,12,1,-1,-1,-1
311,47338,700,360,16,8,1,-1,-1,-1
311,47336,946,360,14,8,1,-1,-1,-1
311,47334,181,358,197,110,1,-1,-1,-1
311,47325,1032,358,34,10,1,-1,-1,-1
311,47320,622,351,35,26,1,-1,-1,-1
311,47315,590,358,15,13,1,-1,-1,-1
311,47309,684,363,19,5,1,-1,-1,-1
311,47306,1179,363,27,6,1,-1,-1,-1
311,47304,617,374,45,36,1,-1,-1,-1
311,47298,1196,423,83,75,1,-1,-1,-1
311,47296,766,362,20,6,1,-1,-1,-1
311,47293,599,360,9,10,1,-1,-1,-1
311,47283,743,362,9,6,1,-1,-1,-1
311,47282,1136,362,9,6,1,-1,-1,-1
311,47280,618,386,43,86,1,-1,-1,-1
311,47278,871,362,7,6,1,-1,-1,-1
311,47275,1109,363,4,6,1,-1,-1,-1
311,47269,497,365,11,34,1,-1,-1,-1
311,47268,968,362,5,6,1,-1,-1,-1
311,47258,522,372,16,51,1,-1,-1,-1
312,47343,1077,361,23,9,1,-1,-1,-1
312,47342,612,361,12,12,1,-1,-1,-1
312,47338,698,361,17,8,1,-1,-1,-1
312,47336,937,361,22,8,1,-1,-1,-1
312,47334,192,359,191,108,1,-1,-1,-1
312,47329,714,361,15,7,1,-1,-1,-1
312,47325,1030,359,34,10,1,-1,-1,-1
312,47320,622,352,35,26,1,-1,-1,-1
312,47315,590,358,15,14,1,-1,-1,-1
312,47309,684,363,17,6,1,-1,-1,-1
312,47306,1179,364,27,6,1,-1,-1,-1
312,47304,617,375,45,35,1,-1,-1,-1
312,47298,1194,424,85,77,1,-1,-1,-1
312,47296,765,363,20,6,1,-1,-1,-1
312,47293,599,361,9,10,1,-1,-1,-1
312,47283,742,363,7,6,1,-1,-1,-1
312,47282,1137,363,8,6,1,-1,-1,-1
312,47280,618,387,43,85,1,-1,-1,-1
312,47278,867,363,10,6,1,-1,-1,-1
312,47275,1107,364,7,6,1,-1,-1,-1
312,47269,498,366,11,33,1,-1,-1,-1
312,47268,966,363,5,4,1,-1,-1,-1
312,47258,523,373,16,50,1,-1,-1,-1
313,47343,1076,362,23,7,1,-1,-1,-1
313,47342,612,362,12,12,1,-1,-1,-1
313,47336,935,362,22,7,1,-1,-1,-1
313,47334,202,360,185,105,1,-1,-1,-1
313,47329,714,362,15,7,1,-1,-1,-1
313,47325,1029,360,32,10,1,-1,-1,-1
313,47320,622,353,35,26,1,-1,-1,-1
313,47315,590,359,15,14,1,-1,-1,-1
313,47309,683,364,18,5,1,-1,-1,-1
313,47306,1179,365,25,6,1,-1,-1,-1
313,47304,617,376,45,35,1,-1,-1,-1
313,47298,1192,426,87,78,1,-1,-1,-1
313,47296,764,363,20,6,1,-1,-1,-1
313,47283,741,364,9,5,1,-1,-1,-1
313,47282,1138,364,7,6,1,-1,-1,-1
313,47280,619,388,41,85,1,-1,-1,-1
313,47278,866,364,6,5,1,-1,-1,-1
313,47275,1108,364,6,5,1,-1,-1,-1
313,47269,499,367,11,33,1,-1,-1,-1
313,47258,525,373,16,50,1,-1,-1,-1
314,47343,1074,363,24,8,1,-1,-1,-1
314,47342,612,362,12,12,1,-1,-1,-1
314,47338,696,363,17,7,1,-1,-1,-1
314,47334,211,361,180,103,1,-1,-1,-1
314,47325,1028,361,31,10,1,-1,-1,-1
314,47320,623,354,34,26,1,-1,-1,-1
314,47315,590,360,15,14,1,-1,-1,-1
314,47309,680,365,21,5,1,-1,-1,-1
314,47306,1179,365,26,7,1,-1,-1,-1
314,47304,617,377,45,35,1,-1,-1,-1
314,47303,568,365,14,6,1,-1,-1,-1
314,47298,1191,427,88,79,1,-1,-1,-1
314,47296,763,364,19,6,1,-1,-1,-1
314,47284,782,365,4,5,1,-1,-1,-1
314,47283,741,365,7,5,1,-1,-1,-1
314,47282,1135,365,10,6,1,-1,-1,-1
314,47280,619,389,41,84,1,-1,-1,-1
314,47278,863,365,10,5,1,-1,-1,-1
314,47275,1107,365,7,5,1,-1,-1,-1
314,47269,500,367,11,33,1,-1,-1,-1
314,47268,963,364,4,6,1,-1,-1,-1
314,47258,527,374,15,49,1,-1,-1,-1
315,47343,1074,363,24,9,1,-1,-1,-1
315,47342,612,363,12,12,1,-1,-1,-1
315,47338,695,363,17,8,1,-1,-1,-1
315,47337,1073,363,18,8,1,-1,-1,-1
315,47336,932,363,19,8,1,-1,-1,-1
315,47334,220,362,174,101,1,-1,-1,-1
315,47329,712,363,15,8,1,-1,-1,-1
315,47325,1025,361,33,10,1,-1,-1,-1
315,47320,623,354,34,26,1,-1,-1,-1
315,47315,590,361,15,14,1,-1,-1,-1
315,47309,680,366,17,5,1,-1,-1,-1
315,47306,1179,366,27,6,1,-1,-1,-1
315,47304,617,378,45,35,1,-1,-1,-1
315,47303,567,366,14,6,1,-1,-1,-1
315,47298,1189,428,90,81,1,-1,-1,-1
315,47296,761,365,20,6,1,-1,-1,-1
315,47284,781,366,4,5,1,-1,-1,-1
315,47283,738,365,9,6,1,-1,-1,-1
315,47282,1136,365,7,7,1,-1,-1,-1
315,47280,619,389,41,85,1,-1,-1,-1
315,47278,862,365,8,6,1,-1,-1,-1
315,47275,1107,366,4,6,1,-1,-1,-1
315,47269,501,368,11,33,1,-1,-1,-1
315,47268,962,365,5,6,1,-1,-1,-1
315,47258,528,375,15,48,1,-1,-1,-1
316,47343,1073,364,24,8,1,-1,-1,-1
316,47342,612,364,12,12,1,-1,-1,-1
316,47336,931,364,21,8,1,-1,-1,-1
316,47334,228,362,170,100,1,-1,-1,-1
316,47329,711,364,15,7,1,-1,-1,-1
316,47325,1023,362,33,10,1,-1,-1,-1
316,47320,623,355,34,26,1,-1,-1,-1
316,47315,590,361,15,14,1,-1,-1,-1
316,47309,679,366,18,5,1,-1,-1,-1
316,47306,1179,367,28,6,1,-1,-1,-1
316,47304,617,378,45,35,1,-1,-1,-1
316,47303,566,366,14,6,1,-1,-1,-1
316,47298,1188,430,91,82,1,-1,-1,-1
316,47296,760,365,19,7,1,-1,-1,-1
316,47284,779,366,4,6,1,-1,-1,-1
316,47283,742,366,4,5,1,-1,-1,-1
316,47282,1136,366,9,6,1,-1,-1,-1
316,47280,619,390,41,84,1,-1,-1,-1
316,47278,860,366,9,6,1,-1,-1,-1
316,47275,1107,367,6,5,1,-1,-1,-1
316,47269,502,368,11,33,1,-1,-1,-1
316,47258,529,375,15,48,1,-1,-1,-1
317,47343,1072,364,24,8,1,-1,-1,-1
317,47342,612,364,12,12,1,-1,-1,-1
317,47338,693,364,18,8,1,-1,-1,-1
317,47336,929,364,22,8,1,-1,-1,-1
317,47334,235,362,166,98,1,-1,-1,-1
317,47329,710,364,16,8,1,-1,-1,-1
317,47325,1023,362,32,10,1,-1,-1,-1
317,47320,623,355,34,26,1,-1,-1,-1
317,47315,590,361,15,14,1,-1,-1,-1
317,47309,679,367,18,5,1,-1,-1,-1
317,47306,1181,367,26,6,1,-1,-1,-1
317,47304,617,378,45,35,1,-1,-1,-1
317,47303,564,366,15,7,1,-1,-1,-1
317,47298,1187,431,92,83,1,-1,-1,-1
317,47296,758,366,20,6,1,-1,-1,-1
317,47293,599,364,9,10,1,-1,-1,-1
317,47284,778,366,5,6,1,-1,-1,-1
317,47283,736,367,9,5,1,-1,-1,-1
317,47282,1136,367,9,5,1,-1,-1,-1
317,47280,619,390,41,85,1,-1,-1,-1
317,47278,858,366,9,6,1,-1,-1,-1
317,47275,1106,367,8,6,1,-1,-1,-1
317,47269,503,369,11,32,1,-1,-1,-1
317,47258,531,375,15,47,1,-1,-1,-1
318,47343,1071,364,23,8,1,-1,-1,-1
318,47342,612,363,12,12,1,-1,-1,-1
318,47338,693,364,17,7,1,-1,-1,-1
318,47337,1070,364,19,8,1,-1,-1,-1
318,47336,928,364,21,7,1,-1,-1,-1
318,47334,242,362,162,96,1,-1,-1,-1
318,47325,1020,362,32,10,1,-1,-1,-1
318,47320,623,355,33,26,1,-1,-1,-1
318,47315,590,361,16,14,1,-1,-1,-1
318,47309,678,366,19,5,1,-1,-1,-1
318,47306,1182,366,25,7,1,-1,-1,-1
318,47304,617,378,45,35,1,-1,-1,-1
318,47303,563,366,15,6,1,-1,-1,-1
318,47298,1187,431,92,85,1,-1,-1,-1
318,47296,757,365,20,6,1,-1,-1,-1
318,47290,562,366,4,5,1,-1,-1,-1
318,47284,777,366,5,5,1,-1,-1,-1
318,47283,734,368,9,3,1,-1,-1,-1
318,47282,1136,366,9,6,1,-1,-1,-1
318,47280,619,389,41,85,1,-1,-1,-1
318,47278,856,366,8,5,1,-1,-1,-1
318,47275,1106,366,7,5,1,-1,-1,-1
318,47269,504,368,11,32,1,-1,-1,-1
318,47268,957,365,6,6,1,-1,-1,-1
318,47258,532,374,15,47,1,-1,-1,-1
319,47343,1070,363,24,8,1,-1,-1,-1
319,47342,612,363,12,11,1,-1,-1,-1
319,47338,692,363,17,7,1,-1,-1,-1
319,47337,1069,363,15,8,1,-1,-1,-1
319,47336,926,363,21,7,1,-1,-1,-1
319,47334,248,361,159,95,1,-1,-1,-1
319,47325,1018,361,32,10,1,-1,-1,-1
319,47320,623,354,33,26,1,-1,-1,-1
319,47315,590,360,16,14,1,-1,-1,-1
319,47309,677,365,20,5,1,-1,-1,-1
319,47306,1180,365,27,7,1,-1,-1,-1
319,47304,617,377,45,35,1,-1,-1,-1
319,47303,561,365,15,6,1,-1,-1,-1
319,47298,1187,432,92,85,1,-1,-1,-1
319,47296,756,364,19,6,1,-1,-1,-1
319,47290,560,365,4,6,1,-1,-1,-1
319,47284,775,365,5,5,1,-1,-1,-1
319,47283,734,365,5,5,1,-1,-1,-1
319,47282,1136,365,9,6,1,-1,-1,-1
319,47280,619,389,41,84,1,-1,-1,-1
319,47278,854,365,9,5,1,-1,-1,-1
319,47275,1107,365,5,5,1,-1,-1,-1
319,47269,505,367,10,32,1,-1,-1,-1
319,47268,955,365,5,5,1,-1,-1,-1
319,47258,533,373,15,47,1,-1,-1,-1
320,47343,1069,362,25,8,1,-1,-1,-1
320,47342,612,362,12,11,1,-1,-1,-1
320,47338,691,362,17,7,1,-1,-1,-1
320,47336,924,362,22,6,1,-1,-1,-1
320,47334,255,360,155,93,1,-1,-1,-1
320,47325,1017,360,31,10,1,-1,-1,-1
320,47320,623,353,33,26,1,-1,-1,-1
320,47315,590,359,16,14,1,-1,-1,-1
320,47309,677,364,20,5,1,-1,-1,-1
320,47306,1180,364,27,7,1,-1,-1,-1
320,47304,617,376,45,35,1,-1,-1,-1
320,47303,559,364,16,6,1,-1,-1,-1
320,47298,1186,432,93,87,1,-1,-1,-1
320,47296,754,363,20,6,1,-1,-1,-1
320,47290,557,364,5,6,1,-1,-1,-1
320,47284,774,364,5,5,1,-1,-1,-1
320,47283,734,364,6,5,1,-1,-1,-1
320,47282,1136,364,7,6,1,-1,-1,-1
320,47280,619,387,41,85,1,-1,-1,-1
320,47278,854,364,7,5,1,-1,-1,-1
320,47275,1107,364,6,6,1,-1,-1,-1
320,47269,506,366,10,32,1,-1,-1,-1
320,47268,955,364,5,5,1,-1,-1,-1
320,47258,535,372,14,46,1,-1,-1,-1
321,47343,1068,361,25,7,1,-1,-1,-1
321,47342,612,361,12,12,1,-1,-1,-1
321,47338,690,361,17,8,1,-1,-1,-1
321,47336,922,361,22,8,1,-1,-1,-1
321,47334,261,359,152,92,1,-1,-1,-1
321,47329,707,361,15,8,1,-1,-1,-1
321,47325,1014,359,32,10,1,-1,-1,-1
321,47320,623,352,33,26,1,-1,-1,-1
321,47315,590,358,16,14,1,-1,-1,-1
321,47309,677,363,18,6,1,-1,-1,-1
321,47306,1180,364,27,6,1,-1,-1,-1
321,47304,617,375,45,35,1,-1,-1,-1
321,47303,558,363,15,6,1,-1,-1,-1
321,47298,1186,432,93,88,1,-1,-1,-1
321,47296,753,363,19,6,1,-1,-1,-1
321,47293,599,361,8,10,1,-1,-1,-1
321,47290,555,364,6,5,1,-1,-1,-1
321,47284,772,363,5,6,1,-1,-1,-1
321,47282,1136,363,8,6,1,-1,-1,-1
321,47280,619,387,41,84,1,-1,-1,-1
321,47278,850,363,9,6,1,-1,-1,-1
321,47275,1106,364,7,6,1,-1,-1,-1
321,47269,507,365,10,31,1,-1,-1,-1
321,47268,954,363,4,4,1,-1,-1,-1
321,47258,536,371,14,45,1,-1,-1,-1
322,47345,0,549,19,170,1,-1,-1,-1
322,47343,1067,360,24,9,1,-1,-1,-1
322,47342,612,360,12,12,1,-1,-1,-1
322,47338,689,360,17,8,1,-1,-1,-1
322,47337,1066,360,19,9,1,-1,-1,-1
322,47336,921,360,22,8,1,-1,-1,-1
322,47334,267,358,149,91,1,-1,-1,-1
322,47329,707,360,15,7,1,-1,-1,-1
322,47325,1012,358,32,10,1,-1,-1,-1
322,47320,623,352,33,26,1,-1,-1,-1
322,47315,590,358,16,14,1,-1,-1,-1
322,47309,677,363,18,5,1,-1,-1,-1
322,47306,1180,363,27,7,1,-1,-1,-1
322,47304,617,375,45,34,1,-1,-1,-1
322,47303,556,363,16,6,1,-1,-1,-1
322,47298,1186,432,93,90,1,-1,-1,-1
322,47296,751,362,20,6,1,-1,-1,-1
322,47290,552,363,6,5,1,-1,-1,-1
322,47283,730,362,9,6,1,-1,-1,-1
322,47282,1136,363,9,6,1,-1,-1,-1
322,47280,619,386,41,84,1,-1,-1,-1
322,47278,848,362,9,6,1,-1,-1,-1
322,47275,1106,363,7,5,1,-1,-1,-1
322,47269,508,365,10,31,1,-1,-1,-1
322,47268,951,362,6,6,1,-1,-1,-1
322,47258,537,371,14,44,1,-1,-1,-1
323,47345,0,468,71,251,1,-1,-1,-1
323,47343,1066,360,24,7,1,-1,-1,-1
323,47342,613,360,11,11,1,-1,-1,-1
323,47338,689,360,17,8,1,-1,-1,-1
323,47336,919,360,21,8,1,-1,-1,-1
323,47334,274,358,145,89,1,-1,-1,-1
323,47325,1011,358,31,10,1,-1,-1,-1
323,47320,623,351,33,26,1,-1,-1,-1
323,47315,590,357,16,14,1,-1,-1,-1
323,47309,674,362,21,6,1,-1,-1,-1
323,47306,1180,363,27,6,1,-1,-1,-1
323,47304,617,374,45,34,1,-1,-1,-1
323,47303,554,362,16,6,1,-1,-1,-1
323,47298,1184,433,95,90,1,-1,-1,-1
323,47296,752,361,18,7,1,-1,-1,-1
323,47290,550,362,7,6,1,-1,-1,-1
323,47284,770,362,4,6,1,-1,-1,-1
323,47283,732,362,5,6,1,-1,-1,-1
323,47282,1136,362,10,6,1,-1,-1,-1
323,47280,619,385,41,83,1,-1,-1,-1
323,47278,846,362,9,6,1,-1,-1,-1
323,47275,1106,362,7,7,1,-1,-1,-1
323,47269,509,364,10,31,1,-1,-1,-1
323,47268,950,362,3,5,1,-1,-1,-1
323,47258,538,370,14,44,1,-1,-1,-1
324,47345,0,396,116,323,1,-1,-1,-1
324,47343,1065,359,24,9,1,-1,-1,-1
324,47342,613,359,11,12,1,-1,-1,-1
324,47338,688,359,17,8,1,-1,-1,-1
324,47336,917,359,22,8,1,-1,-1,-1
324,47334,280,357,142,88,1,-1,-1,-1
324,47329,705,359,15,8,1,-1,-1,-1
324,47325,1009,357,31,10,1,-1,-1,-1
324,47320,623,350,33,26,1,-1,-1,-1
324,47315,590,357,16,13,1,-1,-1,-1
324,47309,673,362,20,5,1,-1,-1,-1
324,47306,1180,362,27,6,1,-1,-1,-1
324,47304,617,373,45,34,1,-1,-1,-1
324,47303,552,362,16,6,1,-1,-1,-1
324,47298,1181,433,98,92,1,-1,-1,-1
324,47296,749,361,19,6,1,-1,-1,-1
324,47290,547,362,7,5,1,-1,-1,-1
324,47284,769,362,4,5,1,-1,-1,-1
324,47283,731,361,6,6,1,-1,-1,-1
324,47282,1137,361,8,7,1,-1,-1,-1
324,47280,619,385,41,82,1,-1,-1,-1
324,47278,844,361,9,6,1,-1,-1,-1
324,47275,1106,362,7,6,1,-1,-1,-1
324,47269,510,364,10,30,1,-1,-1,-1
324,47268,948,361,5,6,1,-1,-1,-1
324,47258,539,369,14,44,1,-1,-1,-1
325,47345,0,377,156,342,1,-1,-1,-1
325,47343,1064,358,24,9,1,-1,-1,-1
325,47342,613,358,11,12,1,-1,-1,-1
325,47338,687,358,17,6,1,-1,-1,-1
325,47337,1063,358,19,9,1,-1,-1,-1
325,47336,916,358,21,8,1,-1,-1,-1
325,47334,286,357,139,86,1,-1,-1,-1
325,47329,704,358,15,8,1,-1,-1,-1
325,47325,1007,356,31,10,1,-1,-1,-1
325,47320,623,350,33,26,1,-1,-1,-1
325,47315,590,356,16,14,1,-1,-1,-1
325,47309,672,361,20,5,1,-1,-1,-1
325,47306,1180,361,27,6,1,-1,-1,-1
325,47304,617,372,45,34,1,-1,-1,-1
325,47303,550,361,16,6,1,-1,-1,-1
325,47298,1176,432,103,94,1,-1,-1,-1
325,47296,747,360,20,6,1,-1,-1,-1
325,47290,545,361,8,5,1,-1,-1,-1
325,47284,768,361,4,5,1,-1,-1,-1
325,47283,726,361,7,5,1,-1,-1,-1
325,47282,1138,360,7,7,1,-1,-1,-1
325,47280,619,384,41,81,1,-1,-1,-1
325,47278,845,360,6,6,1,-1,-1,-1
325,47275,1106,361,6,5,1,-1,-1,-1
325,47269,511,363,10,30,1,-1,-1,-1
325,47268,946,360,5,6,1,-1,-1,-1
325,47258,541,368,13,43,1,-1,-1,-1
326,47345,0,368,192,351,1,-1,-1,-1
326,47343,1062,357,24,9,1,-1,-1,-1
326,47342,613,357,11,12,1,-1,-1,-1
326,47338,686,357,17,8,1,-1,-1,-1
326,47337,1061,357,16,9,1,-1,-1,-1
326,47336,913,357,21,8,1,-1,-1,-1
326,47334,293,356,135,85,1,-1,-1,-1
326,47329,703,357,15,8,1,-1,-1,-1
326,47325,1011,356,25,8,1,-1,-1,-1
326,47320,623,349,33,26,1,-1,-1,-1
326,47315,590,355,16,14,1,-1,-1,-1
326,47309,671,360,21,5,1,-1,-1,-1
326,47306,1179,360,28,7,1,-1,-1,-1
326,47304,617,371,45,34,1,-1,-1,-1
326,47303,548,360,16,6,1,-1,-1,-1
326,47298,1169,432,110,94,1,-1,-1,-1
326,47296,746,359,20,6,1,-1,-1,-1
326,47290,542,360,9,5,1,-1,-1,-1
326,47284,766,360,5,5,1,-1,-1,-1
326,47283,726,361,8,4,1,-1,-1,-1
326,47282,1136,360,9,6,1,-1,-1,-1
326,47280,620,382,39,81,1,-1,-1,-1
326,47275,1105,360,7,5,1,-1,-1,-1
326,47269,512,362,10,30,1,-1,-1,-1
326,47268,944,359,6,6,1,-1,-1,-1
326,47258,542,367,13,42,1,-1,-1,-1
327,47345,0,361,225,358,1,-1,-1,-1
327,47343,1061,357,24,8,1,-1,-1,-1
327,47342,613,357,11,11,1,-1,-1,-1
327,47338,685,357,18,8,1,-1,-1,-1
327,47337,1061,357,14,8,1,-1,-1,-1
327,47336,911,357,22,8,1,-1,-1,-1
327,47334,299,355,132,83,1,-1,-1,-1
327,47329,702,357,15,7,1,-1,-1,-1
327,47325,1002,355,31,10,1,-1,-1,-1
327,47320,623,348,33,26,1,-1,-1,-1
327,47315,590,354,16,14,1,-1,-1,-1
327,47309,670,359,20,6,1,-1,-1,-1
327,47306,1180,360,26,6,1,-1,-1,-1
327,47304,618,371,44,33,1,-1,-1,-1
327,47303,546,359,17,6,1,-1,-1,-1
327,47298,1160,431,119,95,1,-1,-1,-1
327,47296,747,358,18,7,1,-1,-1,-1
327,47290,540,360,7,5,1,-1,-1,-1
327,47284,765,360,4,5,1,-1,-1,-1
327,47283,725,359,8,5,1,-1,-1,-1
327,47282,1135,359,10,6,1,-1,-1,-1
327,47280,620,381,39,80,1,-1,-1,-1
327,47275,1106,359,6,6,1,-1,-1,-1
327,47269,513,361,9,30,1,-1,-1,-1
327,47268,945,358,3,4,1,-1,-1,-1
327,47258,543,367,13,41,1,-1,-1,-1
328,47345,0,357,254,362,1,-1,-1,-1
328,47343,1059,356,25,9,1,-1,-1,-1
328,47342,613,356,11,12,1,-1,-1,-1
328,47338,684,356,16,8,1,-1,-1,-1
328,47336,909,356,22,8,1,-1,-1,-1
328,47334,306,355,128,81,1,-1,-1,-1
328,47329,702,356,15,8,1,-1,-1,-1
328,47325,1002,354,29,10,1,-1,-1,-1
328,47320,623,348,33,25,1,-1,-1,-1
328,47315,590,354,16,13,1,-1,-1,-1
328,47309,670,359,20,5,1,-1,-1,-1
328,47306,1179,359,27,6,1,-1,-1,-1
328,47304,618,370,43,33,1,-1,-1,-1
328,47303,544,359,17,6,1,-1,-1,-1
328,47298,1149,430,130,96,1,-1,-1,-1
328,47296,747,358,16,6,1,-1,-1,-1
328,47290,538,359,7,5,1,-1,-1,-1
328,47284,763,359,5,5,1,-1,-1,-1
328,47283,723,358,8,6,1,-1,-1,-1
328,47282,1135,358,10,7,1,-1,-1,-1
328,47280,620,380,39,79,1,-1,-1,-1
328,47278,835,358,6,6,1,-1,-1,-1
328,47275,1105,359,7,5,1,-1,-1,-1
328,47269,514,360,9,30,1,-1,-1,-1
328,47268,941,358,5,6,1,-1,-1,-1
328,47258,545,366,12,41,1,-1,-1,-1
329,47345,0,354,280,365,1,-1,-1,-1
329,47343,1058,356,24,8,1,-1,-1,-1
329,47342,613,356,11,11,1,-1,-1,-1
329,47338,684,356,16,8,1,-1,-1,-1
329,47336,907,356,22,8,1,-1,-1,-1
329,47334,312,355,125,79,1,-1,-1,-1
329,47329,700,356,15,8,1,-1,-1,-1
329,47325,998,354,30,10,1,-1,-1,-1
329,47320,623,347,33,25,1,-1,-1,-1
329,47315,590,353,16,14,1,-1,-1,-1
329,47309,668,359,22,5,1,-1,-1,-1
329,47306,1178,359,26,6,1,-1,-1,-1
329,47304,618,370,43,33,1,-1,-1,-1
329,47303,542,358,16,6,1,-1,-1,-1
329,47298,1137,427,142,98,1,-1,-1,-1
329,47296,742,358,20,6,1,-1,-1,-1
329,47293,599,356,8,10,1,-1,-1,-1
329,47290,535,358,7,6,1,-1,-1,-1
329,47284,762,358,5,6,1,-1,-1,-1
329,47283,722,358,8,6,1,-1,-1,-1
329,47282,1134,358,10,6,1,-1,-1,-1
329,47280,620,380,39,78,1,-1,-1,-1
329,47278,833,358,9,6,1,-1,-1,-1
329,47275,1104,359,8,6,1,-1,-1,-1
329,47269,515,360,9,29,1,-1,-1,-1
329,47268,939,358,5,6,1,-1,-1,-1
329,47258,546,365,13,41,1,-1,-1,-1
330,47345,0,352,303,367,1,-1,-1,-1
330,47343,1056,356,25,8,1,-1,-1,-1
330,47342,613,356,11,11,1,-1,-1,-1
330,47338,682,356,17,8,1,-1,-1,-1
330,47336,905,356,22,8,1,-1,-1,-1
330,47334,318,355,122,78,1,-1,-1,-1
330,47329,699,356,16,8,1,-1,-1,-1
330,47325,996,354,31,10,1,-1,-1,-1
330,47320,623,347,33,25,1,-1,-1,-1
330,47315,590,353,16,14,1,-1,-1,-1
330,47309,668,359,19,5,1,-1,-1,-1
330,47306,1178,359,27,6,1,-1,-1,-1
330,47304,618,370,43,32,1,-1,-1,-1
330,47303,541,358,15,6,1,-1,-1,-1
330,47298,1123,421,156,103,1,-1,-1,-1
330,47296,740,358,21,6,1,-1,-1,-1
330,47293,599,356,8,10,1,-1,-1,-1
330,47290,532,359,7,5,1,-1,-1,-1
330,47284,761,359,4,5,1,-1,-1,-1
330,47283,721,358,7,4,1,-1,-1,-1
330,47282,1134,358,10,6,1,-1,-1,-1
330,47280,620,380,39,76,1,-1,-1,-1
330,47278,831,358,9,6,1,-1,-1,-1
330,47275,1104,359,8,5,1,-1,-1,-1
330,47269,516,360,9,29,1,-1,-1,-1
330,47268,938,358,4,6,1,-1,-1,-1
330,47258,547,365,13,40,1,-1,-1,-1
331,47345,0,351,324,368,1,-1,-1,-1
331,47343,1055,356,24,9,1,-1,-1,-1
331,47342,613,356,11,11,1,-1,-1,-1
331,47338,681,356,18,8,1,-1,-1,-1
331,47336,903,356,22,8,1,-1,-1,-1
331,47334,325,355,119,77,1,-1,-1,-1
331,47329,699,356,15,8,1,-1,-1,-1
331,47325,993,354,27,10,1,-1,-1,-1
331,47320,623,348,33,24,1,-1,-1,-1
331,47315,590,354,16,13,1,-1,-1,-1
331,47309,667,359,20,5,1,-1,-1,-1
331,47306,1177,359,27,7,1,-1,-1,-1
331,47304,618,370,43,32,1,-1,-1,-1
331,47303,538,359,16,6,1,-1,-1,-1
331,47298,1110,416,169,108,1,-1,-1,-1
331,47296,740,358,18,6,1,-1,-1,-1
331,47290,531,359,5,4,1,-1,-1,-1
331,47284,760,359,4,5,1,-1,-1,-1
331,47283,721,358,8,6,1,-1,-1,-1
331,47282,1134,358,9,7,1,-1,-1,-1
331,47280,621,380,37,75,1,-1,-1,-1
331,47278,829,358,10,6,1,-1,-1,-1
331,47275,1104,359,7,5,1,-1,-1,-1
331,47269,517,360,9,29,1,-1,-1,-1
331,47268,938,358,3,6,1,-1,-1,-1
331,47258,548,366,13,39,1,-1,-1,-1
332,47345,0,351,342,368,1,-1,-1,-1
332,47343,1053,357,24,8,1,-1,-1,-1
332,47342,613,357,11,11,1,-1,-1,-1
332,47338,681,357,17,8,1,-1,-1,-1
332,47336,901,357,22,8,1,-1,-1,-1
332,47334,333,355,114,76,1,-1,-1,-1
332,47329,698,357,15,8,1,-1,-1,-1
332,47325,991,355,30,10,1,-1,-1,-1
332,47320,623,348,33,25,1,-1,-1,-1
332,47315,590,354,16,14,1,-1,-1,-1
332,47309,666,359,21,6,1,-1,-1,-1
332,47306,1176,360,28,6,1,-1,-1,-1
332,47304,618,370,43,33,1,-1,-1,-1
332,47303,536,359,16,6,1,-1,-1,-1
332,47298,1098,413,181,111,1,-1,-1,-1
332,47296,738,358,20,7,1,-1,-1,-1
332,47290,527,359,8,6,1,-1,-1,-1
332,47284,758,359,4,6,1,-1,-1,-1
332,47283,721,359,6,6,1,-1,-1,-1
332,47282,1135,359,6,6,1,-1,-1,-1
332,47280,621,380,37,74,1,-1,-1,-1
332,47278,828,359,9,6,1,-1,-1,-1
332,47275,1104,359,7,7,1,-1,-1,-1
332,47269,518,361,9,28,1,-1,-1,-1
332,47268,936,359,4,4,1,-1,-1,-1
332,47258,550,366,12,39,1,-1,-1,-1
333,47345,0,351,358,368,1,-1,-1,-1
333,47343,1051,358,24,8,1,-1,-1,-1
333,47342,613,357,11,12,1,-1,-1,-1
333,47339,1269,358,10,10,1,-1,-1,-1
333,47338,680,358,17,7,1,-1,-1,-1
333,47337,1051,358,16,8,1,-1,-1,-1
333,47336,899,358,22,7,1,-1,-1,-1
333,47334,338,356,111,75,1,-1,-1,-1
333,47329,697,357,15,8,1,-1,-1,-1
333,47325,988,356,32,10,1,-1,-1,-1
333,47320,623,349,33,25,1,-1,-1,-1
333,47315,590,355,16,14,1,-1,-1,-1
333,47309,664,360,20,5,1,-1,-1,-1
333,47306,1176,360,27,7,1,-1,-1,-1
333,47304,618,371,43,32,1,-1,-1,-1
333,47303,534,360,16,6,1,-1,-1,-1
333,47298,1087,410,192,115,1,-1,-1,-1
333,47296,737,359,20,6,1,-1,-1,-1
333,47284,757,360,4,5,1,-1,-1,-1
333,47283,718,360,6,5,1,-1,-1,-1
333,47282,1132,360,10,7,1,-1,-1,-1
333,47280,621,380,37,74,1,-1,-1,-1
333,47278,828,359,7,6,1,-1,-1,-1
333,47275,1105,360,5,5,1,-1,-1,-1
333,47269,519,362,9,28,1,-1,-1,-1
333,47268,932,359,4,6,1,-1,-1,-1
333,47258,551,367,12,38,1,-1,-1,-1
334,47345,0,352,372,367,1,-1,-1,-1
334,47343,1050,358,24,9,1,-1,-1,-1
334,47342,613,358,11,12,1,-1,-1,-1
334,47341,608,359,17,8,1,-1,-1,-1
334,47339,1266,359,13,9,1,-1,-1,-1
334,47338,679,359,17,7,1,-1,-1,-1
334,47337,1049,358,15,9,1,-1,-1,-1
334,47336,897,358,22,8,1,-1,-1,-1
334,47334,345,357,107,73,1,-1,-1,-1
334,47329,696,358,15,8,1,-1,-1,-1
334,47325,986,357,31,9,1,-1,-1,-1
334,47320,624,350,32,25,1,-1,-1,-1
334,47315,590,356,16,14,1,-1,-1,-1
334,47309,663,361,21,5,1,-1,-1,-1
334,47306,1175,361,26,7,1,-1,-1,-1
334,47304,618,372,43,32,1,-1,-1,-1
334,47303,531,361,17,6,1,-1,-1,-1
334,47298,1078,409,201,116,1,-1,-1,-1
334,47296,736,360,20,6,1,-1,-1,-1
334,47290,525,361,5,4,1,-1,-1,-1
334,47283,717,361,7,5,1,-1,-1,-1
334,47282,1131,361,10,6,1,-1,-1,-1
334,47280,622,381,35,73,1,-1,-1,-1
334,47278,823,360,10,6,1,-1,-1,-1
334,47275,1102,361,8,7,1,-1,-1,-1
334,47269,520,363,9,27,1,-1,-1,-1
334,47268,930,360,6,6,1,-1,-1,-1
334,47258,552,367,12,38,1,-1,-1,-1
335,47345,0,352,385,367,1,-1,-1,-1
335,47343,1048,359,24,9,1,-1,-1,-1
335,47342,613,359,11,12,1,-1,-1,-1
335,47341,608,359,17,9,1,-1,-1,-1
335,47339,1266,359,13,10,1,-1,-1,-1
335,47338,678,359,16,8,1,-1,-1,-1
335,47337,1048,359,16,9,1,-1,-1,-1
335,47336,895,359,22,8,1,-1,-1,-1
335,47334,353,358,102,72,1,-1,-1,-1
335,47329,695,359,16,8,1,-1,-1,-1
335,47325,984,358,31,9,1,-1,-1,-1
335,47320,624,351,31,25,1,-1,-1,-1
335,47315,590,357,16,14,1,-1,-1,-1
335,47309,662,362,19,5,1,-1,-1,-1
335,47306,1175,362,27,7,1,-1,-1,-1
335,47304,619,373,42,32,1,-1,-1,-1
335,47303,530,362,15,6,1,-1,-1,-1
335,47298,1069,408,210,118,1,-1,-1,-1
335,47296,734,361,21,6,1,-1,-1,-1
335,47284,754,362,5,5,1,-1,-1,-1
335,47283,715,363,9,4,1,-1,-1,-1
335,47282,1131,362,10,6,1,-1,-1,-1
335,47280,622,382,35,71,1,-1,-1,-1
335,47278,821,361,10,6,1,-1,-1,-1
335,47275,1102,362,8,5,1,-1,-1,-1
335,47269,521,364,9,27,1,-1,-1,-1
335,47268,929,361,5,6,1,-1,-1,-1
335,47258,553,368,12,37,1,-1,-1,-1
336,47345,0,353,396,366,1,-1,-1,-1
336,47343,1053,360,17,9,1,-1,-1,-1
336,47342,613,360,10,11,1,-1,-1,-1
336,47341,608,360,17,9,1,-1,-1,-1
336,47339,1263,360,16,10,1,-1,-1,-1
336,47336,893,360,22,8,1,-1,-1,-1
336,47334,360,359,97,71,1,-1,-1,-1
336,47329,694,360,16,8,1,-1,-1,-1
336,47325,981,358,32,10,1,-1,-1,-1
336,47320,624,352,31,24,1,-1,-1,-1
336,47315,590,358,16,13,1,-1,-1,-1
336,47309,661,363,20,5,1,-1,-1,-1
336,47306,1174,363,25,7,1,-1,-1,-1
336,47304,619,373,41,32,1,-1,-1,-1
336,47298,1060,407,219,121,1,-1,-1,-1
336,47296,733,362,20,6,1,-1,-1,-1
336,47284,752,363,4,5,1,-1,-1,-1
336,47283,714,362,9,6,1,-1,-1,-1
336,47282,1130,362,10,6,1,-1,-1,-1
336,47280,622,382,35,71,1,-1,-1,-1
336,47278,819,362,10,6,1,-1,-1,-1
336,47275,1102,363,7,6,1,-1,-1,-1
336,47269,522,364,9,27,1,-1,-1,-1
336,47268,927,362,6,6,1,-1,-1,-1
336,47258,554,369,12,36,1,-1,-1,-1
337,47345,0,354,407,348,1,-1,-1,-1
337,47343,1045,360,24,9,1,-1,-1,-1
337,47342,613,360,11,11,1,-1,-1,-1
337,47341,607,360,18,9,1,-1,-1,-1
337,47339,1260,360,19,10,1,-1,-1,-1
337,47338,675,360,18,6,1,-1,-1,-1
337,47336,891,360,22,8,1,-1,-1,-1
337,47334,365,359,95,70,1,-1,-1,-1
337,47329,693,360,16,8,1,-1,-1,-1
337,47325,979,358,32,10,1,-1,-1,-1
337,47320,624,352,31,24,1,-1,-1,-1
337,47315,590,358,16,14,1,-1,-1,-1
337,47309,660,363,21,5,1,-1,-1,-1
337,47306,1176,363,24,7,1,-1,-1,-1
337,47304,619,373,41,32,1,-1,-1,-1
337,47303,526,363,14,6,1,-1,-1,-1
337,47298,1051,406,228,124,1,-1,-1,-1
337,47296,733,362,19,6,1,-1,-1,-1
337,47284,752,363,4,5,1,-1,-1,-1
337,47283,714,362,8,6,1,-1,-1,-1
337,47282,1129,362,9,6,1,-1,-1,-1
337,47280,622,382,35,70,1,-1,-1,-1
337,47278,817,362,10,6,1,-1,-1,-1
337,47275,1102,363,7,6,1,-1,-1,-1
337,47269,523,364,9,27,1,-1,-1,-1
337,47268,925,362,6,6,1,-1,-1,-1
337,47258,555,369,11,36,1,-1,-1,-1
338,47345,0,354,417,315,1,-1,-1,-1
338,47343,1044,360,23,8,1,-1,-1,-1
338,47342,613,360,12,11,1,-1,-1,-1
338,47339,1259,360,20,10,1,-1,-1,-1
338,47338,674,360,17,6,1,-1,-1,-1
338,47336,889,360,21,8,1,-1,-1,-1
338,47334,371,359,91,68,1,-1,-1,-1
338,47329,692,360,16,8,1,-1,-1,-1
338,47325,978,358,30,10,1,-1,-1,-1
338,47320,624,352,31,24,1,-1,-1,-1
338,47315,590,358,16,13,1,-1,-1,-1
338,47309,659,363,21,5,1,-1,-1,-1
338,47306,1173,363,27,6,1,-1,-1,-1
338,47304,619,373,41,31,1,-1,-1,-1
338,47298,1040,405,239,126,1,-1,-1,-1
338,47296,730,362,20,6,1,-1,-1,-1
338,47293,599,360,8,10,1,-1,-1,-1
338,47283,712,362,8,6,1,-1,-1,-1
338,47282,1128,362,11,6,1,-1,-1,-1
338,47280,622,382,35,69,1,-1,-1,-1
338,47278,816,362,9,6,1,-1,-1,-1
338,47275,1102,363,6,6,1,-1,-1,-1
338,47269,524,364,8,27,1,-1,-1,-1
338,47268,923,362,6,6,1,-1,-1,-1
338,47258,556,369,11,35,1,-1,-1,-1
339,47345,0,355,427,286,1,-1,-1,-1
339,47343,1041,360,16,8,1,-1,-1,-1
339,47342,613,359,12,12,1,-1,-1,-1
339,47339,1257,359,22,11,1,-1,-1,-1
339,47338,673,360,17,6,1,-1,-1,-1
339,47336,887,360,21,7,1,-1,-1,-1
339,47334,377,358,88,68,1,-1,-1,-1
339,47329,691,359,16,8,1,-1,-1,-1
339,47325,975,358,31,10,1,-1,-1,-1
339,47320,624,351,31,25,1,-1,-1,-1
339,47315,590,357,16,14,1,-1,-1,-1
339,47309,658,362,21,6,1,-1,-1,-1
339,47306,1173,362,26,7,1,-1,-1,-1
339,47304,619,372,41,32,1,-1,-1,-1
339,47298,1029,404,250,129,1,-1,-1,-1
339,47296,729,361,18,6,1,-1,-1,-1
339,47283,711,362,9,5,1,-1,-1,-1
339,47282,1131,362,5,6,1,-1,-1,-1
339,47280,622,381,35,68,1,-1,-1,-1
339,47278,814,363,9,4,1,-1,-1,-1
339,47275,1101,362,7,7,1,-1,-1,-1
339,47269,525,363,8,25,1,-1,-1,-1
339,47268,921,361,6,5,1,-1,-1,-1
339,47258,557,368,11,35,1,-1,-1,-1
340,47345,0,355,436,265,1,-1,-1,-1
340,47343,1040,359,21,9,1,-1,-1,-1
340,47342,613,359,12,11,1,-1,-1,-1
340,47339,1255,359,24,10,1,-1,-1,-1
340,47338,672,359,17,7,1,-1,-1,-1
340,47336,884,359,22,8,1,-1,-1,-1
340,47334,381,358,86,66,1,-1,-1,-1
340,47329,690,359,16,8,1,-1,-1,-1
340,47325,973,357,31,10,1,-1,-1,-1
340,47320,624,351,31,24,1,-1,-1,-1
340,47315,590,357,16,13,1,-1,-1,-1
340,47309,657,362,19,5,1,-1,-1,-1
340,47306,1172,362,27,6,1,-1,-1,-1
340,47304,619,372,41,31,1,-1,-1,-1
340,47298,1018,403,261,131,1,-1,-1,-1
340,47296,728,361,19,6,1,-1,-1,-1
340,47283,711,361,8,6,1,-1,-1,-1
340,47282,1127,361,10,6,1,-1,-1,-1
340,47280,623,380,33,68,1,-1,-1,-1
340,47278,813,361,8,6,1,-1,-1,-1
340,47275,1101,362,7,6,1,-1,-1,-1
340,47269,526,363,8,27,1,-1,-1,-1
340,47268,921,361,4,6,1,-1,-1,-1
340,47258,558,368,11,34,1,-1,-1,-1
341,47345,18,355,427,248,1,-1,-1,-1
341,47343,1038,359,23,8,1,-1,-1,-1
341,47342,614,359,11,11,1,-1,-1,-1
341,47339,1253,359,26,10,1,-1,-1,-1
341,47338,671,359,17,8,1,-1,-1,-1
341,47336,883,359,21,8,1,-1,-1,-1
341,47334,386,358,83,61,1,-1,-1,-1
341,47329,689,359,17,6,1,-1,-1,-1
341,47325,970,357,32,10,1,-1,-1,-1
341,47320,624,351,31,24,1,-1,-1,-1
341,47315,590,357,16,13,1,-1,-1,-1
341,47309,656,362,20,5,1,-1,-1,-1
341,47306,1172,362,26,6,1,-1,-1,-1
341,47304,619,372,41,30,1,-1,-1,-1
341,47298,1006,403,273,133,1,-1,-1,-1
341,47296,726,361,21,6,1,-1,-1,-1
341,47293,599,359,8,10,1,-1,-1,-1
341,47284,747,362,4,5,1,-1,-1,-1
341,47283,708,361,8,6,1,-1,-1,-1
341,47282,1126,361,11,6,1,-1,-1,-1
341,47280,623,380,33,67,1,-1,-1,-1
341,47278,810,361,9,6,1,-1,-1,-1
341,47275,1101,362,7,6,1,-1,-1,-1
341,47269,526,363,9,26,1,-1,-1,-1
341,47268,918,361,6,6,1,-1,-1,-1
341,47258,559,367,11,35,1,-1,-1,-1
342,47345,63,355,390,232,1,-1,-1,-1
342,47343,1036,359,24,9,1,-1,-1,-1
342,47342,614,359,11,11,1,-1,-1,-1
342,47339,1251,359,28,10,1,-1,-1,-1
342,47338,670,359,17,8,1,-1,-1,-1
342,47337,1036,359,16,8,1,-1,-1,-1
342,47336,881,359,21,8,1,-1,-1,-1
342,47334,390,358,82,57,1,-1,-1,-1
342,47329,688,359,17,8,1,-1,-1,-1
342,47325,968,357,31,10,1,-1,-1,-1
342,47320,624,351,31,25,1,-1,-1,-1
342,47315,590,357,16,13,1,-1,-1,-1
342,47309,656,362,20,5,1,-1,-1,-1
342,47306,1173,362,25,6,1,-1,-1,-1
342,47304,619,372,41,30,1,-1,-1,-1
342,47298,994,403,285,134,1,-1,-1,-1
342,47296,725,361,20,6,1,-1,-1,-1
342,47283,708,361,8,6,1,-1,-1,-1
342,47282,1129,361,7,6,1,-1,-1,-1
342,47280,623,380,33,66,1,-1,-1,-1
342,47278,808,361,10,6,1,-1,-1,-1
342,47275,1101,362,7,6,1,-1,-1,-1
342,47269,527,363,9,26,1,-1,-1,-1
342,47268,916,361,6,6,1,-1,-1,-1
342,47258,560,367,11,34,1,-1,-1,-1
343,47345,101,356,359,219,1,-1,-1,-1
343,47343,1037,360,21,8,1,-1,-1,-1
343,47342,614,359,11,12,1,-1,-1,-1
343,47339,1250,359,29,11,1,-1,-1,-1
343,47338,669,360,17,8,1,-1,-1,-1
343,47337,1034,362,17,6,1,-1,-1,-1
343,47336,879,360,20,8,1,-1,-1,-1
343,47334,394,358,80,57,1,-1,-1,-1
343,47329,687,360,17,7,1,-1,-1,-1
343,47325,966,358,31,10,1,-1,-1,-1
343,47320,624,352,31,24,1,-1,-1,-1
343,47315,590,357,16,14,1,-1,-1,-1
343,47309,656,362,19,6,1,-1,-1,-1
343,47306,1171,362,26,7,1,-1,-1,-1
343,47304,620,372,40,30,1,-1,-1,-1
343,47298,982,403,297,137,1,-1,-1,-1
343,47296,724,361,21,7,1,-1,-1,-1
343,47284,744,362,4,6,1,-1,-1,-1
343,47283,706,362,9,6,1,-1,-1,-1
343,47282,1125,362,10,6,1,-1,-1,-1
343,47280,623,380,33,66,1,-1,-1,-1
343,47278,807,362,9,6,1,-1,-1,-1
343,47275,1101,362,6,7,1,-1,-1,-1
343,47269,528,363,9,26,1,-1,-1,-1
343,47268,915,362,5,4,1,-1,-1,-1
343,47258,561,368,10,33,1,-1,-1,-1
344,47345,134,357,332,207,1,-1,-1,-1
344,47343,1033,360,22,9,1,-1,-1,-1
344,47342,614,360,11,11,1,-1,-1,-1
344,47339,1248,360,31,10,1,-1,-1,-1
344,47338,668,360,17,8,1,-1,-1,-1
344,47336,881,360,16,8,1,-1,-1,-1
344,47334,399,359,77,56,1,-1,-1,-1
344,47329,686,360,16,7,1,-1,-1,-1
344,47325,964,358,31,10,1,-1,-1,-1
344,47320,624,352,31,23,1,-1,-1,-1
344,47315,590,358,16,13,1,-1,-1,-1
344,47309,655,363,19,6,1,-1,-1,-1
344,47306,1171,363,26,7,1,-1,-1,-1
344,47304,620,373,39,30,1,-1,-1,-1
344,47298,971,404,308,139,1,-1,-1,-1
344,47296,724,362,20,6,1,-1,-1,-1
344,47283,705,362,7,6,1,-1,-1,-1
344,47282,1126,362,9,6,1,-1,-1,-1
344,47280,623,380,33,65,1,-1,-1,-1
344,47278,805,362,9,6,1,-1,-1,-1
344,47275,1101,363,7,7,1,-1,-1,-1
344,47269,529,364,8,26,1,-1,-1,-1
344,47268,915,362,3,6,1,-1,-1,-1
344,47258,562,368,10,33,1,-1,-1,-1
345,47345,162,358,310,196,1,-1,-1,-1
345,47343,1031,361,23,8,1,-1,-1,-1
345,47342,614,361,11,11,1,-1,-1,-1
345,47339,1246,361,33,10,1,-1,-1,-1
345,47338,667,361,16,8,1,-1,-1,-1
345,47337,1030,361,17,8,1,-1,-1,-1
345,47336,873,361,22,8,1,-1,-1,-1
345,47334,407,360,71,55,1,-1,-1,-1
345,47329,685,361,17,8,1,-1,-1,-1
345,47325,962,359,31,10,1,-1,-1,-1
345,47320,624,353,31,23,1,-1,-1,-1
345,47315,590,359,16,13,1,-1,-1,-1
345,47309,655,364,18,5,1,-1,-1,-1
345,47306,1170,364,25,7,1,-1,-1,-1
345,47304,620,374,39,29,1,-1,-1,-1
345,47298,959,404,320,142,1,-1,-1,-1
345,47296,722,363,18,6,1,-1,-1,-1
345,47283,705,363,7,6,1,-1,-1,-1
345,47282,1123,363,11,6,1,-1,-1,-1
345,47280,624,381,31,64,1,-1,-1,-1
345,47278,803,363,9,6,1,-1,-1,-1
345,47275,1103,364,5,6,1,-1,-1,-1
345,47269,530,365,8,25,1,-1,-1,-1
345,47268,910,363,6,6,1,-1,-1,-1
345,47258,563,369,10,32,1,-1,-1,-1
346,47345,187,359,291,187,1,-1,-1,-1
346,47343,1031,362,21,8,1,-1,-1,-1
346,47342,614,362,11,11,1,-1,-1,-1
346,47339,1245,362,34,10,1,-1,-1,-1
346,47338,665,362,18,8,1,-1,-1,-1
346,47337,1028,362,17,8,1,-1,-1,-1
346,47336,871,362,22,8,1,-1,-1,-1
346,47334,409,361,70,51,1,-1,-1,-1
346,47329,685,362,17,8,1,-1,-1,-1
346,47325,960,360,31,10,1,-1,-1,-1
346,47320,624,354,31,23,1,-1,-1,-1
346,47315,590,359,16,14,1,-1,-1,-1
346,47309,655,365,16,5,1,-1,-1,-1
346,47306,1170,365,26,6,1,-1,-1,-1
346,47304,620,374,39,30,1,-1,-1,-1
346,47298,947,405,332,147,1,-1,-1,-1
346,47296,720,364,20,6,1,-1,-1,-1
346,47283,705,364,7,6,1,-1,-1,-1
346,47282,1122,364,11,6,1,-1,-1,-1
346,47280,624,382,31,63,1,-1,-1,-1
346,47278,802,364,9,6,1,-1,-1,-1
346,47269,531,366,8,25,1,-1,-1,-1
346,47268,909,364,5,6,1,-1,-1,-1
346,47258,563,370,10,32,1,-1,-1,-1
347,47345,209,360,273,179,1,-1,-1,-1
347,47343,1027,363,23,8,1,-1,-1,-1
347,47342,614,363,11,11,1,-1,-1,-1
347,47339,1243,363,36,10,1,-1,-1,-1
347,47338,665,363,17,8,1,-1,-1,-1
347,47337,1028,363,16,8,1,-1,-1,-1
347,47336,869,363,22,8,1,-1,-1,-1
347,47334,416,362,65,42,1,-1,-1,-1
347,47329,683,363,18,8,1,-1,-1,-1
347,47325,958,361,31,10,1,-1,-1,-1
347,47320,624,355,31,23,1,-1,-1,-1
347,47315,590,360,16,14,1,-1,-1,-1
347,47309,654,365,16,6,1,-1,-1,-1
347,47306,1170,365,26,7,1,-1,-1,-1
347,47304,620,375,39,30,1,-1,-1,-1
347,47298,937,406,342,147,1,-1,-1,-1
347,47296,720,364,20,7,1,-1,-1,-1
347,47284,740,366,4,5,1,-1,-1,-1
347,47283,706,365,6,6,1,-1,-1,-1
347,47282,1122,365,10,7,1,-1,-1,-1
347,47280,624,383,31,62,1,-1,-1,-1
347,47278,800,365,9,6,1,-1,-1,-1
347,47275,1100,365,4,7,1,-1,-1,-1
347,47269,531,366,8,25,1,-1,-1,-1
347,47258,564,370,10,33,1,-1,-1,-1
348,47345,228,360,259,173,1,-1,-1,-1
348,47343,1025,363,23,9,1,-1,-1,-1
348,47342,614,363,11,11,1,-1,-1,-1
348,47339,1242,363,36,11,1,-1,-1,-1
348,47338,663,363,18,8,1,-1,-1,-1
348,47334,419,362,63,29,1,-1,-1,-1
348,47329,682,363,18,8,1,-1,-1,-1
348,47325,956,361,31,10,1,-1,-1,-1
348,47320,624,355,31,23,1,-1,-1,-1
348,47315,590,361,16,13,1,-1,-1,-1
348,47306,1171,366,25,6,1,-1,-1,-1
348,47304,620,376,39,29,1,-1,-1,-1
348,47298,931,407,348,157,1,-1,-1,-1
348,47296,720,365,19,6,1,-1,-1,-1
348,47283,701,365,9,6,1,-1,-1,-1
348,47280,624,383,31,62,1,-1,-1,-1
348,47278,799,365,8,6,1,-1,-1,-1
348,47275,1100,366,7,6,1,-1,-1,-1
348,47269,532,367,8,25,1,-1,-1,-1
348,47268,905,365,6,6,1,-1,-1,-1
348,47258,565,371,10,32,1,-1,-1,-1
349,47345,245,361,246,165,1,-1,-1,-1
349,47343,1024,363,23,9,1,-1,-1,-1
349,47342,614,363,11,11,1,-1,-1,-1
349,47341,589,363,21,9,1,-1,-1,-1
349,47339,1241,363,36,11,1,-1,-1,-1
349,47338,662,363,18,8,1,-1,-1,-1
349,47337,1023,363,18,9,1,-1,-1,-1
349,47336,865,363,20,8,1,-1,-1,-1
349,47334,424,362,60,30,1,-1,-1,-1
349,47329,681,363,18,8,1,-1,-1,-1
349,47325,954,361,31,10,1,-1,-1,-1
349,47320,624,355,31,23,1,-1,-1,-1
349,47315,590,361,16,14,1,-1,-1,-1
349,47309,654,366,14,6,1,-1,-1,-1
349,47306,1172,366,24,6,1,-1,-1,-1
349,47304,620,376,39,29,1,-1,-1,-1
349,47298,927,407,352,164,1,-1,-1,-1
349,47296,717,365,21,6,1,-1,-1,-1
349,47280,624,383,31,62,1,-1,-1,-1
349,47278,796,365,10,5,1,-1,-1,-1
349,47275,1100,366,7,7,1,-1,-1,-1
349,47269,532,367,8,25,1,-1,-1,-1
349,47268,905,365,5,5,1,-1,-1,-1
349,47258,565,371,10,32,1,-1,-1,-1
350,47345,262,360,233,159,1,-1,-1,-1
350,47343,1022,363,23,8,1,-1,-1,-1
350,47342,614,363,11,11,1,-1,-1,-1
350,47341,588,363,21,9,1,-1,-1,-1
350,47339,1239,363,36,10,1,-1,-1,-1
350,47338,661,363,16,8,1,-1,-1,-1
350,47337,1021,363,17,8,1,-1,-1,-1
350,47336,864,363,21,8,1,-1,-1,-1
350,47334,435,362,50,19,1,-1,-1,-1
350,47329,680,363,18,8,1,-1,-1,-1
350,47325,952,361,32,10,1,-1,-1,-1
350,47320,624,355,31,23,1,-1,-1,-1
350,47315,590,360,16,14,1,-1,-1,-1
350,47306,1169,366,27,6,1,-1,-1,-1
350,47304,620,375,39,29,1,-1,-1,-1
350,47298,921,407,358,172,1,-1,-1,-1
350,47296,716,365,21,6,1,-1,-1,-1
350,47284,736,365,5,6,1,-1,-1,-1
350,47283,699,365,8,6,1,-1,-1,-1
350,47282,1119,365,11,6,1,-1,-1,-1
350,47280,624,382,31,62,1,-1,-1,-1
350,47278,795,365,9,6,1,-1,-1,-1
350,47275,1100,365,8,7,1,-1,-1,-1
350,47269,533,366,8,25,1,-1,-1,-1
350,47268,902,365,5,6,1,-1,-1,-1
350,47258,566,370,10,32,1,-1,-1,-1
351,47345,277,359,222,154,1,-1,-1,-1
351,47343,1021,362,22,8,1,-1,-1,-1
351,47342,614,362,11,11,1,-1,-1,-1
351,47341,586,362,21,7,1,-1,-1,-1
351,47339,1238,362,36,10,1,-1,-1,-1
351,47338,660,362,17,8,1,-1,-1,-1
351,47337,1019,362,17,8,1,-1,-1,-1
351,47336,861,362,22,8,1,-1,-1,-1
351,47334,441,361,46,15,1,-1,-1,-1
351,47329,680,362,17,8,1,-1,-1,-1
351,47325,950,360,31,10,1,-1,-1,-1
351,47320,624,354,31,23,1,-1,-1,-1
351,47315,590,359,16,14,1,-1,-1,-1
351,47306,1169,365,27,7,1,-1,-1,-1
351,47304,620,374,39,29,1,-1,-1,-1
351,47298,913,406,366,181,1,-1,-1,-1
351,47296,717,364,19,6,1,-1,-1,-1
351,47284,735,364,4,6,1,-1,-1,-1
351,47283,698,367,9,3,1,-1,-1,-1
351,47282,1118,364,11,7,1,-1,-1,-1
351,47280,624,381,31,61,1,-1,-1,-1
351,47278,793,364,10,6,1,-1,-1,-1
351,47275,1100,365,7,6,1,-1,-1,-1
351,47269,534,365,8,25,1,-1,-1,-1
351,47268,903,364,2,6,1,-1,-1,-1
351,47258,567,369,9,31,1,-1,-1,-1
352,47345,291,358,212,148,1,-1,-1,-1
352,47343,1018,361,22,8,1,-1,-1,-1
352,47342,614,360,11,12,1,-1,-1,-1
352,47339,1237,360,36,11,1,-1,-1,-1
352,47338,658,361,18,8,1,-1,-1,-1
352,47336,859,361,22,8,1,-1,-1,-1
352,47329,680,361,16,8,1,-1,-1,-1
352,47325,948,359,31,10,1,-1,-1,-1
352,47320,624,352,31,24,1,-1,-1,-1
352,47315,590,358,16,14,1,-1,-1,-1
352,47306,1169,363,25,7,1,-1,-1,-1
352,47304,620,373,39,29,1,-1,-1,-1
352,47298,905,405,374,188,1,-1,-1,-1
352,47296,714,362,21,7,1,-1,-1,-1
352,47283,698,363,9,6,1,-1,-1,-1
352,47282,1117,363,8,6,1,-1,-1,-1
352,47280,624,380,31,60,1,-1,-1,-1
352,47278,791,363,10,6,1,-1,-1,-1
352,47275,1099,363,7,7,1,-1,-1,-1
352,47269,534,364,8,24,1,-1,-1,-1
352,47258,567,368,10,31,1,-1,-1,-1
353,47345,305,357,202,143,1,-1,-1,-1
353,47343,1017,359,22,9,1,-1,-1,-1
353,47342,614,359,11,11,1,-1,-1,-1
353,47339,1235,359,36,10,1,-1,-1,-1
353,47338,657,359,18,9,1,-1,-1,-1
353,47336,857,359,21,9,1,-1,-1,-1
353,47329,677,359,18,8,1,-1,-1,-1
353,47325,947,358,29,10,1,-1,-1,-1
353,47320,624,351,31,23,1,-1,-1,-1
353,47315,590,357,16,14,1,-1,-1,-1
353,47306,1177,362,18,6,1,-1,-1,-1
353,47304,620,372,39,29,1,-1,-1,-1
353,47299,1262,363,17,7,1,-1,-1,-1
353,47298,895,404,384,192,1,-1,-1,-1
353,47296,713,361,20,7,1,-1,-1,-1
353,47283,696,361,6,6,1,-1,-1,-1
353,47282,1116,362,10,5,1,-1,-1,-1
353,47280,624,379,31,60,1,-1,-1,-1
353,47278,790,362,9,6,1,-1,-1,-1
353,47275,1099,362,7,7,1,-1,-1,-1
353,47269,535,363,8,23,1,-1,-1,-1
353,47258,568,367,10,30,1,-1,-1,-1
354,47345,317,355,193,139,1,-1,-1,-1
354,47343,1015,358,22,9,1,-1,-1,-1
354,47342,614,358,11,11,1,-1,-1,-1
354,47339,1235,358,35,10,1,-1,-1,-1
354,47338,655,359,18,8,1,-1,-1,-1
354,47337,1014,359,17,8,1,-1,-1,-1
354,47336,855,358,21,9,1,-1,-1,-1
354,47329,676,359,18,7,1,-1,-1,-1
354,47325,943,357,31,10,1,-1,-1,-1
354,47320,624,350,31,24,1,-1,-1,-1
354,47315,590,356,16,14,1,-1,-1,-1
354,47306,1184,361,11,8,1,-1,-1,-1
354,47304,620,371,39,28,1,-1,-1,-1
354,47298,884,403,395,193,1,-1,-1,-1
354,47296,713,360,19,7,1,-1,-1,-1
354,47283,696,361,5,6,1,-1,-1,-1
354,47282,1115,361,11,6,1,-1,-1,-1
354,47280,624,377,31,60,1,-1,-1,-1
354,47278,788,361,10,6,1,-1,-1,-1
354,47275,1098,361,8,7,1,-1,-1,-1
354,47269,536,362,7,23,1,-1,-1,-1
354,47268,895,360,5,6,1,-1,-1,-1
354,47258,569,366,9,29,1,-1,-1,-1
355,47345,329,355,184,133,1,-1,-1,-1
355,47343,1013,358,21,8,1,-1,-1,-1
355,47342,614,358,11,11,1,-1,-1,-1
355,47339,1234,358,34,10,1,-1,-1,-1
355,47338,654,358,18,8,1,-1,-1,-1
355,47337,1012,358,16,8,1,-1,-1,-1
355,47336,852,358,22,8,1,-1,-1,-1
355,47329,675,358,19,8,1,-1,-1,-1
355,47325,941,356,31,10,1,-1,-1,-1
355,47320,624,350,31,23,1,-1,-1,-1
355,47315,591,356,15,13,1,-1,-1,-1
355,47306,1168,362,27,5,1,-1,-1,-1
355,47304,621,370,38,29,1,-1,-1,-1
355,47298,873,402,406,191,1,-1,-1,-1
355,47296,710,360,21,6,1,-1,-1,-1
355,47283,694,360,8,6,1,-1,-1,-1
355,47282,1114,360,11,7,1,-1,-1,-1
355,47280,625,377,29,59,1,-1,-1,-1
355,47278,787,360,9,6,1,-1,-1,-1
355,47275,1098,361,8,6,1,-1,-1,-1
355,47269,536,362,8,23,1,-1,-1,-1
355,47268,893,360,5,6,1,-1,-1,-1
355,47258,570,365,9,30,1,-1,-1,-1
356,47345,340,355,176,129,1,-1,-1,-1
356,47343,1010,358,23,8,1,-1,-1,-1
356,47342,614,358,11,11,1,-1,-1,-1
356,47341,578,358,12,9,1,-1,-1,-1
356,47339,1231,358,36,10,1,-1,-1,-1
356,47338,653,358,17,7,1,-1,-1,-1
356,47336,850,358,22,8,1,-1,-1,-1
356,47329,674,358,18,8,1,-1,-1,-1
356,47325,939,356,31,10,1,-1,-1,-1
356,47320,624,350,31,23,1,-1,-1,-1
356,47315,591,355,15,14,1,-1,-1,-1
356,47306,1168,361,16,6,1,-1,-1,-1
356,47304,621,370,38,28,1,-1,-1,-1
356,47299,1266,361,13,7,1,-1,-1,-1
356,47298,863,402,416,189,1,-1,-1,-1
356,47296,710,360,20,6,1,-1,-1,-1
356,47283,694,360,8,6,1,-1,-1,-1
356,47282,1112,360,12,7,1,-1,-1,-1
356,47280,625,377,29,58,1,-1,-1,-1
356,47278,784,360,10,6,1,-1,-1,-1
356,47275,1097,360,8,7,1,-1,-1,-1
356,47269,537,361,8,24,1,-1,-1,-1
356,47268,891,360,5,6,1,-1,-1,-1
356,47258,570,365,9,29,1,-1,-1,-1
357,47345,350,355,169,126,1,-1,-1,-1
357,47343,1009,358,22,8,1,-1,-1,-1
357,47342,614,358,11,11,1,-1,-1,-1
357,47341,576,358,14,9,1,-1,-1,-1
357,47339,1230,358,35,10,1,-1,-1,-1
357,47338,653,358,16,8,1,-1,-1,-1
357,47337,1008,358,16,8,1,-1,-1,-1
357,47336,848,358,22,8,1,-1,-1,-1
357,47329,673,358,18,8,1,-1,-1,-1
357,47325,937,356,31,10,1,-1,-1,-1
357,47320,625,350,30,23,1,-1,-1,-1
357,47315,591,356,15,13,1,-1,-1,-1
357,47306,1167,361,26,6,1,-1,-1,-1
357,47304,621,370,37,28,1,-1,-1,-1
357,47299,1265,361,14,7,1,-1,-1,-1
357,47298,853,402,426,187,1,-1,-1,-1
357,47296,708,360,21,6,1,-1,-1,-1
357,47283,693,360,8,6,1,-1,-1,-1
357,47282,1112,360,11,6,1,-1,-1,-1
357,47280,625,377,29,58,1,-1,-1,-1
357,47278,784,360,8,6,1,-1,-1,-1
357,47275,1097,361,7,6,1,-1,-1,-1
357,47269,538,362,7,23,1,-1,-1,-1
357,47268,889,360,6,6,1,-1,-1,-1
357,47258,571,365,9,28,1,-1,-1,-1
358,47345,359,356,163,122,1,-1,-1,-1
358,47343,1006,359,23,8,1,-1,-1,-1
358,47342,614,359,11,11,1,-1,-1,-1
358,47341,574,359,16,9,1,-1,-1,-1
358,47339,1228,359,36,10,1,-1,-1,-1
358,47338,653,359,14,8,1,-1,-1,-1
358,47336,846,359,22,8,1,-1,-1,-1
358,47329,671,359,19,8,1,-1,-1,-1
358,47325,935,357,31,10,1,-1,-1,-1
358,47320,625,351,30,23,1,-1,-1,-1
358,47315,591,356,15,14,1,-1,-1,-1
358,47306,1168,361,26,7,1,-1,-1,-1
358,47304,621,371,37,28,1,-1,-1,-1
358,47299,1263,362,16,7,1,-1,-1,-1
358,47298,844,402,435,186,1,-1,-1,-1
358,47296,707,360,21,7,1,-1,-1,-1
358,47283,693,361,9,6,1,-1,-1,-1
358,47282,1110,361,12,7,1,-1,-1,-1
358,47280,625,377,29,58,1,-1,-1,-1
358,47278,781,361,10,6,1,-1,-1,-1
358,47275,1096,361,7,7,1,-1,-1,-1
358,47269,539,362,7,23,1,-1,-1,-1
358,47268,890,361,2,6,1,-1,-1,-1
358,47258,572,366,8,29,1,-1,-1,-1
359,47345,367,357,158,119,1,-1,-1,-1
359,47343,1004,360,23,8,1,-1,-1,-1
359,47342,614,359,11,11,1,-1,-1,-1
359,47341,573,360,17,8,1,-1,-1,-1
359,47339,1232,359,31,11,1,-1,-1,-1
359,47336,844,359,21,9,1,-1,-1,-1
359,47329,670,360,19,8,1,-1,-1,-1
359,47325,933,358,31,10,1,-1,-1,-1
359,47320,625,352,30,23,1,-1,-1,-1
359,47315,591,357,15,14,1,-1,-1,-1
359,47306,1167,362,26,7,1,-1,-1,-1
359,47304,621,371,37,29,1,-1,-1,-1
359,47299,1262,363,17,7,1,-1,-1,-1
359,47298,835,403,444,185,1,-1,-1,-1
359,47296,707,361,19,7,1,-1,-1,-1
359,47283,691,362,9,6,1,-1,-1,-1
359,47282,1109,362,12,5,1,-1,-1,-1
359,47280,625,378,29,57,1,-1,-1,-1
359,47278,780,362,9,6,1,-1,-1,-1
359,47275,1094,362,8,7,1,-1,-1,-1
359,47269,539,363,8,23,1,-1,-1,-1
359,47268,885,362,5,4,1,-1,-1,-1
359,47258,572,366,9,29,1,-1,-1,-1
360,47345,374,358,153,116,1,-1,-1,-1
360,47343,1002,361,24,8,1,-1,-1,-1
360,47342,614,360,11,11,1,-1,-1,-1
360,47341,571,361,19,8,1,-1,-1,-1
360,47339,1244,360,17,10,1,-1,-1,-1
360,47336,842,360,22,9,1,-1,-1,-1
360,47329,669,361,20,8,1,-1,-1,-1
360,47325,933,359,29,10,1,-1,-1,-1
360,47320,625,352,30,24,1,-1,-1,-1
360,47315,591,358,15,14,1,-1,-1,-1
360,47306,1167,363,26,7,1,-1,-1,-1
360,47304,621,372,37,28,1,-1,-1,-1
360,47299,1250,364,26,7,1,-1,-1,-1
360,47298,826,404,453,185,1,-1,-1,-1
360,47296,708,362,17,7,1,-1,-1,-1
360,47283,691,363,9,6,1,-1,-1,-1
360,47282,1108,363,12,5,1,-1,-1,-1
360,47280,625,379,29,57,1,-1,-1,-1
360,47278,778,364,8,5,1,-1,-1,-1
360,47275,1094,363,8,7,1,-1,-1,-1
360,47269,540,364,7,23,1,-1,-1,-1
360,47268,884,362,4,5,1,-1,-1,-1
360,47258,573,367,8,29,1,-1,-1,-1
361,47345,381,359,148,113,1,-1,-1,-1
361,47343,1001,361,23,9,1,-1,-1,-1
361,47342,614,361,11,11,1,-1,-1,-1
361,47341,569,361,21,9,1,-1,-1,-1
361,47339,1225,361,35,11,1,-1,-1,-1
361,47336,840,361,22,9,1,-1,-1,-1
361,47329,668,361,20,8,1,-1,-1,-1
361,47325,937,360,23,10,1,-1,-1,-1
361,47320,624,353,31,24,1,-1,-1,-1
361,47315,591,359,15,13,1,-1,-1,-1
361,47306,1167,364,25,7,1,-1,-1,-1
361,47304,621,373,37,28,1,-1,-1,-1
361,47299,1260,364,17,8,1,-1,-1,-1
361,47298,819,405,460,186,1,-1,-1,-1
361,47296,708,363,17,7,1,-1,-1,-1
361,47283,689,363,10,7,1,-1,-1,-1
361,47282,1107,364,12,5,1,-1,-1,-1
361,47280,625,380,29,56,1,-1,-1,-1
361,47278,776,363,10,7,1,-1,-1,-1
361,47275,1092,364,7,7,1,-1,-1,-1
361,47269,540,365,8,23,1,-1,-1,-1
361,47268,882,363,6,5,1,-1,-1,-1
361,47258,573,368,9,28,1,-1,-1,-1
362,47345,387,359,144,111,1,-1,-1,-1
362,47343,999,362,23,8,1,-1,-1,-1
362,47342,614,362,11,11,1,-1,-1,-1
362,47341,567,362,21,9,1,-1,-1,-1
362,47339,1224,362,27,10,1,-1,-1,-1
362,47336,838,362,22,8,1,-1,-1,-1
362,47329,668,362,18,8,1,-1,-1,-1
362,47325,927,360,31,10,1,-1,-1,-1
362,47320,624,353,31,24,1,-1,-1,-1
362,47315,591,359,15,14,1,-1,-1,-1
362,47306,1167,365,26,6,1,-1,-1,-1
362,47304,621,374,37,28,1,-1,-1,-1
362,47298,811,405,468,187,1,-1,-1,-1
362,47296,708,364,15,6,1,-1,-1,-1
362,47283,691,364,6,6,1,-1,-1,-1
362,47282,1105,364,12,7,1,-1,-1,-1
362,47280,625,380,29,57,1,-1,-1,-1
362,47278,775,364,8,6,1,-1,-1,-1
362,47275,1091,364,9,7,1,-1,-1,-1
362,47269,541,365,7,23,1,-1,-1,-1
362,47268,880,364,6,6,1,-1,-1,-1
362,47258,574,369,8,27,1,-1,-1,-1
363,47345,394,359,139,108,1,-1,-1,-1
363,47343,997,362,23,8,1,-1,-1,-1
363,47342,614,361,11,11,1,-1,-1,-1
363,47341,565,362,21,9,1,-1,-1,-1
363,47339,1223,361,35,11,1,-1,-1,-1
363,47336,836,361,22,9,1,-1,-1,-1
363,47329,668,362,16,8,1,-1,-1,-1
363,47325,925,360,31,10,1,-1,-1,-1
363,47320,624,353,31,24,1,-1,-1,-1
363,47315,591,359,15,14,1,-1,-1,-1
363,47306,1167,364,26,7,1,-1,-1,-1
363,47304,621,373,38,29,1,-1,-1,-1
363,47298,805,405,474,188,1,-1,-1,-1
363,47296,702,363,21,7,1,-1,-1,-1
363,47283,688,364,9,6,1,-1,-1,-1
363,47282,1105,364,10,5,1,-1,-1,-1
363,47280,625,380,29,57,1,-1,-1,-1
363,47278,774,364,9,6,1,-1,-1,-1
363,47275,1091,364,7,7,1,-1,-1,-1
363,47269,541,365,8,22,1,-1,-1,-1
363,47268,878,363,4,5,1,-1,-1,-1
363,47258,574,368,9,28,1,-1,-1,-1
364,47345,400,359,135,105,1,-1,-1,-1
364,47343,995,361,23,8,1,-1,-1,-1
364,47342,614,361,11,11,1,-1,-1,-1
364,47341,563,361,21,9,1,-1,-1,-1
364,47339,1222,361,35,10,1,-1,-1,-1
364,47336,834,361,22,8,1,-1,-1,-1
364,47329,665,361,19,8,1,-1,-1,-1
364,47325,923,359,31,10,1,-1,-1,-1
364,47320,624,352,31,24,1,-1,-1,-1
364,47315,591,358,15,14,1,-1,-1,-1
364,47306,1166,364,27,7,1,-1,-1,-1
364,47304,621,373,38,28,1,-1,-1,-1
364,47299,1256,364,18,7,1,-1,-1,-1
364,47298,800,405,479,189,1,-1,-1,-1
364,47296,702,363,19,6,1,-1,-1,-1
364,47284,721,364,5,5,1,-1,-1,-1
364,47283,688,363,8,6,1,-1,-1,-1
364,47282,1104,363,11,7,1,-1,-1,-1
364,47280,625,379,29,58,1,-1,-1,-1
364,47278,772,363,10,6,1,-1,-1,-1
364,47275,1089,364,8,6,1,-1,-1,-1
364,47269,542,364,7,23,1,-1,-1,-1
364,47268,876,363,5,6,1,-1,-1,-1
364,47258,575,367,8,27,1,-1,-1,-1
365,47345,406,358,131,102,1,-1,-1,-1
365,47343,993,360,22,8,1,-1,-1,-1
365,47342,614,360,11,11,1,-1,-1,-1
365,47341,561,360,21,9,1,-1,-1,-1
365,47339,1221,360,35,10,1,-1,-1,-1
365,47336,832,360,22,8,1,-1,-1,-1
365,47329,664,360,19,8,1,-1,-1,-1
365,47325,921,358,21,10,1,-1,-1,-1
365,47320,624,352,31,23,1,-1,-1,-1
365,47315,591,357,15,14,1,-1,-1,-1
365,47306,1166,363,27,7,1,-1,-1,-1
365,47304,621,372,38,28,1,-1,-1,-1
365,47299,1255,363,18,7,1,-1,-1,-1
365,47298,795,404,484,190,1,-1,-1,-1
365,47296,700,362,21,6,1,-1,-1,-1
365,47283,690,362,5,6,1,-1,-1,-1
365,47282,1103,362,11,7,1,-1,-1,-1
365,47280,625,379,29,57,1,-1,-1,-1
365,47278,770,362,10,6,1,-1,-1,-1
365,47275,1087,363,9,6,1,-1,-1,-1
365,47269,543,363,7,22,1,-1,-1,-1
365,47268,874,362,6,6,1,-1,-1,-1
365,47258,576,366,8,28,1,-1,-1,-1
366,47345,412,357,127,100,1,-1,-1,-1
366,47343,991,359,22,8,1,-1,-1,-1
366,47342,614,359,11,11,1,-1,-1,-1
366,47341,559,359,21,9,1,-1,-1,-1
366,47339,1220,359,34,10,1,-1,-1,-1
366,47336,830,359,22,8,1,-1,-1,-1
366,47329,663,359,19,8,1,-1,-1,-1
366,47325,919,357,27,10,1,-1,-1,-1
366,47320,624,351,31,23,1,-1,-1,-1
366,47315,591,356,15,14,1,-1,-1,-1
366,47306,1167,362,26,6,1,-1,-1,-1
366,47304,621,371,38,29,1,-1,-1,-1
366,47299,1254,362,18,7,1,-1,-1,-1
366,47298,790,403,489,192,1,-1,-1,-1
366,47296,700,361,20,6,1,-1,-1,-1
366,47283,688,361,6,6,1,-1,-1,-1
366,47282,1100,361,12,6,1,-1,-1,-1
366,47280,625,377,29,58,1,-1,-1,-1
366,47278,770,361,9,6,1,-1,-1,-1
366,47275,1087,362,8,6,1,-1,-1,-1
366,47269,543,362,7,23,1,-1,-1,-1
366,47268,872,361,6,4,1,-1,-1,-1
366,47258,576,365,8,26,1,-1,-1,-1
367,47345,418,357,123,96,1,-1,-1,-1
367,47343,989,358,23,8,1,-1,-1,-1
367,47342,614,358,11,11,1,-1,-1,-1
367,47341,557,358,21,9,1,-1,-1,-1
367,47339,1219,358,33,10,1,-1,-1,-1
367,47336,828,358,22,8,1,-1,-1,-1
367,47329,662,358,16,8,1,-1,-1,-1
367,47325,917,356,30,9,1,-1,-1,-1
367,47320,624,350,31,23,1,-1,-1,-1
367,47315,591,356,15,13,1,-1,-1,-1
367,47306,1168,361,24,6,1,-1,-1,-1
367,47304,620,370,39,29,1,-1,-1,-1
367,47299,1253,361,18,7,1,-1,-1,-1
367,47298,786,403,493,192,1,-1,-1,-1
367,47296,698,360,22,6,1,-1,-1,-1
367,47283,683,360,9,6,1,-1,-1,-1
367,47282,1099,360,12,7,1,-1,-1,-1
367,47280,625,377,29,58,1,-1,-1,-1
367,47278,767,360,10,6,1,-1,-1,-1
367,47275,1084,361,9,6,1,-1,-1,-1
367,47269,544,361,7,22,1,-1,-1,-1
367,47268,870,361,6,4,1,-1,-1,-1
367,47258,577,365,8,26,1,-1,-1,-1
368,47345,424,356,119,94,1,-1,-1,-1
368,47343,987,357,22,9,1,-1,-1,-1
368,47342,614,357,11,11,1,-1,-1,-1
368,47341,555,357,21,10,1,-1,-1,-1
368,47339,1218,357,34,11,1,-1,-1,-1
368,47336,826,357,22,9,1,-1,-1,-1
368,47329,661,357,17,9,1,-1,-1,-1
368,47325,914,356,31,10,1,-1,-1,-1
368,47320,624,349,31,24,1,-1,-1,-1
368,47315,591,355,15,13,1,-1,-1,-1
368,47306,1166,360,26,7,1,-1,-1,-1
368,47304,620,369,39,29,1,-1,-1,-1
368,47299,1244,361,26,7,1,-1,-1,-1
368,47298,782,402,497,194,1,-1,-1,-1
368,47296,700,359,19,7,1,-1,-1,-1
368,47284,713,362,9,4,1,-1,-1,-1
368,47283,682,359,10,7,1,-1,-1,-1
368,47282,1100,360,8,4,1,-1,-1,-1
368,47280,625,376,29,58,1,-1,-1,-1
368,47278,766,359,10,7,1,-1,-1,-1
368,47275,1083,360,9,7,1,-1,-1,-1
368,47269,544,361,7,22,1,-1,-1,-1
368,47268,870,359,3,5,1,-1,-1,-1
368,47258,577,364,8,25,1,-1,-1,-1
369,47345,430,356,115,92,1,-1,-1,-1
369,47343,985,357,22,8,1,-1,-1,-1
369,47342,614,357,11,11,1,-1,-1,-1
369,47341,553,357,21,9,1,-1,-1,-1
369,47339,1217,357,34,10,1,-1,-1,-1
369,47336,824,357,22,8,1,-1,-1,-1
369,47329,659,357,19,8,1,-1,-1,-1
369,47325,912,355,32,10,1,-1,-1,-1
369,47320,624,349,31,23,1,-1,-1,-1
369,47315,591,355,15,13,1,-1,-1,-1
369,47306,1165,360,25,7,1,-1,-1,-1
369,47304,620,369,39,29,1,-1,-1,-1
369,47299,1250,360,19,7,1,-1,-1,-1
369,47298,778,402,501,194,1,-1,-1,-1
369,47296,696,359,22,6,1,-1,-1,-1
369,47283,681,359,9,6,1,-1,-1,-1
369,47282,1097,359,11,7,1,-1,-1,-1
369,47280,625,375,29,58,1,-1,-1,-1
369,47278,764,359,10,6,1,-1,-1,-1
369,47275,1080,360,10,6,1,-1,-1,-1
369,47269,545,360,7,22,1,-1,-1,-1
369,47268,867,359,5,5,1,-1,-1,-1
369,47258,578,364,8,26,1,-1,-1,-1
370,47345,435,356,112,89,1,-1,-1,-1
370,47343,982,357,22,8,1,-1,-1,-1
370,47342,614,357,11,11,1,-1,-1,-1
370,47341,551,357,21,9,1,-1,-1,-1
370,47339,1215,357,34,10,1,-1,-1,-1
370,47336,822,357,22,8,1,-1,-1,-1
370,47329,658,357,20,8,1,-1,-1,-1
370,47325,910,355,32,10,1,-1,-1,-1
370,47320,624,349,31,23,1,-1,-1,-1
370,47315,591,355,15,13,1,-1,-1,-1
370,47306,1165,360,26,6,1,-1,-1,-1
370,47304,620,369,39,29,1,-1,-1,-1
370,47299,1249,360,19,7,1,-1,-1,-1
370,47298,773,402,502,195,1,-1,-1,-1
370,47296,696,359,21,6,1,-1,-1,-1
370,47283,681,359,7,6,1,-1,-1,-1
370,47282,1094,359,12,7,1,-1,-1,-1
370,47280,625,375,29,59,1,-1,-1,-1
370,47278,765,359,8,6,1,-1,-1,-1
370,47275,1079,360,9,6,1,-1,-1,-1
370,47269,546,360,7,21,1,-1,-1,-1
370,47268,864,359,6,6,1,-1,-1,-1
370,47258,578,363,8,26,1,-1,-1,-1
371,47345,441,356,108,88,1,-1,-1,-1
371,47343,980,357,23,9,1,-1,-1,-1
371,47342,614,357,11,11,1,-1,-1,-1
371,47341,550,357,20,10,1,-1,-1,-1
371,47339,1215,357,33,11,1,-1,-1,-1
371,47336,820,357,22,9,1,-1,-1,-1
371,47329,657,357,20,9,1,-1,-1,-1
371,47325,908,356,31,10,1,-1,-1,-1
371,47320,624,350,31,23,1,-1,-1,-1
371,47315,592,355,14,13,1,-1,-1,-1
371,47306,1166,360,25,7,1,-1,-1,-1
371,47304,620,370,39,28,1,-1,-1,-1
371,47299,1240,360,27,8,1,-1,-1,-1
371,47298,769,403,499,195,1,-1,-1,-1
371,47296,694,359,22,7,1,-1,-1,-1
371,47284,710,362,7,4,1,-1,-1,-1
371,47283,678,360,10,6,1,-1,-1,-1
371,47282,1093,360,11,4,1,-1,-1,-1
371,47280,625,376,29,57,1,-1,-1,-1
371,47275,1077,360,10,6,1,-1,-1,-1
371,47269,546,361,7,21,1,-1,-1,-1
371,47258,579,364,8,25,1,-1,-1,-1
372,47345,446,357,105,85,1,-1,-1,-1
372,47343,984,358,16,8,1,-1,-1,-1
372,47342,614,358,11,11,1,-1,-1,-1
372,47341,546,358,22,9,1,-1,-1,-1
372,47339,1213,358,34,10,1,-1,-1,-1
372,47336,818,358,22,8,1,-1,-1,-1
372,47329,656,358,19,8,1,-1,-1,-1
372,47325,906,356,31,10,1,-1,-1,-1
372,47320,624,350,31,23,1,-1,-1,-1
372,47315,591,356,16,13,1,-1,-1,-1
372,47306,1164,361,27,6,1,-1,-1,-1
372,47304,620,370,39,29,1,-1,-1,-1
372,47299,1246,361,21,7,1,-1,-1,-1
372,47298,764,403,496,196,1,-1,-1,-1
372,47296,694,360,20,6,1,-1,-1,-1
372,47283,677,360,10,6,1,-1,-1,-1
372,47282,1091,360,12,7,1,-1,-1,-1
372,47280,625,377,29,57,1,-1,-1,-1
372,47278,760,362,10,4,1,-1,-1,-1
372,47275,1076,361,10,6,1,-1,-1,-1
372,47269,547,361,7,21,1,-1,-1,-1
372,47268,863,360,3,6,1,-1,-1,-1
372,47258,579,364,8,25,1,-1,-1,-1
373,47345,450,358,103,83,1,-1,-1,-1
373,47342,615,359,10,11,1,-1,-1,-1
373,47341,544,359,22,9,1,-1,-1,-1
373,47339,1212,359,31,10,1,-1,-1,-1
373,47336,817,359,22,8,1,-1,-1,-1
373,47329,655,359,19,8,1,-1,-1,-1
373,47325,904,357,30,10,1,-1,-1,-1
373,47320,624,351,31,23,1,-1,-1,-1
373,47315,591,356,15,14,1,-1,-1,-1
373,47306,1164,362,27,7,1,-1,-1,-1
373,47304,620,371,39,29,1,-1,-1,-1
373,47299,1235,362,31,7,1,-1,-1,-1
373,47298,759,404,492,196,1,-1,-1,-1
373,47296,692,361,22,6,1,-1,-1,-1
373,47283,675,363,9,4,1,-1,-1,-1
373,47282,1089,361,12,7,1,-1,-1,-1
373,47280,625,377,29,57,1,-1,-1,-1
373,47275,1074,362,10,6,1,-1,-1,-1
373,47269,548,362,6,21,1,-1,-1,-1
373,47268,860,361,3,6,1,-1,-1,-1
373,47258,580,365,8,25,1,-1,-1,-1
374,47345,455,359,99,81,1,-1,-1,-1
374,47343,974,360,22,8,1,-1,-1,-1
374,47342,614,360,11,10,1,-1,-1,-1
374,47341,543,360,21,9,1,-1,-1,-1
374,47339,1211,360,34,10,1,-1,-1,-1
374,47336,815,360,22,8,1,-1,-1,-1
374,47329,653,360,19,8,1,-1,-1,-1
374,47325,902,358,30,10,1,-1,-1,-1
374,47320,624,352,31,25,1,-1,-1,-1
374,47315,591,357,16,14,1,-1,-1,-1
374,47306,1164,362,24,7,1,-1,-1,-1
374,47304,620,372,39,29,1,-1,-1,-1
374,47299,1235,363,31,7,1,-1,-1,-1
374,47298,753,405,488,196,1,-1,-1,-1
374,47296,692,361,21,7,1,-1,-1,-1
374,47283,674,363,10,5,1,-1,-1,-1
374,47282,1088,362,12,4,1,-1,-1,-1
374,47280,625,378,29,57,1,-1,-1,-1
374,47278,757,363,5,5,1,-1,-1,-1
374,47275,1072,362,8,7,1,-1,-1,-1
374,47269,548,363,7,21,1,-1,-1,-1
374,47268,857,362,4,6,1,-1,-1,-1
374,47258,581,366,7,24,1,-1,-1,-1
375,47345,459,359,97,80,1,-1,-1,-1
375,47343,971,360,13,8,1,-1,-1,-1
375,47342,615,360,10,11,1,-1,-1,-1
375,47341,541,360,20,9,1,-1,-1,-1
375,47339,1210,360,34,10,1,-1,-1,-1
375,47336,813,360,22,9,1,-1,-1,-1
375,47329,653,360,18,8,1,-1,-1,-1
375,47325,901,358,29,11,1,-1,-1,-1
375,47320,624,352,31,23,1,-1,-1,-1
375,47315,591,358,15,13,1,-1,-1,-1
375,47306,1165,363,24,6,1,-1,-1,-1
375,47304,620,372,39,29,1,-1,-1,-1
375,47299,1244,363,22,8,1,-1,-1,-1
375,47298,747,406,482,195,1,-1,-1,-1
375,47296,692,362,19,7,1,-1,-1,-1
375,47283,673,362,10,7,1,-1,-1,-1
375,47282,1086,362,12,7,1,-1,-1,-1
375,47280,625,379,29,56,1,-1,-1,-1
375,47278,757,362,9,7,1,-1,-1,-1
375,47275,1070,363,10,6,1,-1,-1,-1
375,47269,549,363,6,21,1,-1,-1,-1
375,47258,581,366,8,25,1,-1,-1,-1
376,47345,463,359,94,78,1,-1,-1,-1
376,47343,969,360,20,9,1,-1,-1,-1
376,47342,615,360,10,11,1,-1,-1,-1
376,47341,540,360,19,9,1,-1,-1,-1
376,47339,1211,360,32,10,1,-1,-1,-1
376,47336,811,360,22,9,1,-1,-1,-1
376,47329,653,360,17,9,1,-1,-1,-1
376,47325,897,358,31,11,1,-1,-1,-1
376,47320,624,353,31,22,1,-1,-1,-1
376,47315,592,358,14,13,1,-1,-1,-1
376,47306,1163,363,27,6,1,-1,-1,-1
376,47304,620,372,39,29,1,-1,-1,-1
376,47299,1233,363,29,8,1,-1,-1,-1
376,47298,741,406,475,195,1,-1,-1,-1
376,47296,692,362,19,6,1,-1,-1,-1
376,47283,672,362,10,7,1,-1,-1,-1
376,47282,1085,362,11,7,1,-1,-1,-1
376,47280,625,379,29,57,1,-1,-1,-1
376,47278,754,362,9,7,1,-1,-1,-1
376,47275,1068,363,9,6,1,-1,-1,-1
376,47269,550,363,6,21,1,-1,-1,-1
376,47258,582,366,7,24,1,-1,-1,-1
377,47345,467,359,92,76,1,-1,-1,-1
377,47343,967,360,22,8,1,-1,-1,-1
377,47342,615,360,10,10,1,-1,-1,-1
377,47341,538,360,19,7,1,-1,-1,-1
377,47339,1209,360,33,11,1,-1,-1,-1
377,47336,810,360,21,7,1,-1,-1,-1
377,47334,471,359,15,24,1,-1,-1,-1
377,47329,653,360,15,8,1,-1,-1,-1
377,47325,895,358,31,10,1,-1,-1,-1
377,47320,624,352,31,25,1,-1,-1,-1
377,47315,591,357,15,14,1,-1,-1,-1
377,47306,1163,363,27,6,1,-1,-1,-1
377,47304,620,372,39,29,1,-1,-1,-1
377,47299,1234,363,30,7,1,-1,-1,-1
377,47298,736,405,468,194,1,-1,-1,-1
377,47296,689,362,21,6,1,-1,-1,-1
377,47283,672,362,10,6,1,-1,-1,-1
377,47282,1083,362,12,7,1,-1,-1,-1
377,47280,625,379,29,57,1,-1,-1,-1
377,47278,754,362,9,6,1,-1,-1,-1
377,47275,1067,363,9,6,1,-1,-1,-1
377,47269,551,363,5,13,1,-1,-1,-1
377,47268,852,362,4,6,1,-1,-1,-1
377,47258,582,366,7,24,1,-1,-1,-1
378,47345,471,358,89,75,1,-1,-1,-1
378,47343,965,359,23,9,1,-1,-1,-1
378,47342,615,359,10,11,1,-1,-1,-1
378,47341,538,359,17,6,1,-1,-1,-1
378,47339,1207,359,34,11,1,-1,-1,-1
378,47338,611,359,15,9,1,-1,-1,-1
378,47336,807,359,22,9,1,-1,-1,-1
378,47334,472,358,21,35,1,-1,-1,-1
378,47329,653,359,13,9,1,-1,-1,-1
378,47325,893,357,30,11,1,-1,-1,-1
378,47320,624,352,31,22,1,-1,-1,-1
378,47315,591,357,15,13,1,-1,-1,-1
378,47306,1162,362,27,7,1,-1,-1,-1
378,47304,620,371,39,29,1,-1,-1,-1
378,47299,1241,362,23,8,1,-1,-1,-1
378,47298,731,404,461,194,1,-1,-1,-1
378,47296,689,361,17,7,1,-1,-1,-1
378,47283,671,361,8,7,1,-1,-1,-1
378,47282,1081,361,12,7,1,-1,-1,-1
378,47280,625,378,29,58,1,-1,-1,-1
378,47278,754,362,7,6,1,-1,-1,-1
378,47275,1065,362,9,6,1,-1,-1,-1
378,47269,553,362,4,14,1,-1,-1,-1
378,47268,848,361,5,6,1,-1,-1,-1
378,47258,583,365,7,23,1,-1,-1,-1
379,47345,474,357,88,73,1,-1,-1,-1
379,47343,963,358,22,9,1,-1,-1,-1
379,47342,615,358,10,11,1,-1,-1,-1
379,47339,1207,358,33,10,1,-1,-1,-1
379,47338,609,358,17,9,1,-1,-1,-1
379,47336,805,358,23,9,1,-1,-1,-1
379,47334,473,357,23,37,1,-1,-1,-1
379,47325,890,357,31,10,1,-1,-1,-1
379,47320,624,351,31,23,1,-1,-1,-1
379,47315,591,356,15,13,1,-1,-1,-1
379,47306,1162,361,25,7,1,-1,-1,-1
379,47304,620,371,39,28,1,-1,-1,-1
379,47299,1240,362,23,7,1,-1,-1,-1
379,47298,726,403,454,193,1,-1,-1,-1
379,47296,687,360,19,7,1,-1,-1,-1
379,47284,702,363,9,4,1,-1,-1,-1
379,47283,671,361,8,6,1,-1,-1,-1
379,47282,1081,361,10,6,1,-1,-1,-1
379,47280,625,377,29,58,1,-1,-1,-1
379,47278,750,361,10,6,1,-1,-1,-1
379,47275,1061,361,11,6,1,-1,-1,-1
379,47269,553,362,4,11,1,-1,-1,-1
379,47268,847,360,3,7,1,-1,-1,-1
379,47258,583,364,7,24,1,-1,-1,-1
380,47345,478,356,85,72,1,-1,-1,-1
380,47343,961,358,22,8,1,-1,-1,-1
380,47342,615,357,10,11,1,-1,-1,-1
380,47339,1206,358,32,11,1,-1,-1,-1
380,47338,607,358,19,8,1,-1,-1,-1
380,47337,960,360,18,6,1,-1,-1,-1
380,47336,803,358,23,8,1,-1,-1,-1
380,47334,475,357,17,40,1,-1,-1,-1
380,47325,888,356,31,10,1,-1,-1,-1
380,47320,624,350,31,23,1,-1,-1,-1
380,47315,591,355,15,14,1,-1,-1,-1
380,47306,1163,360,25,8,1,-1,-1,-1
380,47304,620,370,39,29,1,-1,-1,-1
380,47299,1231,361,32,8,1,-1,-1,-1
380,47298,722,402,447,191,1,-1,-1,-1
380,47296,689,359,17,7,1,-1,-1,-1
380,47283,670,360,9,6,1,-1,-1,-1
380,47282,1077,360,12,6,1,-1,-1,-1
380,47280,625,376,29,58,1,-1,-1,-1
380,47278,749,360,10,6,1,-1,-1,-1
380,47275,1059,360,11,6,1,-1,-1,-1
380,47269,554,361,4,7,1,-1,-1,-1
380,47268,845,360,5,6,1,-1,-1,-1
380,47258,583,363,8,23,1,-1,-1,-1
381,47345,481,355,83,71,1,-1,-1,-1
381,47343,958,357,23,8,1,-1,-1,-1
381,47342,615,357,10,11,1,-1,-1,-1
381,47339,1204,357,32,11,1,-1,-1,-1
381,47338,606,357,19,9,1,-1,-1,-1
381,47336,802,357,22,7,1,-1,-1,-1
381,47334,477,356,18,41,1,-1,-1,-1
381,47325,886,355,31,10,1,-1,-1,-1
381,47320,624,349,31,23,1,-1,-1,-1
381,47315,591,355,15,13,1,-1,-1,-1
381,47306,1160,360,27,6,1,-1,-1,-1
381,47304,620,369,39,29,1,-1,-1,-1
381,47299,1235,360,27,8,1,-1,-1,-1
381,47298,717,401,442,191,1,-1,-1,-1
381,47296,689,359,17,6,1,-1,-1,-1
381,47283,670,359,9,6,1,-1,-1,-1
381,47282,1076,359,10,7,1,-1,-1,-1
381,47280,625,375,29,58,1,-1,-1,-1
381,47278,748,359,8,5,1,-1,-1,-1
381,47275,1059,360,8,6,1,-1,-1,-1
381,47269,555,360,3,7,1,-1,-1,-1
381,47268,844,359,4,6,1,-1,-1,-1
381,47258,584,363,7,23,1,-1,-1,-1
382,47345,485,354,81,69,1,-1,-1,-1
382,47343,956,356,23,6,1,-1,-1,-1
382,47342,615,356,10,11,1,-1,-1,-1
382,47339,1205,356,31,10,1,-1,-1,-1
382,47336,800,356,22,7,1,-1,-1,-1
382,47334,479,355,18,40,1,-1,-1,-1
382,47325,884,354,30,10,1,-1,-1,-1
382,47320,624,348,31,23,1,-1,-1,-1
382,47315,592,353,14,14,1,-1,-1,-1
382,47306,1159,359,27,6,1,-1,-1,-1
382,47304,621,368,38,28,1,-1,-1,-1
382,47299,1234,359,26,7,1,-1,-1,-1
382,47298,713,400,434,189,1,-1,-1,-1
382,47296,689,358,18,6,1,-1,-1,-1
382,47283,669,358,10,6,1,-1,-1,-1
382,47282,1073,358,10,7,1,-1,-1,-1
382,47280,625,374,29,57,1,-1,-1,-1
382,47278,747,358,9,4,1,-1,-1,-1
382,47275,1054,359,10,6,1,-1,-1,-1
382,47269,555,359,4,6,1,-1,-1,-1
382,47268,842,358,4,6,1,-1,-1,-1
382,47263,1275,358,4,8,1,-1,-1,-1
382,47258,585,362,6,21,1,-1,-1,-1
383,47345,488,351,79,68,1,-1,-1,-1
383,47343,954,353,22,7,1,-1,-1,-1
383,47342,615,353,10,11,1,-1,-1,-1
383,47339,1202,353,32,11,1,-1,-1,-1
383,47336,798,353,22,7,1,-1,-1,-1
383,47334,481,352,20,40,1,-1,-1,-1
383,47325,881,351,31,10,1,-1,-1,-1
383,47320,624,345,31,23,1,-1,-1,-1
383,47315,592,351,15,13,1,-1,-1,-1
383,47306,1158,356,27,7,1,-1,-1,-1
383,47304,621,365,38,28,1,-1,-1,-1
383,47299,1233,356,26,8,1,-1,-1,-1
383,47298,709,397,423,185,1,-1,-1,-1
383,47296,684,355,21,6,1,-1,-1,-1
383,47283,668,355,10,6,1,-1,-1,-1
383,47282,1072,355,10,7,1,-1,-1,-1
383,47280,625,372,29,56,1,-1,-1,-1
383,47278,745,355,9,4,1,-1,-1,-1
383,47275,1052,356,9,6,1,-1,-1,-1
383,47263,1272,355,7,9,1,-1,-1,-1
383,47258,585,359,7,22,1,-1,-1,-1
384,47345,492,349,77,66,1,-1,-1,-1
384,47343,951,351,23,8,1,-1,-1,-1
384,47342,615,350,10,11,1,-1,-1,-1
384,47339,1201,350,32,10,1,-1,-1,-1
384,47337,951,353,18,6,1,-1,-1,-1
384,47336,797,351,21,8,1,-1,-1,-1
384,47334,483,350,20,39,1,-1,-1,-1
384,47325,879,349,31,10,1,-1,-1,-1
384,47320,625,343,30,23,1,-1,-1,-1
384,47315,592,348,15,13,1,-1,-1,-1
384,47306,1157,353,27,6,1,-1,-1,-1
384,47304,621,362,38,29,1,-1,-1,-1
384,47299,1233,354,25,7,1,-1,-1,-1
384,47298,705,394,408,180,1,-1,-1,-1
384,47296,684,352,20,7,1,-1,-1,-1
384,47283,668,353,10,6,1,-1,-1,-1
384,47282,1070,353,10,6,1,-1,-1,-1
384,47280,625,369,29,56,1,-1,-1,-1
384,47278,743,353,10,6,1,-1,-1,-1
384,47275,1047,353,10,6,1,-1,-1,-1
384,47268,837,352,5,7,1,-1,-1,-1
384,47263,1275,352,4,9,1,-1,-1,-1
384,47258,586,356,7,23,1,-1,-1,-1
385,47345,496,349,74,64,1,-1,-1,-1
385,47343,949,350,23,9,1,-1,-1,-1
385,47342,615,350,10,11,1,-1,-1,-1
385,47339,1200,350,31,10,1,-1,-1,-1
385,47336,794,350,22,9,1,-1,-1,-1
385,47334,485,349,22,39,1,-1,-1,-1
385,47325,876,349,31,10,1,-1,-1,-1
385,47320,625,343,30,23,1,-1,-1,-1
385,47315,592,348,15,13,1,-1,-1,-1
385,47306,1156,353,27,6,1,-1,-1,-1
385,47304,621,362,37,28,1,-1,-1,-1
385,47299,1231,354,23,7,1,-1,-1,-1
385,47298,700,393,395,176,1,-1,-1,-1
385,47296,684,352,20,7,1,-1,-1,-1
385,47283,666,353,11,6,1,-1,-1,-1
385,47282,1067,353,11,6,1,-1,-1,-1
385,47280,626,369,28,54,1,-1,-1,-1
385,47278,742,353,10,6,1,-1,-1,-1
385,47275,1044,353,11,6,1,-1,-1,-1
385,47263,1267,352,10,8,1,-1,-1,-1
385,47258,586,356,7,22,1,-1,-1,-1
386,47345,499,350,72,63,1,-1,-1,-1
386,47343,947,351,22,9,1,-1,-1,-1
386,47342,615,351,10,11,1,-1,-1,-1
386,47339,1197,351,32,10,1,-1,-1,-1
386,47336,792,351,22,9,1,-1,-1,-1
386,47334,487,350,24,39,1,-1,-1,-1
386,47325,874,349,31,11,1,-1,-1,-1
386,47320,625,344,30,23,1,-1,-1,-1
386,47315,592,349,15,13,1,-1,-1,-1
386,47306,1154,354,27,6,1,-1,-1,-1
386,47304,621,363,37,28,1,-1,-1,-1
386,47299,1229,354,25,8,1,-1,-1,-1
386,47298,696,393,380,171,1,-1,-1,-1
386,47296,684,353,19,7,1,-1,-1,-1
386,47283,666,353,10,7,1,-1,-1,-1
386,47282,1065,353,10,7,1,-1,-1,-1
386,47280,626,369,27,54,1,-1,-1,-1
386,47278,740,353,10,7,1,-1,-1,-1
386,47275,1041,354,8,6,1,-1,-1,-1
386,47268,832,353,6,5,1,-1,-1,-1
386,47263,1264,353,9,9,1,-1,-1,-1
386,47258,587,357,7,22,1,-1,-1,-1
387,47345,502,351,71,62,1,-1,-1,-1
387,47343,944,352,23,9,1,-1,-1,-1
387,47342,615,352,10,11,1,-1,-1,-1
387,47339,1195,352,32,12,1,-1,-1,-1
387,47336,790,352,23,9,1,-1,-1,-1
387,47334,489,352,23,37,1,-1,-1,-1
387,47325,871,351,31,10,1,-1,-1,-1
387,47320,625,345,29,23,1,-1,-1,-1
387,47315,592,350,15,13,1,-1,-1,-1
387,47306,1153,355,27,6,1,-1,-1,-1
387,47304,621,364,37,28,1,-1,-1,-1
387,47299,1228,355,24,8,1,-1,-1,-1
387,47298,691,393,367,167,1,-1,-1,-1
387,47296,684,354,19,7,1,-1,-1,-1
387,47283,665,355,10,6,1,-1,-1,-1
387,47282,1062,354,11,7,1,-1,-1,-1
387,47280,626,370,27,53,1,-1,-1,-1
387,47278,740,355,9,6,1,-1,-1,-1
387,47275,1038,355,9,6,1,-1,-1,-1
387,47268,832,354,3,5,1,-1,-1,-1
387,47263,1264,354,9,9,1,-1,-1,-1
387,47258,588,358,6,21,1,-1,-1,-1
388,47345,506,352,68,61,1,-1,-1,-1
388,47343,942,354,22,8,1,-1,-1,-1
388,47342,615,354,10,10,1,-1,-1,-1
388,47339,1194,353,32,10,1,-1,-1,-1
388,47338,590,354,21,8,1,-1,-1,-1
388,47336,788,354,23,8,1,-1,-1,-1
388,47334,491,353,25,37,1,-1,-1,-1
388,47325,869,352,30,10,1,-1,-1,-1
388,47320,625,346,29,23,1,-1,-1,-1
388,47315,592,351,15,13,1,-1,-1,-1
388,47306,1151,356,28,6,1,-1,-1,-1
388,47304,621,365,37,27,1,-1,-1,-1
388,47299,1226,357,24,7,1,-1,-1,-1
388,47298,686,393,353,163,1,-1,-1,-1
388,47296,684,355,18,7,1,-1,-1,-1
388,47283,664,356,10,6,1,-1,-1,-1
388,47282,1060,356,11,6,1,-1,-1,-1
388,47280,626,371,27,53,1,-1,-1,-1
388,47278,740,356,8,6,1,-1,-1,-1
388,47275,1036,356,9,6,1,-1,-1,-1
388,47268,828,356,6,6,1,-1,-1,-1
388,47263,1263,355,6,9,1,-1,-1,-1
388,47258,588,359,7,22,1,-1,-1,-1
389,47345,509,354,66,58,1,-1,-1,-1
389,47343,939,355,23,8,1,-1,-1,-1
389,47342,615,355,10,10,1,-1,-1,-1
389,47339,1192,355,32,11,1,-1,-1,-1
389,47338,588,355,20,7,1,-1,-1,-1
389,47336,787,355,22,8,1,-1,-1,-1
389,47334,493,354,26,37,1,-1,-1,-1
389,47325,867,353,30,10,1,-1,-1,-1
389,47320,625,347,29,23,1,-1,-1,-1
389,47315,592,352,15,13,1,-1,-1,-1
389,47306,1150,357,27,7,1,-1,-1,-1
389,47304,622,366,36,27,1,-1,-1,-1
389,47299,1224,358,24,7,1,-1,-1,-1
389,47298,681,394,339,157,1,-1,-1,-1
389,47296,680,356,22,7,1,-1,-1,-1
389,47283,663,357,10,6,1,-1,-1,-1
389,47282,1057,357,11,6,1,-1,-1,-1
389,47280,626,372,27,52,1,-1,-1,-1
389,47278,736,357,10,4,1,-1,-1,-1
389,47275,1034,357,8,6,1,-1,-1,-1
389,47268,826,357,6,6,1,-1,-1,-1
389,47263,1259,356,8,9,1,-1,-1,-1
389,47258,589,360,6,19,1,-1,-1,-1
390,47345,511,355,65,57,1,-1,-1,-1
390,47343,937,356,21,8,1,-1,-1,-1
390,47342,615,356,10,10,1,-1,-1,-1
390,47339,1192,356,30,11,1,-1,-1,-1
390,47336,785,356,22,8,1,-1,-1,-1
390,47334,495,355,27,36,1,-1,-1,-1
390,47325,864,354,30,10,1,-1,-1,-1
390,47320,625,348,29,23,1,-1,-1,-1
390,47315,592,353,15,13,1,-1,-1,-1
390,47306,1150,358,26,6,1,-1,-1,-1
390,47304,622,367,36,27,1,-1,-1,-1
390,47299,1222,359,24,7,1,-1,-1,-1
390,47298,676,394,325,152,1,-1,-1,-1
390,47296,679,357,21,7,1,-1,-1,-1
390,47283,662,358,10,6,1,-1,-1,-1
390,47282,1055,358,11,6,1,-1,-1,-1
390,47280,627,373,26,51,1,-1,-1,-1
390,47278,735,359,10,3,1,-1,-1,-1
390,47275,1034,359,5,5,1,-1,-1,-1
390,47268,824,358,5,6,1,-1,-1,-1
390,47263,1259,357,7,9,1,-1,-1,-1
390,47258,589,361,7,21,1,-1,-1,-1
391,47345,514,356,64,56,1,-1,-1,-1
391,47343,935,356,22,9,1,-1,-1,-1
391,47342,615,356,10,11,1,-1,-1,-1
391,47339,1189,356,31,10,1,-1,-1,-1
391,47336,783,356,22,9,1,-1,-1,-1
391,47334,497,356,27,35,1,-1,-1,-1
391,47325,862,355,30,10,1,-1,-1,-1
391,47320,625,349,29,23,1,-1,-1,-1
391,47315,592,354,15,13,1,-1,-1,-1
391,47306,1147,359,27,6,1,-1,-1,-1
391,47304,622,368,36,26,1,-1,-1,-1
391,47299,1221,359,23,8,1,-1,-1,-1
391,47298,672,394,311,147,1,-1,-1,-1
391,47296,678,358,22,7,1,-1,-1,-1
391,47283,661,360,10,5,1,-1,-1,-1
391,47282,1053,359,11,6,1,-1,-1,-1
391,47280,627,373,26,51,1,-1,-1,-1
391,47278,733,359,10,6,1,-1,-1,-1
391,47268,822,359,6,6,1,-1,-1,-1
391,47263,1253,358,10,9,1,-1,-1,-1
391,47258,590,362,6,19,1,-1,-1,-1
392,47345,517,356,62,55,1,-1,-1,-1
392,47343,932,357,22,9,1,-1,-1,-1
392,47342,615,357,10,11,1,-1,-1,-1
392,47339,1187,357,31,11,1,-1,-1,-1
392,47336,781,357,22,9,1,-1,-1,-1
392,47334,498,357,28,35,1,-1,-1,-1
392,47325,859,355,30,11,1,-1,-1,-1
392,47320,625,350,29,23,1,-1,-1,-1
392,47315,592,355,15,13,1,-1,-1,-1
392,47306,1145,360,27,6,1,-1,-1,-1
392,47304,622,368,35,27,1,-1,-1,-1
392,47299,1211,360,32,7,1,-1,-1,-1
392,47298,668,393,296,143,1,-1,-1,-1
392,47296,677,359,22,7,1,-1,-1,-1
392,47283,660,359,10,7,1,-1,-1,-1
392,47282,1052,359,9,7,1,-1,-1,-1
392,47280,627,374,25,49,1,-1,-1,-1
392,47278,733,359,9,7,1,-1,-1,-1
392,47268,821,359,5,5,1,-1,-1,-1
392,47263,1253,359,8,9,1,-1,-1,-1
392,47258,590,362,6,21,1,-1,-1,-1
393,47345,519,357,61,54,1,-1,-1,-1
393,47343,930,358,22,8,1,-1,-1,-1
393,47342,615,358,10,10,1,-1,-1,-1
393,47339,1186,358,31,9,1,-1,-1,-1
393,47338,579,358,12,9,1,-1,-1,-1
393,47336,779,358,22,8,1,-1,-1,-1
393,47334,500,357,27,35,1,-1,-1,-1
393,47325,856,356,31,10,1,-1,-1,-1
393,47320,625,350,29,24,1,-1,-1,-1
393,47315,592,355,15,14,1,-1,-1,-1
393,47306,1144,360,27,7,1,-1,-1,-1
393,47304,622,369,35,26,1,-1,-1,-1
393,47299,1217,361,23,7,1,-1,-1,-1
393,47298,664,393,282,138,1,-1,-1,-1
393,47296,677,360,20,6,1,-1,-1,-1
393,47283,659,360,10,6,1,-1,-1,-1
393,47282,1048,360,9,5,1,-1,-1,-1
393,47280,627,374,25,49,1,-1,-1,-1
393,47278,731,360,10,4,1,-1,-1,-1
393,47268,818,360,6,4,1,-1,-1,-1
393,47263,1252,361,6,7,1,-1,-1,-1
393,47258,591,363,6,18,1,-1,-1,-1
394,47345,522,358,59,52,1,-1,-1,-1
394,47343,927,359,22,8,1,-1,-1,-1
394,47342,615,358,10,11,1,-1,-1,-1
394,47339,1185,358,29,10,1,-1,-1,-1
394,47338,577,359,14,8,1,-1,-1,-1
394,47336,777,358,22,9,1,-1,-1,-1
394,47334,502,358,27,34,1,-1,-1,-1
394,47325,854,357,30,10,1,-1,-1,-1
394,47320,625,351,29,23,1,-1,-1,-1
394,47315,592,356,15,13,1,-1,-1,-1
394,47306,1142,361,26,6,1,-1,-1,-1
394,47304,622,370,35,26,1,-1,-1,-1
394,47299,1217,361,23,7,1,-1,-1,-1
394,47298,660,393,269,134,1,-1,-1,-1
394,47296,676,360,21,7,1,-1,-1,-1
394,47283,658,361,10,6,1,-1,-1,-1
394,47282,1045,361,12,6,1,-1,-1,-1
394,47280,627,375,25,48,1,-1,-1,-1
394,47278,729,361,9,6,1,-1,-1,-1
394,47268,817,361,5,6,1,-1,-1,-1
394,47263,1252,360,2,9,1,-1,-1,-1
394,47258,591,364,6,20,1,-1,-1,-1
395,47345,524,359,58,51,1,-1,-1,-1
395,47343,925,359,22,9,1,-1,-1,-1
395,47342,615,359,10,11,1,-1,-1,-1
395,47339,1183,359,30,11,1,-1,-1,-1
395,47338,575,359,16,9,1,-1,-1,-1
395,47336,776,359,22,9,1,-1,-1,-1
395,47334,503,359,28,34,1,-1,-1,-1
395,47325,853,358,29,10,1,-1,-1,-1
395,47320,625,352,29,23,1,-1,-1,-1
395,47315,592,357,15,13,1,-1,-1,-1
395,47306,1143,362,25,7,1,-1,-1,-1
395,47304,622,371,35,26,1,-1,-1,-1
395,47299,1212,362,25,8,1,-1,-1,-1
395,47298,656,393,259,130,1,-1,-1,-1
395,47296,675,361,22,7,1,-1,-1,-1
395,47283,657,362,9,6,1,-1,-1,-1
395,47282,1043,363,11,5,1,-1,-1,-1
395,47280,627,375,25,49,1,-1,-1,-1
395,47278,728,362,9,6,1,-1,-1,-1
395,47275,1014,362,4,6,1,-1,-1,-1
395,47268,815,361,4,7,1,-1,-1,-1
395,47263,1250,361,3,9,1,-1,-1,-1
395,47258,592,364,6,20,1,-1,-1,-1
396,47345,526,360,57,50,1,-1,-1,-1
396,47343,922,360,23,9,1,-1,-1,-1
396,47342,615,360,10,11,1,-1,-1,-1
396,47339,1182,360,30,11,1,-1,-1,-1
396,47338,574,360,17,9,1,-1,-1,-1
396,47336,776,360,20,9,1,-1,-1,-1
396,47334,505,360,28,33,1,-1,-1,-1
396,47325,849,358,30,11,1,-1,-1,-1
396,47320,625,353,29,21,1,-1,-1,-1
396,47315,592,358,15,13,1,-1,-1,-1
396,47306,1139,363,28,7,1,-1,-1,-1
396,47304,622,371,35,26,1,-1,-1,-1
396,47299,1211,363,26,7,1,-1,-1,-1
396,47298,652,393,250,127,1,-1,-1,-1
396,47296,674,362,21,7,1,-1,-1,-1
396,47283,656,362,10,7,1,-1,-1,-1
396,47282,1041,362,8,7,1,-1,-1,-1
396,47280,627,376,25,48,1,-1,-1,-1
396,47278,728,362,8,5,1,-1,-1,-1
396,47275,1012,363,7,6,1,-1,-1,-1
396,47268,812,362,6,5,1,-1,-1,-1
396,47263,1243,362,9,8,1,-1,-1,-1
396,47258,592,365,6,20,1,-1,-1,-1
397,47345,528,360,55,50,1,-1,-1,-1
397,47343,920,361,22,8,1,-1,-1,-1
397,47342,615,361,10,10,1,-1,-1,-1
397,47339,1181,361,30,10,1,-1,-1,-1
397,47338,572,361,18,9,1,-1,-1,-1
397,47336,772,361,22,8,1,-1,-1,-1
397,47334,506,361,30,32,1,-1,-1,-1
397,47325,846,359,32,11,1,-1,-1,-1
397,47320,625,354,29,23,1,-1,-1,-1
397,47315,592,359,15,13,1,-1,-1,-1
397,47306,1138,364,27,7,1,-1,-1,-1
397,47304,622,372,35,26,1,-1,-1,-1
397,47299,1209,364,28,7,1,-1,-1,-1
397,47298,649,393,242,125,1,-1,-1,-1
397,47296,674,363,21,7,1,-1,-1,-1
397,47283,655,363,10,7,1,-1,-1,-1
397,47282,1038,363,11,5,1,-1,-1,-1
397,47280,627,377,25,47,1,-1,-1,-1
397,47278,728,363,7,5,1,-1,-1,-1
397,47275,1009,364,10,6,1,-1,-1,-1
397,47268,811,363,5,5,1,-1,-1,-1
397,47263,1243,363,7,8,1,-1,-1,-1
397,47258,593,366,5,19,1,-1,-1,-1
398,47345,530,361,54,49,1,-1,-1,-1
398,47343,918,362,21,8,1,-1,-1,-1
398,47342,615,361,10,11,1,-1,-1,-1
398,47339,1180,361,29,11,1,-1,-1,-1
398,47338,574,362,14,8,1,-1,-1,-1
398,47336,770,361,22,9,1,-1,-1,-1
398,47334,508,361,28,33,1,-1,-1,-1
398,47329,611,362,16,7,1,-1,-1,-1
398,47325,844,360,30,10,1,-1,-1,-1
398,47320,625,354,29,22,1,-1,-1,-1
398,47315,592,359,15,13,1,-1,-1,-1
398,47306,1136,364,27,7,1,-1,-1,-1
398,47304,622,373,35,25,1,-1,-1,-1
398,47299,1210,365,27,6,1,-1,-1,-1
398,47298,646,393,236,123,1,-1,-1,-1
398,47296,673,363,20,7,1,-1,-1,-1
398,47283,654,364,10,6,1,-1,-1,-1
398,47282,1038,364,9,6,1,-1,-1,-1
398,47280,627,377,25,47,1,-1,-1,-1
398,47278,724,364,10,6,1,-1,-1,-1
398,47275,1006,364,9,6,1,-1,-1,-1
398,47268,809,363,6,5,1,-1,-1,-1
398,47263,1243,363,7,9,1,-1,-1,-1
398,47258,593,366,6,19,1,-1,-1,-1
399,47345,532,361,53,48,1,-1,-1,-1
399,47343,915,362,22,9,1,-1,-1,-1
399,47342,615,362,10,11,1,-1,-1,-1
399,47339,1178,362,30,11,1,-1,-1,-1
399,47338,572,362,13,9,1,-1,-1,-1
399,47336,769,362,21,9,1,-1,-1,-1
399,47334,509,362,29,32,1,-1,-1,-1
399,47329,609,362,18,9,1,-1,-1,-1
399,47325,842,360,30,11,1,-1,-1,-1
399,47320,625,355,28,21,1,-1,-1,-1
399,47315,592,360,15,13,1,-1,-1,-1
399,47306,1135,365,27,7,1,-1,-1,-1
399,47304,622,373,35,26,1,-1,-1,-1
399,47299,1207,365,29,7,1,-1,-1,-1
399,47298,644,393,230,121,1,-1,-1,-1
399,47296,672,364,21,7,1,-1,-1,-1
399,47283,653,364,10,7,1,-1,-1,-1
399,47280,627,377,24,47,1,-1,-1,-1
399,47278,723,364,8,7,1,-1,-1,-1
399,47275,1004,365,9,6,1,-1,-1,-1
399,47268,807,364,5,5,1,-1,-1,-1
399,47263,1238,364,10,8,1,-1,-1,-1
399,47258,593,367,6,19,1,-1,-1,-1
400,47345,533,362,53,47,1,-1,-1,-1
400,47343,913,362,21,9,1,-1,-1,-1
400,47342,614,362,11,11,1,-1,-1,-1
400,47339,1177,362,29,11,1,-1,-1,-1
400,47336,769,362,20,9,1,-1,-1,-1
400,47334,510,362,29,32,1,-1,-1,-1
400,47329,607,362,19,9,1,-1,-1,-1
400,47325,839,361,30,10,1,-1,-1,-1
400,47320,625,355,28,23,1,-1,-1,-1
400,47315,592,360,14,13,1,-1,-1,-1
400,47306,1133,365,27,7,1,-1,-1,-1
400,47304,622,373,35,26,1,-1,-1,-1
400,47299,1206,365,28,7,1,-1,-1,-1
400,47298,641,393,225,119,1,-1,-1,-1
400,47296,671,364,21,7,1,-1,-1,-1
400,47293,590,363,11,9,1,-1,-1,-1
400,47284,676,365,6,6,1,-1,-1,-1
400,47283,653,365,9,6,1,-1,-1,-1
400,47280,627,378,24,46,1,-1,-1,-1
400,47278,723,365,7,6,1,-1,-1,-1
400,47275,1000,365,10,6,1,-1,-1,-1
400,47268,805,364,6,5,1,-1,-1,-1
400,47263,1236,364,8,9,1,-1,-1,-1
400,47258,594,367,5,19,1,-1,-1,-1
401,47345,535,362,51,47,1,-1,-1,-1
401,47343,910,363,22,8,1,-1,-1,-1
401,47342,614,362,11,11,1,-1,-1,-1
401,47339,1176,363,27,11,1,-1,-1,-1
401,47336,765,364,22,7,1,-1,-1,-1
401,47334,511,362,30,32,1,-1,-1,-1
401,47329,606,363,18,8,1,-1,-1,-1
401,47325,837,361,30,10,1,-1,-1,-1
401,47320,625,356,28,22,1,-1,-1,-1
401,47315,591,360,15,14,1,-1,-1,-1
401,47306,1132,365,26,7,1,-1,-1,-1
401,47304,622,374,34,25,1,-1,-1,-1
401,47299,1206,366,27,7,1,-1,-1,-1
401,47298,639,394,220,117,1,-1,-1,-1
401,47296,670,365,22,6,1,-1,-1,-1
401,47283,652,365,9,7,1,-1,-1,-1
401,47280,627,378,24,46,1,-1,-1,-1
401,47278,720,365,10,6,1,-1,-1,-1
401,47275,997,365,10,6,1,-1,-1,-1
401,47268,803,365,6,4,1,-1,-1,-1
401,47263,1235,364,8,9,1,-1,-1,-1
401,47258,594,368,5,18,1,-1,-1,-1
402,47345,537,362,50,46,1,-1,-1,-1
402,47343,908,363,22,7,1,-1,-1,-1
402,47342,614,363,11,11,1,-1,-1,-1
402,47339,1175,363,28,11,1,-1,-1,-1
402,47336,763,365,22,7,1,-1,-1,-1
402,47334,513,363,29,31,1,-1,-1,-1
402,47325,835,361,29,11,1,-1,-1,-1
402,47320,625,356,28,22,1,-1,-1,-1
402,47315,591,361,15,13,1,-1,-1,-1
402,47306,1130,366,27,7,1,-1,-1,-1
402,47304,622,374,34,26,1,-1,-1,-1
402,47299,1203,366,29,7,1,-1,-1,-1
402,47298,637,394,216,116,1,-1,-1,-1
402,47296,669,365,22,7,1,-1,-1,-1
402,47293,589,363,12,10,1,-1,-1,-1
402,47284,672,366,7,6,1,-1,-1,-1
402,47283,652,365,9,7,1,-1,-1,-1
402,47280,627,378,24,46,1,-1,-1,-1
402,47278,718,365,10,5,1,-1,-1,-1
402,47275,995,366,9,6,1,-1,-1,-1
402,47268,801,365,6,5,1,-1,-1,-1
402,47263,1233,365,8,8,1,-1,-1,-1
402,47258,594,368,6,17,1,-1,-1,-1
403,47345,538,363,50,45,1,-1,-1,-1
403,47343,906,363,22,9,1,-1,-1,-1
403,47342,614,363,11,11,1,-1,-1,-1
403,47339,1174,363,30,11,1,-1,-1,-1
403,47336,762,364,22,8,1,-1,-1,-1
403,47334,514,363,30,31,1,-1,-1,-1
403,47325,833,361,30,11,1,-1,-1,-1
403,47320,625,356,28,22,1,-1,-1,-1
403,47315,592,361,14,13,1,-1,-1,-1
403,47306,1129,366,27,6,1,-1,-1,-1
403,47304,622,374,34,26,1,-1,-1,-1
403,47299,1204,366,28,7,1,-1,-1,-1
403,47298,636,394,211,115,1,-1,-1,-1
403,47296,668,365,21,7,1,-1,-1,-1
403,47293,588,364,13,9,1,-1,-1,-1
403,47284,669,366,9,6,1,-1,-1,-1
403,47283,652,366,8,6,1,-1,-1,-1
403,47282,1023,365,10,7,1,-1,-1,-1
403,47280,627,378,24,46,1,-1,-1,-1
403,47278,718,365,7,7,1,-1,-1,-1
403,47275,993,366,9,6,1,-1,-1,-1
403,47268,800,365,6,5,1,-1,-1,-1
403,47263,1232,365,8,8,1,-1,-1,-1
403,47258,595,368,5,18,1,-1,-1,-1
404,47345,540,363,49,44,1,-1,-1,-1
404,47343,904,363,21,9,1,-1,-1,-1
404,47342,614,363,11,11,1,-1,-1,-1
404,47339,1173,363,29,11,1,-1,-1,-1
404,47336,761,364,22,8,1,-1,-1,-1
404,47334,515,363,30,31,1,-1,-1,-1
404,47325,833,362,28,10,1,-1,-1,-1
404,47320,625,356,28,22,1,-1,-1,-1
404,47315,592,361,14,13,1,-1,-1,-1
404,47306,1130,366,25,7,1,-1,-1,-1
404,47304,622,374,34,26,1,-1,-1,-1
404,47299,1201,366,29,7,1,-1,-1,-1
404,47298,634,393,207,115,1,-1,-1,-1
404,47296,668,365,21,7,1,-1,-1,-1
404,47293,588,364,13,9,1,-1,-1,-1
404,47284,669,366,7,6,1,-1,-1,-1
404,47283,652,366,8,6,1,-1,-1,-1
404,47282,1020,365,12,7,1,-1,-1,-1
404,47280,628,378,23,46,1,-1,-1,-1
404,47278,719,366,6,6,1,-1,-1,-1
404,47275,990,366,10,6,1,-1,-1,-1
404,47268,798,365,5,7,1,-1,-1,-1
404,47263,1231,365,10,8,1,-1,-1,-1
404,47258,595,368,5,18,1,-1,-1,-1
405,47345,541,363,48,44,1,-1,-1,-1
405,47343,901,364,22,8,1,-1,-1,-1
405,47342,614,363,11,11,1,-1,-1,-1
405,47339,1173,363,29,11,1,-1,-1,-1
405,47336,760,364,21,8,1,-1,-1,-1
405,47334,517,363,29,31,1,-1,-1,-1
405,47325,828,362,31,10,1,-1,-1,-1
405,47320,625,356,28,22,1,-1,-1,-1
405,47315,592,361,14,13,1,-1,-1,-1
405,47306,1126,366,27,6,1,-1,-1,-1
405,47304,622,374,34,26,1,-1,-1,-1
405,47299,1200,367,30,6,1,-1,-1,-1
405,47298,633,393,201,113,1,-1,-1,-1
405,47296,668,365,21,7,1,-1,-1,-1
405,47284,666,366,7,6,1,-1,-1,-1
405,47283,652,366,8,6,1,-1,-1,-1
405,47282,1018,366,11,6,1,-1,-1,-1
405,47280,628,378,23,45,1,-1,-1,-1
405,47278,715,366,10,6,1,-1,-1,-1
405,47275,988,366,9,6,1,-1,-1,-1
405,47268,798,366,3,6,1,-1,-1,-1
405,47263,1230,365,10,8,1,-1,-1,-1
405,47258,595,368,6,18,1,-1,-1,-1
406,47345,543,363,47,43,1,-1,-1,-1
406,47343,899,364,22,8,1,-1,-1,-1
406,47342,614,364,11,10,1,-1,-1,-1
406,47339,1172,364,29,11,1,-1,-1,-1
406,47336,758,364,19,8,1,-1,-1,-1
406,47334,518,363,29,30,1,-1,-1,-1
406,47325,826,362,31,10,1,-1,-1,-1
406,47320,625,356,28,22,1,-1,-1,-1
406,47315,592,361,14,14,1,-1,-1,-1
406,47306,1125,366,26,7,1,-1,-1,-1
406,47304,622,375,34,25,1,-1,-1,-1
406,47299,1202,367,28,7,1,-1,-1,-1
406,47298,631,393,197,112,1,-1,-1,-1
406,47296,668,366,19,6,1,-1,-1,-1
406,47284,664,367,6,5,1,-1,-1,-1
406,47283,653,366,7,7,1,-1,-1,-1
406,47282,1018,366,8,4,1,-1,-1,-1
406,47280,628,378,23,42,1,-1,-1,-1
406,47278,715,366,10,6,1,-1,-1,-1
406,47275,986,366,7,6,1,-1,-1,-1
406,47268,795,366,6,6,1,-1,-1,-1
406,47263,1229,365,9,9,1,-1,-1,-1
406,47258,596,368,5,18,1,-1,-1,-1
407,47345,544,363,47,43,1,-1,-1,-1
407,47343,897,364,22,7,1,-1,-1,-1
407,47342,614,364,11,11,1,-1,-1,-1
407,47339,1171,364,30,11,1,-1,-1,-1
407,47336,756,364,22,9,1,-1,-1,-1
407,47334,519,364,29,29,1,-1,-1,-1
407,47325,824,362,31,11,1,-1,-1,-1
407,47320,625,357,28,21,1,-1,-1,-1
407,47315,592,362,14,13,1,-1,-1,-1
407,47306,1123,367,28,5,1,-1,-1,-1
407,47304,622,375,34,25,1,-1,-1,-1
407,47299,1201,367,28,7,1,-1,-1,-1
407,47298,629,393,193,111,1,-1,-1,-1
407,47296,666,366,19,7,1,-1,-1,-1
407,47284,662,367,7,6,1,-1,-1,-1
407,47283,654,366,5,7,1,-1,-1,-1
407,47282,1016,366,8,5,1,-1,-1,-1
407,47280,628,379,23,38,1,-1,-1,-1
407,47278,715,366,8,7,1,-1,-1,-1
407,47275,984,367,9,6,1,-1,-1,-1
407,47268,793,366,6,6,1,-1,-1,-1
407,47263,1230,366,8,8,1,-1,-1,-1
407,47258,596,369,5,17,1,-1,-1,-1
408,47345,545,364,46,42,1,-1,-1,-1
408,47343,895,364,22,9,1,-1,-1,-1
408,47342,614,364,11,11,1,-1,-1,-1
408,47339,1171,364,29,11,1,-1,-1,-1
408,47336,755,364,22,9,1,-1,-1,-1
408,47334,520,364,29,29,1,-1,-1,-1
408,47325,822,362,31,11,1,-1,-1,-1
408,47320,625,357,28,22,1,-1,-1,-1
408,47315,592,362,14,13,1,-1,-1,-1
408,47306,1122,367,27,7,1,-1,-1,-1
408,47304,622,375,34,25,1,-1,-1,-1
408,47299,1198,367,31,7,1,-1,-1,-1
408,47298,627,394,188,109,1,-1,-1,-1
408,47296,666,366,19,7,1,-1,-1,-1
408,47284,661,367,9,6,1,-1,-1,-1
408,47283,653,367,6,6,1,-1,-1,-1
408,47282,1012,366,8,7,1,-1,-1,-1
408,47280,628,379,22,36,1,-1,-1,-1
408,47278,712,367,9,6,1,-1,-1,-1
408,47275,981,367,9,6,1,-1,-1,-1
408,47268,793,366,3,4,1,-1,-1,-1
408,47263,1227,366,10,8,1,-1,-1,-1
408,47258,596,369,6,17,1,-1,-1,-1
409,47345,547,364,45,41,1,-1,-1,-1
409,47343,893,365,22,8,1,-1,-1,-1
409,47342,614,365,11,10,1,-1,-1,-1
409,47339,1170,364,29,12,1,-1,-1,-1
409,47336,753,365,22,8,1,-1,-1,-1
409,47334,521,364,29,30,1,-1,-1,-1
409,47325,820,363,31,10,1,-1,-1,-1
409,47320,625,357,28,22,1,-1,-1,-1
409,47315,592,362,14,13,1,-1,-1,-1
409,47306,1120,367,27,7,1,-1,-1,-1
409,47304,622,375,34,26,1,-1,-1,-1
409,47299,1199,368,29,6,1,-1,-1,-1
409,47298,625,394,184,108,1,-1,-1,-1
409,47296,666,366,20,7,1,-1,-1,-1
409,47284,659,367,7,6,1,-1,-1,-1
409,47283,653,367,5,6,1,-1,-1,-1
409,47282,1009,367,9,6,1,-1,-1,-1
409,47280,628,379,22,37,1,-1,-1,-1
409,47278,712,367,9,6,1,-1,-1,-1
409,47275,980,367,8,6,1,-1,-1,-1
409,47268,790,367,6,6,1,-1,-1,-1
409,47263,1226,366,10,8,1,-1,-1,-1
409,47258,597,369,5,18,1,-1,-1,-1
410,47345,548,364,44,41,1,-1,-1,-1
410,47343,891,365,22,8,1,-1,-1,-1
410,47342,614,365,11,11,1,-1,-1,-1
410,47339,1170,365,28,11,1,-1,-1,-1
410,47336,752,365,22,7,1,-1,-1,-1
410,47334,522,365,29,29,1,-1,-1,-1
410,47325,818,363,31,11,1,-1,-1,-1
410,47320,625,358,28,21,1,-1,-1,-1
410,47315,592,363,14,13,1,-1,-1,-1
410,47312,627,361,24,8,1,-1,-1,-1
410,47306,1119,368,27,5,1,-1,-1,-1
410,47304,622,376,34,25,1,-1,-1,-1
410,47299,1200,368,28,8,1,-1,-1,-1
410,47298,623,394,180,107,1,-1,-1,-1
410,47296,666,367,22,7,1,-1,-1,-1
410,47284,658,368,8,6,1,-1,-1,-1
410,47283,653,367,4,7,1,-1,-1,-1
410,47282,1007,367,8,4,1,-1,-1,-1
410,47280,628,379,22,38,1,-1,-1,-1
410,47278,712,367,8,7,1,-1,-1,-1
410,47275,977,368,5,6,1,-1,-1,-1
410,47263,1226,367,8,8,1,-1,-1,-1
410,47258,597,369,5,18,1,-1,-1,-1
411,47345,549,365,44,40,1,-1,-1,-1
411,47343,889,365,21,9,1,-1,-1,-1
411,47342,614,365,11,11,1,-1,-1,-1
411,47339,1170,365,28,11,1,-1,-1,-1
411,47337,897,365,14,9,1,-1,-1,-1
411,47336,750,365,19,9,1,-1,-1,-1
411,47334,523,365,29,29,1,-1,-1,-1
411,47325,817,364,30,10,1,-1,-1,-1
411,47320,625,358,28,22,1,-1,-1,-1
411,47315,592,363,14,13,1,-1,-1,-1
411,47306,1117,368,28,7,1,-1,-1,-1
411,47304,622,376,34,25,1,-1,-1,-1
411,47299,1198,368,29,7,1,-1,-1,-1
411,47298,620,394,176,106,1,-1,-1,-1
411,47296,666,367,22,7,1,-1,-1,-1
411,47284,656,368,9,6,1,-1,-1,-1
411,47283,652,369,5,5,1,-1,-1,-1
411,47282,1004,368,10,6,1,-1,-1,-1
411,47280,628,379,22,38,1,-1,-1,-1
411,47278,710,368,10,6,1,-1,-1,-1
411,47275,974,368,9,6,1,-1,-1,-1
411,47268,788,367,4,7,1,-1,-1,-1
411,47263,1228,367,5,8,1,-1,-1,-1
411,47258,597,370,5,17,1,-1,-1,-1
412,47345,550,365,43,40,1,-1,-1,-1
412,47343,887,366,21,7,1,-1,-1,-1
412,47342,614,366,11,10,1,-1,-1,-1
412,47339,1170,366,29,11,1,-1,-1,-1
412,47336,749,366,21,8,1,-1,-1,-1
412,47334,524,365,29,29,1,-1,-1,-1
412,47325,815,364,30,10,1,-1,-1,-1
412,47320,625,359,28,21,1,-1,-1,-1
412,47315,592,363,14,14,1,-1,-1,-1
412,47306,1116,368,27,7,1,-1,-1,-1
412,47304,622,376,34,25,1,-1,-1,-1
412,47299,1198,369,27,7,1,-1,-1,-1
412,47298,618,394,172,105,1,-1,-1,-1
412,47296,666,368,22,6,1,-1,-1,-1
412,47284,654,368,8,6,1,-1,-1,-1
412,47283,652,368,4,7,1,-1,-1,-1
412,47282,1002,368,11,6,1,-1,-1,-1
412,47280,628,380,22,37,1,-1,-1,-1
412,47278,712,368,6,5,1,-1,-1,-1
412,47275,973,368,8,4,1,-1,-1,-1
412,47268,788,368,3,6,1,-1,-1,-1
412,47263,1228,367,6,9,1,-1,-1,-1
412,47258,598,370,5,17,1,-1,-1,-1
413,47345,551,365,43,40,1,-1,-1,-1
413,47343,885,366,21,7,1,-1,-1,-1
413,47342,614,366,11,11,1,-1,-1,-1
413,47339,1170,366,29,11,1,-1,-1,-1
413,47336,749,366,21,9,1,-1,-1,-1
413,47334,524,366,30,28,1,-1,-1,-1
413,47325,813,364,30,11,1,-1,-1,-1
413,47320,625,359,28,21,1,-1,-1,-1
413,47315,591,364,15,13,1,-1,-1,-1
413,47306,1118,369,24,5,1,-1,-1,-1
413,47304,622,377,34,25,1,-1,-1,-1
413,47299,1200,369,27,7,1,-1,-1,-1
413,47298,617,394,168,105,1,-1,-1,-1
413,47296,666,368,22,7,1,-1,-1,-1
413,47293,586,366,11,10,1,-1,-1,-1
413,47284,654,369,6,6,1,-1,-1,-1
413,47282,1001,368,9,4,1,-1,-1,-1
413,47280,628,380,22,36,1,-1,-1,-1
413,47278,712,368,5,7,1,-1,-1,-1
413,47275,971,369,8,6,1,-1,-1,-1
413,47263,1226,368,7,8,1,-1,-1,-1
413,47258,598,370,5,18,1,-1,-1,-1
414,47345,552,366,42,39,1,-1,-1,-1
414,47343,882,366,22,9,1,-1,-1,-1
414,47342,614,366,11,11,1,-1,-1,-1
414,47339,1170,366,29,11,1,-1,-1,-1
414,47336,746,366,22,9,1,-1,-1,-1
414,47334,525,366,30,28,1,-1,-1,-1
414,47325,811,364,30,11,1,-1,-1,-1
414,47320,625,359,28,21,1,-1,-1,-1
414,47315,591,364,15,13,1,-1,-1,-1
414,47304,622,377,34,25,1,-1,-1,-1
414,47299,1200,369,27,7,1,-1,-1,-1
414,47298,617,394,163,105,1,-1,-1,-1
414,47296,666,368,22,7,1,-1,-1,-1
414,47293,586,366,11,10,1,-1,-1,-1
414,47284,652,369,6,6,1,-1,-1,-1
414,47282,999,368,9,4,1,-1,-1,-1
414,47280,628,380,22,36,1,-1,-1,-1
414,47278,707,368,9,7,1,-1,-1,-1
414,47275,969,369,8,6,1,-1,-1,-1
414,47268,783,368,5,4,1,-1,-1,-1
414,47263,1224,368,8,8,1,-1,-1,-1
414,47258,598,370,5,17,1,-1,-1,-1
415,47345,552,366,42,38,1,-1,-1,-1
415,47343,880,366,22,9,1,-1,-1,-1
415,47342,614,366,11,11,1,-1,-1,-1
415,47339,1171,366,28,11,1,-1,-1,-1
415,47336,745,366,22,9,1,-1,-1,-1
415,47334,526,366,29,28,1,-1,-1,-1
415,47325,809,364,31,11,1,-1,-1,-1
415,47320,625,359,28,21,1,-1,-1,-1
415,47315,591,364,15,13,1,-1,-1,-1
415,47304,623,377,33,25,1,-1,-1,-1
415,47299,1200,369,27,7,1,-1,-1,-1
415,47298,616,394,161,105,1,-1,-1,-1
415,47296,666,368,22,7,1,-1,-1,-1
415,47293,585,366,11,10,1,-1,-1,-1
415,47282,997,368,11,4,1,-1,-1,-1
415,47280,628,380,22,35,1,-1,-1,-1
415,47278,707,368,7,7,1,-1,-1,-1
415,47275,966,369,9,6,1,-1,-1,-1
415,47268,781,368,5,6,1,-1,-1,-1
415,47263,1224,368,9,8,1,-1,-1,-1
415,47258,598,370,5,17,1,-1,-1,-1
416,47345,553,365,42,38,1,-1,-1,-1
416,47343,879,365,21,8,1,-1,-1,-1
416,47342,614,365,11,11,1,-1,-1,-1
416,47339,1171,365,29,11,1,-1,-1,-1
416,47336,744,365,22,9,1,-1,-1,-1
416,47334,527,365,29,28,1,-1,-1,-1
416,47325,807,364,31,8,1,-1,-1,-1
416,47320,625,359,28,21,1,-1,-1,-1
416,47315,591,363,15,13,1,-1,-1,-1
416,47306,1111,368,24,7,1,-1,-1,-1
416,47304,623,376,33,25,1,-1,-1,-1
416,47299,1199,368,28,7,1,-1,-1,-1
416,47298,614,394,161,106,1,-1,-1,-1
416,47296,666,367,20,7,1,-1,-1,-1
416,47282,996,368,10,6,1,-1,-1,-1
416,47280,628,379,22,35,1,-1,-1,-1
416,47278,704,369,10,5,1,-1,-1,-1
416,47275,964,368,9,5,1,-1,-1,-1
416,47268,780,368,6,6,1,-1,-1,-1
416,47263,1223,367,8,8,1,-1,-1,-1
416,47258,598,370,5,16,1,-1,-1,-1
417,47345,554,364,41,38,1,-1,-1,-1
417,47343,877,364,21,9,1,-1,-1,-1
417,47342,614,364,11,11,1,-1,-1,-1
417,47339,1174,364,26,11,1,-1,-1,-1
417,47338,518,364,14,8,1,-1,-1,-1
417,47336,742,364,22,7,1,-1,-1,-1
417,47334,527,364,30,28,1,-1,-1,-1
417,47325,806,362,30,11,1,-1,-1,-1
417,47320,625,357,28,22,1,-1,-1,-1
417,47315,591,362,15,13,1,-1,-1,-1
417,47306,1111,367,26,7,1,-1,-1,-1
417,47304,623,375,33,25,1,-1,-1,-1
417,47299,1198,367,29,8,1,-1,-1,-1
417,47298,613,393,161,107,1,-1,-1,-1
417,47296,666,366,19,7,1,-1,-1,-1
417,47282,994,367,10,6,1,-1,-1,-1
417,47280,628,378,22,34,1,-1,-1,-1
417,47278,703,367,11,6,1,-1,-1,-1
417,47275,962,367,9,4,1,-1,-1,-1
417,47268,779,366,5,7,1,-1,-1,-1
417,47263,1225,366,6,10,1,-1,-1,-1
417,47258,599,369,4,16,1,-1,-1,-1
418,47345,555,362,41,38,1,-1,-1,-1
418,47343,875,363,21,9,1,-1,-1,-1
418,47342,614,363,11,11,1,-1,-1,-1
418,47339,1189,363,10,11,1,-1,-1,-1
418,47338,514,363,18,7,1,-1,-1,-1
418,47336,741,363,22,9,1,-1,-1,-1
418,47334,528,363,29,27,1,-1,-1,-1
418,47325,804,361,30,11,1,-1,-1,-1
418,47320,626,356,27,21,1,-1,-1,-1
418,47315,591,361,15,13,1,-1,-1,-1
418,47306,1112,366,24,6,1,-1,-1,-1
418,47304,622,374,34,25,1,-1,-1,-1
418,47299,1201,366,26,7,1,-1,-1,-1
418,47298,612,392,160,107,1,-1,-1,-1
418,47296,666,365,19,7,1,-1,-1,-1
418,47282,991,365,11,5,1,-1,-1,-1
418,47280,628,377,22,33,1,-1,-1,-1
418,47278,704,365,5,7,1,-1,-1,-1
418,47275,960,366,9,6,1,-1,-1,-1
418,47268,778,365,5,6,1,-1,-1,-1
418,47263,1224,365,7,8,1,-1,-1,-1
418,47258,599,367,5,17,1,-1,-1,-1
419,47345,556,361,40,37,1,-1,-1,-1
419,47343,872,361,22,9,1,-1,-1,-1
419,47342,614,361,11,11,1,-1,-1,-1
419,47338,512,361,19,10,1,-1,-1,-1
419,47337,881,361,14,9,1,-1,-1,-1
419,47336,740,361,22,7,1,-1,-1,-1
419,47334,529,361,29,27,1,-1,-1,-1
419,47325,802,360,31,10,1,-1,-1,-1
419,47320,626,355,27,21,1,-1,-1,-1
419,47315,591,359,15,13,1,-1,-1,-1
419,47306,1108,364,27,7,1,-1,-1,-1
419,47304,623,372,33,25,1,-1,-1,-1
419,47299,1204,364,22,7,1,-1,-1,-1
419,47298,611,390,159,107,1,-1,-1,-1
419,47296,666,363,19,7,1,-1,-1,-1
419,47282,991,363,9,7,1,-1,-1,-1
419,47280,629,375,21,33,1,-1,-1,-1
419,47278,701,364,7,6,1,-1,-1,-1
419,47275,959,364,8,5,1,-1,-1,-1
419,47263,1226,363,6,8,1,-1,-1,-1
419,47258,599,366,5,16,1,-1,-1,-1
420,47345,557,360,39,36,1,-1,-1,-1
420,47343,870,360,22,9,1,-1,-1,-1
420,47342,614,360,11,11,1,-1,-1,-1
420,47339,1170,360,22,11,1,-1,-1,-1
420,47338,509,360,21,9,1,-1,-1,-1
420,47336,739,360,22,9,1,-1,-1,-1
420,47334,530,360,29,27,1,-1,-1,-1
420,47325,803,358,28,11,1,-1,-1,-1
420,47320,626,353,27,21,1,-1,-1,-1
420,47315,591,358,15,13,1,-1,-1,-1
420,47306,1107,363,27,6,1,-1,-1,-1
420,47304,623,371,33,25,1,-1,-1,-1
420,47298,610,389,157,107,1,-1,-1,-1
420,47296,666,362,21,7,1,-1,-1,-1
420,47282,987,362,10,5,1,-1,-1,-1
420,47280,629,374,21,31,1,-1,-1,-1
420,47278,701,362,5,7,1,-1,-1,-1
420,47275,956,363,9,6,1,-1,-1,-1
420,47263,1222,362,9,8,1,-1,-1,-1
420,47258,599,364,5,17,1,-1,-1,-1
421,47345,558,359,39,36,1,-1,-1,-1
421,47343,868,359,22,9,1,-1,-1,-1
421,47342,614,359,11,11,1,-1,-1,-1
421,47339,1170,359,29,11,1,-1,-1,-1
421,47338,506,359,21,7,1,-1,-1,-1
421,47337,876,359,15,9,1,-1,-1,-1
421,47336,737,359,22,9,1,-1,-1,-1
421,47334,531,359,28,27,1,-1,-1,-1
421,47325,799,357,30,11,1,-1,-1,-1
421,47320,626,352,27,21,1,-1,-1,-1
421,47315,591,357,15,11,1,-1,-1,-1
421,47306,1105,362,28,7,1,-1,-1,-1
421,47304,623,370,33,25,1,-1,-1,-1
421,47298,609,388,155,106,1,-1,-1,-1
421,47296,666,361,23,7,1,-1,-1,-1
421,47282,986,361,9,7,1,-1,-1,-1
421,47280,629,373,21,27,1,-1,-1,-1
421,47278,699,361,9,7,1,-1,-1,-1
421,47275,954,362,9,6,1,-1,-1,-1
421,47258,600,363,4,16,1,-1,-1,-1
422,47345,559,358,38,36,1,-1,-1,-1
422,47343,866,359,22,8,1,-1,-1,-1
422,47342,614,359,11,11,1,-1,-1,-1
422,47339,1170,359,29,11,1,-1,-1,-1
422,47338,504,359,19,7,1,-1,-1,-1
422,47337,874,359,15,8,1,-1,-1,-1
422,47336,736,359,22,7,1,-1,-1,-1
422,47334,531,358,30,27,1,-1,-1,-1
422,47325,797,357,30,11,1,-1,-1,-1
422,47320,626,352,27,21,1,-1,-1,-1
422,47315,591,356,15,12,1,-1,-1,-1
422,47306,1105,361,27,7,1,-1,-1,-1
422,47304,623,369,33,25,1,-1,-1,-1
422,47299,1200,362,21,7,1,-1,-1,-1
422,47298,608,387,153,106,1,-1,-1,-1
422,47296,666,361,23,7,1,-1,-1,-1
422,47282,984,361,10,5,1,-1,-1,-1
422,47280,629,372,21,27,1,-1,-1,-1
422,47278,699,361,9,6,1,-1,-1,-1
422,47275,952,361,7,7,1,-1,-1,-1
422,47268,773,361,3,6,1,-1,-1,-1
422,47258,600,363,5,16,1,-1,-1,-1
423,47345,560,358,38,36,1,-1,-1,-1
423,47343,864,359,22,8,1,-1,-1,-1
423,47342,614,359,11,11,1,-1,-1,-1
423,47339,1170,359,29,11,1,-1,-1,-1
423,47338,501,359,19,7,1,-1,-1,-1
423,47336,734,359,23,9,1,-1,-1,-1
423,47334,532,358,29,27,1,-1,-1,-1
423,47325,795,357,31,11,1,-1,-1,-1
423,47320,626,352,27,21,1,-1,-1,-1
423,47315,591,356,15,14,1,-1,-1,-1
423,47306,1104,361,25,7,1,-1,-1,-1
423,47304,623,369,33,25,1,-1,-1,-1
423,47299,1199,362,24,7,1,-1,-1,-1
423,47298,607,387,151,105,1,-1,-1,-1
423,47296,666,361,23,7,1,-1,-1,-1
423,47282,981,361,11,5,1,-1,-1,-1
423,47280,629,373,21,24,1,-1,-1,-1
423,47278,697,361,8,7,1,-1,-1,-1
423,47275,950,361,8,7,1,-1,-1,-1
423,47268,770,361,6,6,1,-1,-1,-1
423,47263,1221,360,9,10,1,-1,-1,-1
423,47258,600,363,5,16,1,-1,-1,-1
424,47345,560,359,38,35,1,-1,-1,-1
424,47343,862,359,21,9,1,-1,-1,-1
424,47342,614,359,11,11,1,-1,-1,-1
424,47339,1169,359,29,11,1,-1,-1,-1
424,47338,500,359,18,7,1,-1,-1,-1
424,47337,870,359,15,9,1,-1,-1,-1
424,47336,734,359,22,9,1,-1,-1,-1
424,47334,533,358,29,27,1,-1,-1,-1
424,47325,793,357,31,11,1,-1,-1,-1
424,47320,626,352,27,21,1,-1,-1,-1
424,47315,591,357,15,11,1,-1,-1,-1
424,47306,1102,362,27,5,1,-1,-1,-1
424,47304,623,370,33,25,1,-1,-1,-1
424,47299,1200,362,24,7,1,-1,-1,-1
424,47298,606,388,149,104,1,-1,-1,-1
424,47296,666,361,23,7,1,-1,-1,-1
424,47282,979,361,11,7,1,-1,-1,-1
424,47280,629,373,21,24,1,-1,-1,-1
424,47278,697,361,8,7,1,-1,-1,-1
424,47275,947,362,9,6,1,-1,-1,-1
424,47268,771,361,3,6,1,-1,-1,-1
424,47263,1220,361,7,8,1,-1,-1,-1
424,47258,600,363,5,16,1,-1,-1,-1
425,47345,561,359,37,35,1,-1,-1,-1
425,47343,861,360,20,6,1,-1,-1,-1
425,47342,614,360,11,11,1,-1,-1,-1
425,47339,1169,360,29,11,1,-1,-1,-1
425,47338,499,360,15,7,1,-1,-1,-1
425,47337,869,360,14,8,1,-1,-1,-1
425,47336,732,360,22,9,1,-1,-1,-1
425,47334,533,359,30,27,1,-1,-1,-1
425,47325,792,361,31,8,1,-1,-1,-1
425,47320,626,353,27,21,1,-1,-1,-1
425,47315,591,357,15,12,1,-1,-1,-1
425,47306,1101,362,26,7,1,-1,-1,-1
425,47304,623,370,33,25,1,-1,-1,-1
425,47299,1199,363,27,7,1,-1,-1,-1
425,47298,605,388,148,104,1,-1,-1,-1
425,47296,666,362,23,7,1,-1,-1,-1
425,47282,977,362,11,5,1,-1,-1,-1
425,47280,629,374,21,21,1,-1,-1,-1
425,47278,695,362,10,7,1,-1,-1,-1
425,47275,945,364,8,5,1,-1,-1,-1
425,47268,767,362,4,6,1,-1,-1,-1
425,47263,1224,362,4,7,1,-1,-1,-1
425,47258,600,364,5,16,1,-1,-1,-1
426,47345,562,360,37,35,1,-1,-1,-1
426,47343,858,361,21,8,1,-1,-1,-1
426,47342,614,361,11,11,1,-1,-1,-1
426,47339,1169,361,29,11,1,-1,-1,-1
426,47336,731,361,22,9,1,-1,-1,-1
426,47334,534,360,30,26,1,-1,-1,-1
426,47325,790,359,32,11,1,-1,-1,-1
426,47320,626,354,27,21,1,-1,-1,-1
426,47315,591,358,15,14,1,-1,-1,-1
426,47306,1100,363,26,7,1,-1,-1,-1
426,47304,623,371,33,25,1,-1,-1,-1
426,47299,1199,364,25,6,1,-1,-1,-1
426,47298,604,389,147,103,1,-1,-1,-1
426,47296,666,363,20,7,1,-1,-1,-1
426,47282,975,363,11,5,1,-1,-1,-1
426,47280,629,375,21,19,1,-1,-1,-1
426,47278,695,363,8,7,1,-1,-1,-1
426,47275,943,363,8,7,1,-1,-1,-1
426,47268,767,363,4,6,1,-1,-1,-1
426,47263,1221,362,7,10,1,-1,-1,-1
426,47258,601,365,4,15,1,-1,-1,-1
427,47345,563,361,36,34,1,-1,-1,-1
427,47343,856,361,21,9,1,-1,-1,-1
427,47342,614,361,11,11,1,-1,-1,-1
427,47339,1169,361,29,11,1,-1,-1,-1
427,47337,864,361,15,9,1,-1,-1,-1
427,47336,730,361,22,8,1,-1,-1,-1
427,47334,534,361,30,26,1,-1,-1,-1
427,47325,789,360,30,10,1,-1,-1,-1
427,47320,626,354,27,22,1,-1,-1,-1
427,47315,591,359,15,14,1,-1,-1,-1
427,47306,1098,364,26,7,1,-1,-1,-1
427,47304,623,372,33,25,1,-1,-1,-1
427,47299,1196,364,29,8,1,-1,-1,-1
427,47298,603,390,147,104,1,-1,-1,-1
427,47296,667,363,20,7,1,-1,-1,-1
427,47282,973,364,11,5,1,-1,-1,-1
427,47280,629,375,21,19,1,-1,-1,-1
427,47278,695,364,8,6,1,-1,-1,-1
427,47275,941,364,8,6,1,-1,-1,-1
427,47268,767,363,4,7,1,-1,-1,-1
427,47263,1223,363,6,10,1,-1,-1,-1
427,47258,601,366,4,15,1,-1,-1,-1
428,47345,564,361,36,34,1,-1,-1,-1
428,47343,853,362,22,9,1,-1,-1,-1
428,47342,614,362,10,11,1,-1,-1,-1
428,47339,1168,362,30,11,1,-1,-1,-1
428,47336,728,362,22,9,1,-1,-1,-1
428,47334,535,361,29,26,1,-1,-1,-1
428,47325,787,360,28,11,1,-1,-1,-1
428,47320,626,355,27,21,1,-1,-1,-1
428,47315,591,359,15,14,1,-1,-1,-1
428,47306,1097,364,26,7,1,-1,-1,-1
428,47304,623,372,33,25,1,-1,-1,-1
428,47299,1200,365,26,7,1,-1,-1,-1
428,47298,602,390,147,104,1,-1,-1,-1
428,47296,667,364,20,7,1,-1,-1,-1
428,47282,971,364,11,5,1,-1,-1,-1
428,47280,629,376,21,18,1,-1,-1,-1
428,47278,693,364,7,6,1,-1,-1,-1
428,47275,939,364,9,7,1,-1,-1,-1
428,47268,763,364,7,6,1,-1,-1,-1
428,47263,1224,363,3,9,1,-1,-1,-1
428,47258,601,366,4,16,1,-1,-1,-1
429,47345,564,361,36,34,1,-1,-1,-1
429,47343,852,361,21,9,1,-1,-1,-1
429,47342,614,361,10,12,1,-1,-1,-1
429,47339,1168,361,30,11,1,-1,-1,-1
429,47337,860,362,15,8,1,-1,-1,-1
429,47336,727,361,23,8,1,-1,-1,-1
429,47334,535,361,30,26,1,-1,-1,-1
429,47325,786,360,30,10,1,-1,-1,-1
429,47320,626,354,27,22,1,-1,-1,-1
429,47315,591,359,14,14,1,-1,-1,-1
429,47306,1095,364,27,7,1,-1,-1,-1
429,47304,623,372,33,25,1,-1,-1,-1
429,47299,1197,365,26,7,1,-1,-1,-1
429,47298,601,390,146,105,1,-1,-1,-1
429,47296,667,363,20,7,1,-1,-1,-1
429,47282,969,364,10,5,1,-1,-1,-1
429,47280,629,375,21,18,1,-1,-1,-1
429,47278,693,364,8,6,1,-1,-1,-1
429,47275,937,364,8,4,1,-1,-1,-1
429,47268,762,364,5,5,1,-1,-1,-1
429,47263,1221,363,6,10,1,-1,-1,-1
429,47258,601,366,5,15,1,-1,-1,-1
430,47345,565,360,35,34,1,-1,-1,-1
430,47343,850,361,21,9,1,-1,-1,-1
430,47342,613,361,11,11,1,-1,-1,-1
430,47339,1169,361,29,11,1,-1,-1,-1
430,47336,726,361,23,9,1,-1,-1,-1
430,47334,536,360,29,26,1,-1,-1,-1
430,47325,787,359,27,11,1,-1,-1,-1
430,47320,626,353,27,22,1,-1,-1,-1
430,47315,591,358,14,14,1,-1,-1,-1
430,47306,1094,363,25,7,1,-1,-1,-1
430,47304,623,371,33,25,1,-1,-1,-1
430,47299,1199,364,24,7,1,-1,-1,-1
430,47298,600,389,146,105,1,-1,-1,-1
430,47296,667,363,20,7,1,-1,-1,-1
430,47284,608,364,5,6,1,-1,-1,-1
430,47282,967,363,10,5,1,-1,-1,-1
430,47280,629,375,21,17,1,-1,-1,-1
430,47278,690,363,11,7,1,-1,-1,-1
430,47275,934,363,9,7,1,-1,-1,-1
430,47268,761,363,5,5,1,-1,-1,-1
430,47263,1222,362,4,9,1,-1,-1,-1
430,47258,601,365,5,15,1,-1,-1,-1
431,47345,566,359,35,33,1,-1,-1,-1
431,47343,848,360,22,9,1,-1,-1,-1
431,47342,613,360,10,11,1,-1,-1,-1
431,47339,1168,360,30,11,1,-1,-1,-1
431,47336,726,360,22,9,1,-1,-1,-1
431,47334,536,359,29,26,1,-1,-1,-1
431,47325,782,358,31,11,1,-1,-1,-1
431,47320,626,353,27,21,1,-1,-1,-1
431,47315,591,357,14,14,1,-1,-1,-1
431,47306,1095,362,24,7,1,-1,-1,-1
431,47304,623,370,33,25,1,-1,-1,-1
431,47299,1199,363,22,6,1,-1,-1,-1
431,47298,599,388,145,105,1,-1,-1,-1
431,47296,667,362,20,7,1,-1,-1,-1
431,47284,607,363,6,6,1,-1,-1,-1
431,47282,965,362,9,5,1,-1,-1,-1
431,47280,629,374,21,17,1,-1,-1,-1
431,47278,690,362,10,7,1,-1,-1,-1
431,47275,932,363,9,6,1,-1,-1,-1
431,47268,760,362,6,5,1,-1,-1,-1
431,47263,1222,361,4,9,1,-1,-1,-1
431,47258,602,364,4,15,1,-1,-1,-1
432,47345,566,358,35,33,1,-1,-1,-1
432,47343,846,359,22,9,1,-1,-1,-1
432,47342,613,359,10,11,1,-1,-1,-1
432,47339,1168,359,30,11,1,-1,-1,-1
432,47336,725,359,23,7,1,-1,-1,-1
432,47334,537,358,29,26,1,-1,-1,-1
432,47325,780,357,31,11,1,-1,-1,-1
432,47320,626,352,27,21,1,-1,-1,-1
432,47315,591,357,14,13,1,-1,-1,-1
432,47306,1093,362,24,6,1,-1,-1,-1
432,47304,623,370,33,24,1,-1,-1,-1
432,47299,1199,362,23,8,1,-1,-1,-1
432,47298,598,387,145,105,1,-1,-1,-1
432,47296,667,361,21,7,1,-1,-1,-1
432,47284,605,362,8,6,1,-1,-1,-1
432,47282,963,361,10,5,1,-1,-1,-1
432,47280,629,373,21,17,1,-1,-1,-1
432,47278,690,361,8,7,1,-1,-1,-1
432,47275,931,362,8,6,1,-1,-1,-1
432,47268,758,361,7,5,1,-1,-1,-1
432,47263,1219,361,7,9,1,-1,-1,-1
432,47258,602,363,4,15,1,-1,-1,-1
433,47345,567,358,34,32,1,-1,-1,-1
433,47343,844,358,22,9,1,-1,-1,-1
433,47342,613,358,11,12,1,-1,-1,-1
433,47339,1168,358,30,11,1,-1,-1,-1
433,47337,852,358,15,9,1,-1,-1,-1
433,47336,725,358,22,7,1,-1,-1,-1
433,47334,537,358,29,25,1,-1,-1,-1
433,47329,528,358,13,9,1,-1,-1,-1
433,47325,779,356,30,11,1,-1,-1,-1
433,47320,626,351,27,22,1,-1,-1,-1
433,47315,591,356,14,14,1,-1,-1,-1
433,47306,1089,361,27,7,1,-1,-1,-1
433,47304,623,369,33,24,1,-1,-1,-1
433,47299,1196,361,26,8,1,-1,-1,-1
433,47298,597,387,144,104,1,-1,-1,-1
433,47296,667,360,23,7,1,-1,-1,-1
433,47284,606,361,7,6,1,-1,-1,-1
433,47282,961,361,9,6,1,-1,-1,-1
433,47280,629,372,21,17,1,-1,-1,-1
433,47278,692,361,6,6,1,-1,-1,-1
433,47275,927,361,9,6,1,-1,-1,-1
433,47268,757,361,7,5,1,-1,-1,-1
433,47263,1219,360,7,10,1,-1,-1,-1
433,47258,602,362,4,16,1,-1,-1,-1
434,47345,568,357,33,33,1,-1,-1,-1
434,47343,842,358,21,9,1,-1,-1,-1
434,47342,613,358,11,11,1,-1,-1,-1
434,47339,1168,358,30,11,1,-1,-1,-1
434,47337,851,358,14,9,1,-1,-1,-1
434,47336,724,358,23,7,1,-1,-1,-1
434,47334,538,358,28,25,1,-1,-1,-1
434,47329,525,358,16,9,1,-1,-1,-1
434,47325,777,356,31,11,1,-1,-1,-1
434,47320,626,351,27,22,1,-1,-1,-1
434,47315,590,356,15,13,1,-1,-1,-1
434,47306,1087,361,27,5,1,-1,-1,-1
434,47304,623,369,33,23,1,-1,-1,-1
434,47299,1196,361,25,8,1,-1,-1,-1
434,47298,597,387,141,103,1,-1,-1,-1
434,47296,667,360,23,7,1,-1,-1,-1
434,47284,606,361,6,6,1,-1,-1,-1
434,47282,959,360,9,7,1,-1,-1,-1
434,47280,629,372,21,17,1,-1,-1,-1
434,47278,692,360,6,7,1,-1,-1,-1
434,47275,925,361,9,6,1,-1,-1,-1
434,47268,757,360,4,5,1,-1,-1,-1
434,47263,1220,360,6,8,1,-1,-1,-1
434,47258,602,362,5,16,1,-1,-1,-1
435,47345,568,358,34,32,1,-1,-1,-1
435,47343,840,358,22,9,1,-1,-1,-1
435,47342,613,358,11,12,1,-1,-1,-1
435,47339,1168,358,29,11,1,-1,-1,-1
435,47337,848,358,15,9,1,-1,-1,-1
435,47336,723,358,23,9,1,-1,-1,-1
435,47334,538,358,29,25,1,-1,-1,-1
435,47329,522,358,18,10,1,-1,-1,-1
435,47325,776,357,30,10,1,-1,-1,-1
435,47320,626,352,27,21,1,-1,-1,-1
435,47315,590,356,15,14,1,-1,-1,-1
435,47306,1086,361,26,7,1,-1,-1,-1
435,47304,623,369,33,22,1,-1,-1,-1
435,47299,1196,361,25,7,1,-1,-1,-1
435,47298,596,387,140,102,1,-1,-1,-1
435,47296,667,360,23,8,1,-1,-1,-1
435,47284,606,361,6,7,1,-1,-1,-1
435,47282,956,361,10,6,1,-1,-1,-1
435,47280,629,372,21,17,1,-1,-1,-1
435,47278,692,361,4,6,1,-1,-1,-1
435,47275,924,361,6,5,1,-1,-1,-1
435,47268,754,360,5,6,1,-1,-1,-1
435,47263,1221,360,5,10,1,-1,-1,-1
435,47258,603,362,4,15,1,-1,-1,-1
436,47345,569,358,33,32,1,-1,-1,-1
436,47343,841,359,19,9,1,-1,-1,-1
436,47342,613,359,11,11,1,-1,-1,-1
436,47339,1168,359,29,11,1,-1,-1,-1
436,47336,723,359,22,7,1,-1,-1,-1
436,47334,539,359,28,25,1,-1,-1,-1
436,47329,519,359,21,9,1,-1,-1,-1
436,47325,774,357,31,11,1,-1,-1,-1
436,47320,626,352,27,21,1,-1,-1,-1
436,47315,590,357,15,13,1,-1,-1,-1
436,47306,1084,362,26,6,1,-1,-1,-1
436,47304,623,370,33,21,1,-1,-1,-1
436,47299,1198,362,21,7,1,-1,-1,-1
436,47298,596,387,137,102,1,-1,-1,-1
436,47296,667,361,20,7,1,-1,-1,-1
436,47293,563,359,9,10,1,-1,-1,-1
436,47284,606,362,5,6,1,-1,-1,-1
436,47282,956,361,8,7,1,-1,-1,-1
436,47280,629,373,21,16,1,-1,-1,-1
436,47278,692,361,4,5,1,-1,-1,-1
436,47275,921,362,9,4,1,-1,-1,-1
436,47268,753,361,7,5,1,-1,-1,-1
436,47263,1222,361,4,8,1,-1,-1,-1
436,47258,603,363,4,15,1,-1,-1,-1
437,47345,569,359,33,32,1,-1,-1,-1
437,47343,836,360,22,9,1,-1,-1,-1
437,47342,613,360,11,11,1,-1,-1,-1
437,47339,1168,360,29,11,1,-1,-1,-1
437,47336,722,360,23,7,1,-1,-1,-1
437,47334,539,360,29,24,1,-1,-1,-1
437,47329,517,360,21,9,1,-1,-1,-1
437,47325,772,358,31,11,1,-1,-1,-1
437,47320,626,353,27,21,1,-1,-1,-1
437,47315,590,357,15,14,1,-1,-1,-1
437,47306,1084,362,24,7,1,-1,-1,-1
437,47304,623,370,33,21,1,-1,-1,-1
437,47299,1198,363,23,8,1,-1,-1,-1
437,47298,596,388,136,101,1,-1,-1,-1
437,47296,667,362,21,7,1,-1,-1,-1
437,47293,562,360,11,9,1,-1,-1,-1
437,47284,606,363,5,6,1,-1,-1,-1
437,47282,953,362,10,4,1,-1,-1,-1
437,47280,629,374,21,16,1,-1,-1,-1
437,47278,692,362,4,5,1,-1,-1,-1
437,47275,918,363,10,4,1,-1,-1,-1
437,47268,754,362,5,5,1,-1,-1,-1
437,47263,1217,362,7,7,1,-1,-1,-1
437,47258,603,364,4,14,1,-1,-1,-1
438,47345,570,360,33,31,1,-1,-1,-1
438,47343,834,363,22,5,1,-1,-1,-1
438,47342,613,361,11,11,1,-1,-1,-1
438,47339,1168,361,29,11,1,-1,-1,-1
438,47336,722,361,22,8,1,-1,-1,-1
438,47334,540,361,28,24,1,-1,-1,-1
438,47329,513,361,22,9,1,-1,-1,-1
438,47325,772,359,30,11,1,-1,-1,-1
438,47320,626,354,27,21,1,-1,-1,-1
438,47315,590,358,15,14,1,-1,-1,-1
438,47306,1081,363,26,7,1,-1,-1,-1
438,47304,623,371,33,21,1,-1,-1,-1
438,47299,1198,364,24,6,1,-1,-1,-1
438,47298,595,389,135,101,1,-1,-1,-1
438,47296,667,363,21,7,1,-1,-1,-1
438,47293,563,361,10,9,1,-1,-1,-1
438,47284,606,364,4,6,1,-1,-1,-1
438,47282,952,363,10,4,1,-1,-1,-1
438,47280,629,374,21,16,1,-1,-1,-1
438,47275,916,363,9,5,1,-1,-1,-1
438,47268,751,363,6,5,1,-1,-1,-1
438,47263,1217,363,7,7,1,-1,-1,-1
438,47258,603,365,4,14,1,-1,-1,-1
439,47345,571,361,32,31,1,-1,-1,-1
439,47343,832,364,22,5,1,-1,-1,-1
439,47342,613,362,11,11,1,-1,-1,-1
439,47339,1168,361,29,12,1,-1,-1,-1
439,47336,721,362,23,8,1,-1,-1,-1
439,47334,540,361,28,25,1,-1,-1,-1
439,47329,512,362,20,9,1,-1,-1,-1
439,47325,769,360,31,11,1,-1,-1,-1
439,47320,626,355,27,21,1,-1,-1,-1
439,47315,590,359,15,14,1,-1,-1,-1
439,47306,1079,364,26,5,1,-1,-1,-1
439,47304,623,372,33,20,1,-1,-1,-1
439,47299,1196,365,25,6,1,-1,-1,-1
439,47298,595,389,135,102,1,-1,-1,-1
439,47296,667,364,21,7,1,-1,-1,-1
439,47293,564,362,9,9,1,-1,-1,-1
439,47284,606,365,4,6,1,-1,-1,-1
439,47282,950,364,10,4,1,-1,-1,-1
439,47280,629,375,21,16,1,-1,-1,-1
439,47275,914,364,9,7,1,-1,-1,-1
439,47268,751,364,5,5,1,-1,-1,-1
439,47263,1218,363,7,10,1,-1,-1,-1
439,47258,604,365,3,15,1,-1,-1,-1
440,47345,571,361,32,31,1,-1,-1,-1
440,47343,830,362,18,7,1,-1,-1,-1
440,47342,613,362,11,11,1,-1,-1,-1
440,47339,1169,362,28,11,1,-1,-1,-1
440,47336,720,362,23,9,1,-1,-1,-1
440,47334,541,362,27,24,1,-1,-1,-1
440,47329,508,362,21,9,1,-1,-1,-1
440,47325,768,360,31,11,1,-1,-1,-1
440,47320,626,355,27,21,1,-1,-1,-1
440,47315,590,360,15,13,1,-1,-1,-1
440,47306,1078,365,25,4,1,-1,-1,-1
440,47304,623,372,33,21,1,-1,-1,-1
440,47299,1198,365,24,8,1,-1,-1,-1
440,47298,594,390,135,102,1,-1,-1,-1
440,47296,667,364,21,7,1,-1,-1,-1
440,47293,563,362,11,10,1,-1,-1,-1
440,47282,949,364,10,7,1,-1,-1,-1
440,47280,629,376,21,15,1,-1,-1,-1
440,47278,683,368,10,3,1,-1,-1,-1
440,47275,913,365,8,4,1,-1,-1,-1
440,47268,748,364,6,6,1,-1,-1,-1
440,47263,1219,364,7,9,1,-1,-1,-1
440,47258,604,366,3,14,1,-1,-1,-1
441,47345,572,361,31,31,1,-1,-1,-1
441,47343,829,362,22,7,1,-1,-1,-1
441,47342,613,362,11,11,1,-1,-1,-1
441,47339,1168,362,29,11,1,-1,-1,-1
441,47336,719,362,23,9,1,-1,-1,-1
441,47334,541,361,28,25,1,-1,-1,-1
441,47329,506,362,20,9,1,-1,-1,-1
441,47325,766,360,31,11,1,-1,-1,-1
441,47320,626,355,27,21,1,-1,-1,-1
441,47315,590,359,15,14,1,-1,-1,-1
441,47306,1075,364,27,5,1,-1,-1,-1
441,47304,623,372,33,21,1,-1,-1,-1
441,47299,1190,364,32,7,1,-1,-1,-1
441,47298,594,390,135,103,1,-1,-1,-1
441,47296,667,364,21,7,1,-1,-1,-1
441,47293,564,362,10,9,1,-1,-1,-1
441,47282,948,364,9,4,1,-1,-1,-1
441,47280,629,375,21,16,1,-1,-1,-1
441,47278,683,368,10,3,1,-1,-1,-1
441,47275,910,364,9,5,1,-1,-1,-1
441,47268,748,364,5,5,1,-1,-1,-1
441,47263,1218,363,7,10,1,-1,-1,-1
441,47258,604,366,4,14,1,-1,-1,-1
442,47345,572,360,32,31,1,-1,-1,-1
442,47343,827,361,22,7,1,-1,-1,-1
442,47342,613,361,11,11,1,-1,-1,-1
442,47339,1167,361,31,11,1,-1,-1,-1
442,47336,719,361,23,9,1,-1,-1,-1
442,47334,542,361,27,24,1,-1,-1,-1
442,47329,502,361,21,7,1,-1,-1,-1
442,47325,765,359,31,11,1,-1,-1,-1
442,47320,626,354,27,21,1,-1,-1,-1
442,47315,590,358,15,14,1,-1,-1,-1
442,47309,611,364,16,7,1,-1,-1,-1
442,47306,1074,363,26,6,1,-1,-1,-1
442,47304,623,371,33,21,1,-1,-1,-1
442,47299,1198,364,24,7,1,-1,-1,-1
442,47298,593,389,136,104,1,-1,-1,-1
442,47296,667,363,21,7,1,-1,-1,-1
442,47293,564,361,9,10,1,-1,-1,-1
442,47282,947,363,9,7,1,-1,-1,-1
442,47280,629,375,21,16,1,-1,-1,-1
442,47278,682,368,11,2,1,-1,-1,-1
442,47275,908,364,9,4,1,-1,-1,-1
442,47268,747,363,6,6,1,-1,-1,-1
442,47263,1220,363,5,8,1,-1,-1,-1
442,47258,604,365,4,14,1,-1,-1,-1
443,47345,573,359,31,30,1,-1,-1,-1
443,47343,825,360,22,7,1,-1,-1,-1
443,47342,613,360,11,11,1,-1,-1,-1
443,47339,1167,360,30,11,1,-1,-1,-1
443,47336,719,360,22,9,1,-1,-1,-1
443,47334,542,360,27,24,1,-1,-1,-1
443,47329,500,360,20,8,1,-1,-1,-1
443,47325,763,358,29,11,1,-1,-1,-1
443,47320,626,353,27,21,1,-1,-1,-1
443,47315,590,357,15,14,1,-1,-1,-1
443,47309,610,363,17,7,1,-1,-1,-1
443,47306,1072,362,26,6,1,-1,-1,-1
443,47304,623,370,33,21,1,-1,-1,-1
443,47299,1198,363,20,7,1,-1,-1,-1
443,47298,593,388,136,105,1,-1,-1,-1
443,47296,667,362,22,7,1,-1,-1,-1
443,47293,564,360,8,10,1,-1,-1,-1
443,47282,945,362,10,7,1,-1,-1,-1
443,47280,629,374,21,16,1,-1,-1,-1
443,47275,905,363,9,4,1,-1,-1,-1
443,47268,746,362,5,5,1,-1,-1,-1
443,47263,1217,362,7,9,1,-1,-1,-1
443,47258,604,364,4,14,1,-1,-1,-1
444,47345,573,358,31,30,1,-1,-1,-1
444,47343,823,359,23,7,1,-1,-1,-1
444,47342,613,359,11,11,1,-1,-1,-1
444,47339,1167,359,30,11,1,-1,-1,-1
444,47336,717,359,23,9,1,-1,-1,-1
444,47334,543,359,27,23,1,-1,-1,-1
444,47329,497,359,20,8,1,-1,-1,-1
444,47325,762,357,31,11,1,-1,-1,-1
444,47320,626,352,27,21,1,-1,-1,-1
444,47315,590,356,15,14,1,-1,-1,-1
444,47309,609,362,18,6,1,-1,-1,-1
444,47306,1070,361,26,6,1,-1,-1,-1
444,47304,623,369,33,21,1,-1,-1,-1
444,47299,1198,362,21,7,1,-1,-1,-1
444,47298,592,387,137,106,1,-1,-1,-1
444,47296,667,361,22,7,1,-1,-1,-1
444,47282,945,361,8,4,1,-1,-1,-1
444,47280,629,373,21,16,1,-1,-1,-1
444,47275,903,362,9,4,1,-1,-1,-1
444,47268,744,361,6,5,1,-1,-1,-1
444,47263,1216,360,10,10,1,-1,-1,-1
444,47258,605,363,3,14,1,-1,-1,-1
445,47345,574,357,30,30,1,-1,-1,-1
445,47343,821,358,23,7,1,-1,-1,-1
445,47342,613,358,11,11,1,-1,-1,-1
445,47339,1167,358,30,11,1,-1,-1,-1
445,47336,717,358,22,9,1,-1,-1,-1
445,47334,543,358,27,23,1,-1,-1,-1
445,47329,495,358,19,7,1,-1,-1,-1
445,47325,760,356,31,11,1,-1,-1,-1
445,47320,626,351,27,21,1,-1,-1,-1
445,47315,590,355,15,14,1,-1,-1,-1
445,47309,609,361,18,7,1,-1,-1,-1
445,47306,1068,360,26,6,1,-1,-1,-1
445,47304,623,368,33,21,1,-1,-1,-1
445,47299,1197,361,23,7,1,-1,-1,-1
445,47298,592,387,136,105,1,-1,-1,-1
445,47296,667,360,24,7,1,-1,-1,-1
445,47282,943,360,9,7,1,-1,-1,-1
445,47280,629,372,21,16,1,-1,-1,-1
445,47275,900,361,10,6,1,-1,-1,-1
445,47268,743,360,6,5,1,-1,-1,-1
445,47263,1216,359,10,10,1,-1,-1,-1
445,47258,605,362,3,14,1,-1,-1,-1
446,47345,574,357,31,29,1,-1,-1,-1
446,47343,820,357,22,7,1,-1,-1,-1
446,47342,613,357,11,11,1,-1,-1,-1
446,47339,1166,357,30,11,1,-1,-1,-1
446,47336,717,357,22,8,1,-1,-1,-1
446,47334,544,357,27,23,1,-1,-1,-1
446,47329,493,357,18,8,1,-1,-1,-1
446,47325,759,355,31,11,1,-1,-1,-1
446,47320,626,350,27,21,1,-1,-1,-1
446,47315,590,355,15,13,1,-1,-1,-1
446,47309,609,360,18,7,1,-1,-1,-1
446,47306,1066,360,26,6,1,-1,-1,-1
446,47304,623,368,33,20,1,-1,-1,-1
446,47299,1198,360,20,7,1,-1,-1,-1
446,47298,592,386,135,105,1,-1,-1,-1
446,47296,667,359,24,7,1,-1,-1,-1
446,47283,621,359,5,8,1,-1,-1,-1
446,47282,940,359,10,6,1,-1,-1,-1
446,47280,629,371,21,16,1,-1,-1,-1
446,47275,898,360,9,6,1,-1,-1,-1
446,47268,741,359,5,5,1,-1,-1,-1
446,47263,1219,359,5,9,1,-1,-1,-1
446,47258,605,361,3,14,1,-1,-1,-1
447,47345,575,356,30,29,1,-1,-1,-1
447,47343,818,357,22,7,1,-1,-1,-1
447,47342,613,357,11,11,1,-1,-1,-1
447,47339,1166,357,30,11,1,-1,-1,-1
447,47336,717,357,22,9,1,-1,-1,-1
447,47334,544,357,27,23,1,-1,-1,-1
447,47329,493,357,15,7,1,-1,-1,-1
447,47325,757,355,31,11,1,-1,-1,-1
447,47320,626,350,27,21,1,-1,-1,-1
447,47315,590,354,15,12,1,-1,-1,-1
447,47309,609,360,18,7,1,-1,-1,-1
447,47306,1063,359,26,7,1,-1,-1,-1
447,47304,623,367,33,21,1,-1,-1,-1
447,47299,1197,360,22,7,1,-1,-1,-1
447,47298,592,385,134,105,1,-1,-1,-1
447,47296,668,359,21,7,1,-1,-1,-1
447,47282,939,359,10,5,1,-1,-1,-1
447,47280,629,370,21,16,1,-1,-1,-1
447,47275,896,360,9,6,1,-1,-1,-1
447,47268,742,359,4,5,1,-1,-1,-1
447,47263,1218,358,5,10,1,-1,-1,-1
447,47260,1275,364,4,5,1,-1,-1,-1
447,47258,605,361,4,14,1,-1,-1,-1
448,47345,575,356,30,29,1,-1,-1,-1
448,47343,816,357,22,7,1,-1,-1,-1
448,47342,613,357,11,11,1,-1,-1,-1
448,47339,1165,357,31,11,1,-1,-1,-1
448,47336,715,357,23,9,1,-1,-1,-1
448,47334,545,357,26,23,1,-1,-1,-1
448,47325,756,355,31,11,1,-1,-1,-1
448,47320,626,350,27,21,1,-1,-1,-1
448,47315,590,354,15,9,1,-1,-1,-1
448,47309,609,361,18,6,1,-1,-1,-1
448,47306,1061,359,26,7,1,-1,-1,-1
448,47304,623,367,33,21,1,-1,-1,-1
448,47299,1187,360,31,7,1,-1,-1,-1
448,47298,591,385,134,104,1,-1,-1,-1
448,47296,668,359,21,7,1,-1,-1,-1
448,47282,936,359,7,5,1,-1,-1,-1
448,47280,629,370,21,16,1,-1,-1,-1
448,47275,893,359,9,7,1,-1,-1,-1
448,47268,739,359,6,5,1,-1,-1,-1
448,47263,1215,358,8,10,1,-1,-1,-1
448,47258,605,360,4,14,1,-1,-1,-1
449,47345,576,357,30,28,1,-1,-1,-1
449,47343,814,357,23,9,1,-1,-1,-1
449,47342,613,357,11,11,1,-1,-1,-1
449,47339,1165,357,30,11,1,-1,-1,-1
449,47336,718,357,20,9,1,-1,-1,-1
449,47334,546,357,26,23,1,-1,-1,-1
449,47326,1270,356,9,12,1,-1,-1,-1
449,47325,754,355,32,11,1,-1,-1,-1
449,47320,626,350,27,22,1,-1,-1,-1
449,47315,590,355,15,10,1,-1,-1,-1
449,47309,605,361,22,6,1,-1,-1,-1
449,47306,1059,359,26,7,1,-1,-1,-1
449,47304,623,367,33,21,1,-1,-1,-1
449,47299,1196,360,22,8,1,-1,-1,-1
449,47298,591,385,133,103,1,-1,-1,-1
449,47296,668,359,21,7,1,-1,-1,-1
449,47293,540,357,8,10,1,-1,-1,-1
449,47282,935,359,8,5,1,-1,-1,-1
449,47280,629,370,21,16,1,-1,-1,-1
449,47275,891,360,9,6,1,-1,-1,-1
449,47268,739,359,4,5,1,-1,-1,-1
449,47263,1217,359,7,9,1,-1,-1,-1
449,47260,1272,359,7,9,1,-1,-1,-1
449,47258,605,361,4,13,1,-1,-1,-1
450,47345,576,357,30,28,1,-1,-1,-1
450,47343,812,357,23,10,1,-1,-1,-1
450,47342,613,357,11,12,1,-1,-1,-1
450,47339,1164,358,31,10,1,-1,-1,-1
450,47336,715,357,23,10,1,-1,-1,-1
450,47334,546,357,26,23,1,-1,-1,-1
450,47326,1269,356,10,12,1,-1,-1,-1
450,47325,753,356,31,9,1,-1,-1,-1
450,47320,626,350,27,22,1,-1,-1,-1
450,47315,590,355,15,10,1,-1,-1,-1
450,47309,604,361,21,6,1,-1,-1,-1
450,47306,1056,360,26,7,1,-1,-1,-1
450,47304,623,368,33,20,1,-1,-1,-1
450,47299,1187,360,30,8,1,-1,-1,-1
450,47298,591,386,131,102,1,-1,-1,-1
450,47296,667,359,22,8,1,-1,-1,-1
450,47293,538,358,10,9,1,-1,-1,-1
450,47282,933,360,10,5,1,-1,-1,-1
450,47280,629,371,21,16,1,-1,-1,-1
450,47275,889,360,8,7,1,-1,-1,-1
450,47268,739,360,4,5,1,-1,-1,-1
450,47263,1216,359,7,10,1,-1,-1,-1
450,47260,1273,359,6,11,1,-1,-1,-1
450,47258,606,361,3,14,1,-1,-1,-1
451,47345,577,358,29,28,1,-1,-1,-1
451,47343,811,358,22,8,1,-1,-1,-1
451,47342,613,358,11,12,1,-1,-1,-1
451,47339,1164,358,30,11,1,-1,-1,-1
451,47336,714,358,24,10,1,-1,-1,-1
451,47334,547,358,26,23,1,-1,-1,-1
451,47326,1268,356,11,13,1,-1,-1,-1
451,47325,751,356,32,10,1,-1,-1,-1
451,47320,626,351,27,22,1,-1,-1,-1
451,47315,590,356,15,9,1,-1,-1,-1
451,47309,606,361,18,6,1,-1,-1,-1
451,47306,1054,361,26,7,1,-1,-1,-1
451,47304,623,369,33,19,1,-1,-1,-1
451,47299,1186,361,30,8,1,-1,-1,-1
451,47298,591,386,129,102,1,-1,-1,-1
451,47296,667,360,22,8,1,-1,-1,-1
451,47293,536,359,13,9,1,-1,-1,-1
451,47282,931,360,10,6,1,-1,-1,-1
451,47280,629,372,21,15,1,-1,-1,-1
451,47275,886,363,9,5,1,-1,-1,-1
451,47268,738,360,2,6,1,-1,-1,-1
451,47263,1214,360,10,8,1,-1,-1,-1
451,47260,1274,360,5,9,1,-1,-1,-1
451,47258,606,362,3,14,1,-1,-1,-1
452,47345,577,359,29,28,1,-1,-1,-1
452,47343,809,359,22,8,1,-1,-1,-1
452,47342,613,359,11,12,1,-1,-1,-1
452,47339,1163,359,31,11,1,-1,-1,-1
452,47336,715,359,23,9,1,-1,-1,-1
452,47334,547,359,26,23,1,-1,-1,-1
452,47326,1269,357,10,13,1,-1,-1,-1
452,47325,750,357,31,10,1,-1,-1,-1
452,47320,626,352,27,22,1,-1,-1,-1
452,47306,1052,362,25,7,1,-1,-1,-1
452,47304,623,370,33,19,1,-1,-1,-1
452,47299,1194,362,21,7,1,-1,-1,-1
452,47298,591,387,128,100,1,-1,-1,-1
452,47296,667,361,22,8,1,-1,-1,-1
452,47293,534,360,15,9,1,-1,-1,-1
452,47282,929,361,10,6,1,-1,-1,-1
452,47280,629,373,21,15,1,-1,-1,-1
452,47275,885,362,5,4,1,-1,-1,-1
452,47263,1214,361,8,8,1,-1,-1,-1
452,47260,1271,361,7,9,1,-1,-1,-1
452,47258,606,363,3,13,1,-1,-1,-1
453,47345,578,360,28,28,1,-1,-1,-1
453,47343,807,360,22,8,1,-1,-1,-1
453,47342,613,360,11,12,1,-1,-1,-1
453,47339,1163,360,30,11,1,-1,-1,-1
453,47336,715,360,23,9,1,-1,-1,-1
453,47334,548,360,25,23,1,-1,-1,-1
453,47326,1267,358,12,13,1,-1,-1,-1
453,47325,749,358,31,10,1,-1,-1,-1
453,47320,626,353,27,22,1,-1,-1,-1
453,47306,1050,363,25,7,1,-1,-1,-1
453,47304,623,371,33,19,1,-1,-1,-1
453,47299,1183,363,31,8,1,-1,-1,-1
453,47298,590,388,127,99,1,-1,-1,-1
453,47296,667,362,22,8,1,-1,-1,-1
453,47293,532,361,18,9,1,-1,-1,-1
453,47282,927,363,11,5,1,-1,-1,-1
453,47280,629,374,21,15,1,-1,-1,-1
453,47275,881,363,9,7,1,-1,-1,-1
453,47263,1214,362,8,10,1,-1,-1,-1
453,47260,1267,362,10,12,1,-1,-1,-1
453,47258,606,364,4,13,1,-1,-1,-1
454,47345,578,361,29,27,1,-1,-1,-1
454,47343,806,361,22,8,1,-1,-1,-1
454,47342,612,361,12,12,1,-1,-1,-1
454,47339,1162,361,31,11,1,-1,-1,-1
454,47336,715,361,23,9,1,-1,-1,-1
454,47334,548,361,26,23,1,-1,-1,-1
454,47326,1267,359,12,13,1,-1,-1,-1
454,47325,747,359,31,10,1,-1,-1,-1
454,47320,626,354,27,22,1,-1,-1,-1
454,47306,1047,364,26,7,1,-1,-1,-1
454,47304,623,372,33,19,1,-1,-1,-1
454,47299,1193,364,20,7,1,-1,-1,-1
454,47298,590,389,126,98,1,-1,-1,-1
454,47296,667,363,22,8,1,-1,-1,-1
454,47293,529,362,21,9,1,-1,-1,-1
454,47282,925,364,11,5,1,-1,-1,-1
454,47280,629,375,21,14,1,-1,-1,-1
454,47275,879,364,9,7,1,-1,-1,-1
454,47263,1217,363,5,10,1,-1,-1,-1
454,47260,1266,363,10,9,1,-1,-1,-1
454,47258,606,365,4,14,1,-1,-1,-1
455,47345,579,362,28,27,1,-1,-1,-1
455,47343,807,362,19,9,1,-1,-1,-1
455,47342,612,362,12,12,1,-1,-1,-1
455,47339,1163,362,29,11,1,-1,-1,-1
455,47336,716,362,23,10,1,-1,-1,-1
455,47334,549,362,25,22,1,-1,-1,-1
455,47326,1268,360,11,13,1,-1,-1,-1
455,47325,746,360,31,10,1,-1,-1,-1
455,47320,626,355,27,22,1,-1,-1,-1
455,47306,1045,365,26,7,1,-1,-1,-1
455,47304,623,373,33,18,1,-1,-1,-1
455,47299,1192,365,19,8,1,-1,-1,-1
455,47298,590,390,125,97,1,-1,-1,-1
455,47296,667,364,22,8,1,-1,-1,-1
455,47293,527,363,23,9,1,-1,-1,-1
455,47282,923,365,11,5,1,-1,-1,-1
455,47280,629,376,21,14,1,-1,-1,-1
455,47275,877,365,9,7,1,-1,-1,-1
455,47263,1218,364,4,8,1,-1,-1,-1
455,47260,1266,364,9,11,1,-1,-1,-1
455,47258,606,366,4,13,1,-1,-1,-1
456,47345,579,363,28,27,1,-1,-1,-1
456,47343,803,363,21,9,1,-1,-1,-1
456,47342,612,363,12,12,1,-1,-1,-1
456,47339,1161,363,31,11,1,-1,-1,-1
456,47337,810,363,15,9,1,-1,-1,-1
456,47336,715,363,23,9,1,-1,-1,-1
456,47334,549,363,25,22,1,-1,-1,-1
456,47326,1268,361,11,13,1,-1,-1,-1
456,47325,745,361,31,10,1,-1,-1,-1
456,47320,626,356,27,22,1,-1,-1,-1
456,47306,1043,366,25,4,1,-1,-1,-1
456,47304,624,373,32,19,1,-1,-1,-1
456,47299,1192,366,19,8,1,-1,-1,-1
456,47298,590,390,124,98,1,-1,-1,-1
456,47296,667,365,23,7,1,-1,-1,-1
456,47293,525,363,23,10,1,-1,-1,-1
456,47282,921,366,11,5,1,-1,-1,-1
456,47280,629,377,21,14,1,-1,-1,-1
456,47275,874,366,10,6,1,-1,-1,-1
456,47263,1217,365,7,8,1,-1,-1,-1
456,47260,1268,365,7,11,1,-1,-1,-1
456,47258,607,367,3,12,1,-1,-1,-1
457,47345,580,363,27,27,1,-1,-1,-1
457,47343,801,364,22,9,1,-1,-1,-1
457,47342,612,364,12,11,1,-1,-1,-1
457,47339,1161,364,31,11,1,-1,-1,-1
457,47336,715,364,24,9,1,-1,-1,-1
457,47334,550,364,24,22,1,-1,-1,-1
457,47326,1268,362,11,12,1,-1,-1,-1
457,47325,743,362,31,10,1,-1,-1,-1
457,47320,626,357,27,21,1,-1,-1,-1
457,47306,1043,366,23,7,1,-1,-1,-1
457,47304,623,374,33,18,1,-1,-1,-1
457,47299,1192,367,17,5,1,-1,-1,-1
457,47298,589,391,124,97,1,-1,-1,-1
457,47296,666,366,20,7,1,-1,-1,-1
457,47293,523,364,23,10,1,-1,-1,-1
457,47282,924,367,6,4,1,-1,-1,-1
457,47280,629,377,21,14,1,-1,-1,-1
457,47278,673,366,5,7,1,-1,-1,-1
457,47275,872,366,10,7,1,-1,-1,-1
457,47263,1215,365,9,10,1,-1,-1,-1
457,47260,1268,366,5,10,1,-1,-1,-1
457,47258,607,367,3,14,1,-1,-1,-1
458,47345,580,364,27,27,1,-1,-1,-1
458,47343,799,364,22,7,1,-1,-1,-1
458,47342,612,364,12,12,1,-1,-1,-1
458,47339,1160,364,32,11,1,-1,-1,-1
458,47336,715,364,24,10,1,-1,-1,-1
458,47334,550,364,25,22,1,-1,-1,-1
458,47326,1269,362,10,13,1,-1,-1,-1
458,47325,742,362,33,10,1,-1,-1,-1
458,47320,626,357,27,22,1,-1,-1,-1
458,47306,1038,367,25,5,1,-1,-1,-1
458,47304,623,374,33,19,1,-1,-1,-1
458,47299,1191,367,18,8,1,-1,-1,-1
458,47298,589,391,122,97,1,-1,-1,-1
458,47296,666,366,20,8,1,-1,-1,-1
458,47293,520,365,24,9,1,-1,-1,-1
458,47282,917,367,7,5,1,-1,-1,-1
458,47280,629,377,21,14,1,-1,-1,-1
458,47278,665,367,11,7,1,-1,-1,-1
458,47275,870,367,10,7,1,-1,-1,-1
458,47263,1215,366,8,8,1,-1,-1,-1
458,47260,1268,366,5,9,1,-1,-1,-1
458,47258,606,368,4,13,1,-1,-1,-1
459,47345,580,364,28,27,1,-1,-1,-1
459,47343,797,365,23,9,1,-1,-1,-1
459,47342,612,365,12,11,1,-1,-1,-1
459,47339,1160,365,30,11,1,-1,-1,-1
459,47337,805,365,16,9,1,-1,-1,-1
459,47336,716,365,23,9,1,-1,-1,-1
459,47334,550,365,25,21,1,-1,-1,-1
459,47325,740,363,32,10,1,-1,-1,-1
459,47320,626,358,27,21,1,-1,-1,-1
459,47306,1036,367,26,7,1,-1,-1,-1
459,47304,623,375,33,18,1,-1,-1,-1
459,47299,1176,368,32,6,1,-1,-1,-1
459,47298,589,392,121,96,1,-1,-1,-1
459,47296,666,367,21,7,1,-1,-1,-1
459,47293,518,365,23,10,1,-1,-1,-1
459,47282,916,368,10,4,1,-1,-1,-1
459,47280,629,378,21,14,1,-1,-1,-1
459,47278,664,368,7,6,1,-1,-1,-1
459,47275,870,367,8,7,1,-1,-1,-1
459,47263,1216,366,6,10,1,-1,-1,-1
459,47260,1263,367,9,10,1,-1,-1,-1
459,47258,606,368,4,14,1,-1,-1,-1
460,47345,581,364,27,27,1,-1,-1,-1
460,47343,796,365,22,9,1,-1,-1,-1
460,47342,612,365,12,11,1,-1,-1,-1
460,47339,1160,365,31,10,1,-1,-1,-1
460,47336,716,365,23,9,1,-1,-1,-1
460,47334,551,364,24,22,1,-1,-1,-1
460,47326,1269,363,10,12,1,-1,-1,-1
460,47325,740,363,31,9,1,-1,-1,-1
460,47320,626,358,27,21,1,-1,-1,-1
460,47312,629,360,22,5,1,-1,-1,-1
460,47306,1034,367,26,7,1,-1,-1,-1
460,47304,623,375,33,18,1,-1,-1,-1
460,47299,1176,368,32,7,1,-1,-1,-1
460,47298,589,391,120,96,1,-1,-1,-1
460,47296,666,367,21,7,1,-1,-1,-1
460,47293,516,365,23,10,1,-1,-1,-1
460,47282,914,368,10,4,1,-1,-1,-1
460,47280,629,378,21,14,1,-1,-1,-1
460,47278,662,367,11,7,1,-1,-1,-1
460,47275,866,367,10,6,1,-1,-1,-1
460,47263,1217,366,7,10,1,-1,-1,-1
460,47260,1263,366,9,11,1,-1,-1,-1
460,47258,606,368,4,13,1,-1,-1,-1
461,47345,581,364,27,26,1,-1,-1,-1
461,47343,794,364,23,7,1,-1,-1,-1
461,47342,612,364,12,12,1,-1,-1,-1
461,47339,1159,364,32,11,1,-1,-1,-1
461,47336,716,364,24,9,1,-1,-1,-1
461,47334,551,364,25,21,1,-1,-1,-1
461,47326,1269,363,10,12,1,-1,-1,-1
461,47325,740,362,31,10,1,-1,-1,-1
461,47320,626,357,27,22,1,-1,-1,-1
461,47306,1032,367,25,5,1,-1,-1,-1
461,47304,623,374,33,18,1,-1,-1,-1
461,47299,1176,367,31,6,1,-1,-1,-1
461,47298,589,391,119,94,1,-1,-1,-1
461,47296,665,366,22,8,1,-1,-1,-1
461,47293,514,364,22,10,1,-1,-1,-1
461,47282,912,366,9,5,1,-1,-1,-1
461,47280,629,377,21,14,1,-1,-1,-1
461,47278,660,366,8,8,1,-1,-1,-1
461,47275,864,367,10,6,1,-1,-1,-1
461,47263,1218,366,7,6,1,-1,-1,-1
461,47260,1263,366,11,11,1,-1,-1,-1
461,47258,607,368,3,12,1,-1,-1,-1
462,47345,581,363,27,26,1,-1,-1,-1
462,47343,793,363,17,10,1,-1,-1,-1
462,47342,612,363,12,12,1,-1,-1,-1
462,47339,1159,363,32,11,1,-1,-1,-1
462,47336,716,363,24,10,1,-1,-1,-1
462,47334,552,363,24,22,1,-1,-1,-1
462,47325,740,361,30,10,1,-1,-1,-1
462,47320,626,357,27,21,1,-1,-1,-1
462,47306,1030,366,25,5,1,-1,-1,-1
462,47304,623,374,33,17,1,-1,-1,-1
462,47299,1176,366,30,8,1,-1,-1,-1
462,47298,589,390,117,94,1,-1,-1,-1
462,47296,665,365,22,8,1,-1,-1,-1
462,47293,511,364,23,9,1,-1,-1,-1
462,47282,909,366,11,5,1,-1,-1,-1
462,47280,629,377,21,13,1,-1,-1,-1
462,47278,658,366,8,7,1,-1,-1,-1
462,47275,862,366,8,5,1,-1,-1,-1
462,47263,1218,365,7,10,1,-1,-1,-1
462,47260,1264,365,8,11,1,-1,-1,-1
462,47258,607,367,3,12,1,-1,-1,-1
463,47345,581,362,27,26,1,-1,-1,-1
463,47343,792,363,20,9,1,-1,-1,-1
463,47342,612,363,12,12,1,-1,-1,-1
463,47339,1159,363,31,11,1,-1,-1,-1
463,47336,716,363,24,9,1,-1,-1,-1
463,47334,552,363,24,21,1,-1,-1,-1
463,47325,741,361,26,10,1,-1,-1,-1
463,47320,626,356,27,21,1,-1,-1,-1
463,47306,1027,365,26,6,1,-1,-1,-1
463,47304,623,373,33,17,1,-1,-1,-1
463,47299,1173,366,33,6,1,-1,-1,-1
463,47298,589,389,116,93,1,-1,-1,-1
463,47296,664,365,24,7,1,-1,-1,-1
463,47293,508,363,24,10,1,-1,-1,-1
463,47282,908,365,10,7,1,-1,-1,-1
463,47280,629,376,21,13,1,-1,-1,-1
463,47278,657,365,7,8,1,-1,-1,-1
463,47275,860,365,10,6,1,-1,-1,-1
463,47263,1219,364,7,10,1,-1,-1,-1
463,47260,1262,365,11,10,1,-1,-1,-1
463,47258,607,366,4,13,1,-1,-1,-1
464,47345,582,362,26,26,1,-1,-1,-1
464,47343,790,362,22,10,1,-1,-1,-1
464,47342,612,362,12,12,1,-1,-1,-1
464,47339,1158,362,32,11,1,-1,-1,-1
464,47336,716,362,24,10,1,-1,-1,-1
464,47334,552,362,24,22,1,-1,-1,-1
464,47325,740,360,26,10,1,-1,-1,-1
464,47320,626,355,27,22,1,-1,-1,-1
464,47306,1025,365,26,5,1,-1,-1,-1
464,47304,623,373,33,16,1,-1,-1,-1
464,47299,1174,365,31,8,1,-1,-1,-1
464,47298,589,388,115,93,1,-1,-1,-1
464,47296,664,364,24,8,1,-1,-1,-1
464,47293,505,363,24,9,1,-1,-1,-1
464,47282,906,366,11,3,1,-1,-1,-1
464,47280,629,376,21,13,1,-1,-1,-1
464,47278,655,365,10,7,1,-1,-1,-1
464,47275,858,365,10,5,1,-1,-1,-1
464,47269,581,365,2,7,1,-1,-1,-1
464,47263,1217,364,8,10,1,-1,-1,-1
464,47260,1262,364,11,11,1,-1,-1,-1
464,47258,607,366,4,13,1,-1,-1,-1
465,47345,582,363,27,26,1,-1,-1,-1
465,47343,789,363,22,10,1,-1,-1,-1
465,47342,612,363,12,12,1,-1,-1,-1
465,47339,1158,363,32,11,1,-1,-1,-1
465,47336,717,364,23,9,1,-1,-1,-1
465,47334,553,363,24,22,1,-1,-1,-1
465,47325,738,361,27,12,1,-1,-1,-1
465,47320,626,357,27,21,1,-1,-1,-1
465,47312,628,359,23,5,1,-1,-1,-1
465,47306,1023,366,26,5,1,-1,-1,-1
465,47304,623,374,33,16,1,-1,-1,-1
465,47299,1173,366,31,8,1,-1,-1,-1
465,47298,589,389,115,93,1,-1,-1,-1
465,47296,664,366,24,7,1,-1,-1,-1
465,47293,504,364,22,10,1,-1,-1,-1
465,47282,905,366,11,7,1,-1,-1,-1
465,47280,629,377,21,13,1,-1,-1,-1
465,47278,653,366,10,7,1,-1,-1,-1
465,47275,856,366,10,5,1,-1,-1,-1
465,47269,581,366,2,9,1,-1,-1,-1
465,47263,1218,365,6,10,1,-1,-1,-1
465,47260,1261,365,12,11,1,-1,-1,-1
465,47258,607,367,4,13,1,-1,-1,-1
466,47345,582,364,27,26,1,-1,-1,-1
466,47343,787,365,23,9,1,-1,-1,-1
466,47342,612,365,10,12,1,-1,-1,-1
466,47339,1159,365,31,11,1,-1,-1,-1
466,47337,795,365,16,9,1,-1,-1,-1
466,47336,717,365,24,9,1,-1,-1,-1
466,47334,553,364,24,22,1,-1,-1,-1
466,47325,740,363,24,10,1,-1,-1,-1
466,47320,626,358,27,21,1,-1,-1,-1
466,47306,1021,368,25,5,1,-1,-1,-1
466,47304,623,375,33,17,1,-1,-1,-1
466,47299,1172,368,32,7,1,-1,-1,-1
466,47298,589,391,114,92,1,-1,-1,-1
466,47296,663,367,24,8,1,-1,-1,-1
466,47293,501,365,23,10,1,-1,-1,-1
466,47284,575,368,5,7,1,-1,-1,-1
466,47282,904,367,10,5,1,-1,-1,-1
466,47280,629,378,21,13,1,-1,-1,-1
466,47278,653,367,9,8,1,-1,-1,-1
466,47275,855,368,9,5,1,-1,-1,-1
466,47269,581,367,2,8,1,-1,-1,-1
466,47263,1217,367,8,9,1,-1,-1,-1
466,47260,1263,367,10,11,1,-1,-1,-1
466,47258,607,368,4,13,1,-1,-1,-1
467,47345,583,365,26,25,1,-1,-1,-1
467,47343,785,365,23,10,1,-1,-1,-1
467,47342,611,365,12,12,1,-1,-1,-1
467,47339,1158,365,32,11,1,-1,-1,-1
467,47336,717,365,24,10,1,-1,-1,-1
467,47334,553,365,24,21,1,-1,-1,-1
467,47325,733,363,29,12,1,-1,-1,-1
467,47320,626,358,27,22,1,-1,-1,-1
467,47304,623,376,33,16,1,-1,-1,-1
467,47299,1172,368,29,8,1,-1,-1,-1
467,47298,589,391,114,92,1,-1,-1,-1
467,47296,663,367,24,8,1,-1,-1,-1
467,47293,498,366,23,9,1,-1,-1,-1
467,47282,904,368,9,4,1,-1,-1,-1
467,47280,629,379,21,12,1,-1,-1,-1
467,47278,653,368,7,7,1,-1,-1,-1
467,47275,852,368,10,5,1,-1,-1,-1
467,47269,582,368,2,6,1,-1,-1,-1
467,47263,1218,367,8,10,1,-1,-1,-1
467,47260,1262,367,11,11,1,-1,-1,-1
467,47258,607,369,4,13,1,-1,-1,-1
468,47345,583,365,26,25,1,-1,-1,-1
468,47343,785,365,22,10,1,-1,-1,-1
468,47342,611,365,12,12,1,-1,-1,-1
468,47339,1158,365,32,11,1,-1,-1,-1
468,47336,717,365,24,10,1,-1,-1,-1
468,47334,553,365,24,21,1,-1,-1,-1
468,47325,732,363,29,12,1,-1,-1,-1
468,47320,626,358,27,22,1,-1,-1,-1
468,47306,1017,368,25,5,1,-1,-1,-1
468,47304,623,376,33,16,1,-1,-1,-1
468,47299,1182,368,20,8,1,-1,-1,-1
468,47298,588,391,114,93,1,-1,-1,-1
468,47296,662,367,25,8,1,-1,-1,-1
468,47293,496,366,22,9,1,-1,-1,-1
468,47282,901,367,11,6,1,-1,-1,-1
468,47280,629,379,21,12,1,-1,-1,-1
468,47278,653,368,4,7,1,-1,-1,-1
468,47275,851,368,9,5,1,-1,-1,-1
468,47269,582,368,2,6,1,-1,-1,-1
468,47263,1217,367,11,10,1,-1,-1,-1
468,47260,1262,367,10,11,1,-1,-1,-1
468,47258,607,369,4,12,1,-1,-1,-1
469,47345,583,364,26,26,1,-1,-1,-1
469,47343,783,365,23,9,1,-1,-1,-1
469,47342,611,365,12,12,1,-1,-1,-1
469,47339,1157,365,33,11,1,-1,-1,-1
469,47337,791,365,16,9,1,-1,-1,-1
469,47336,717,365,25,9,1,-1,-1,-1
469,47334,553,364,24,22,1,-1,-1,-1
469,47325,739,363,21,9,1,-1,-1,-1
469,47320,626,357,27,22,1,-1,-1,-1
469,47306,1015,367,25,5,1,-1,-1,-1
469,47304,623,375,33,16,1,-1,-1,-1
469,47299,1171,367,30,8,1,-1,-1,-1
469,47298,588,391,114,93,1,-1,-1,-1
469,47296,662,367,24,7,1,-1,-1,-1
469,47293,493,365,22,8,1,-1,-1,-1
469,47283,579,367,3,8,1,-1,-1,-1
469,47282,900,367,11,5,1,-1,-1,-1
469,47280,629,378,21,13,1,-1,-1,-1
469,47275,849,367,10,6,1,-1,-1,-1
469,47269,582,367,2,8,1,-1,-1,-1
469,47263,1219,366,8,10,1,-1,-1,-1
469,47260,1264,366,10,12,1,-1,-1,-1
469,47258,608,368,3,13,1,-1,-1,-1
470,47345,583,363,26,25,1,-1,-1,-1
470,47343,781,364,23,9,1,-1,-1,-1
470,47342,611,364,12,12,1,-1,-1,-1
470,47339,1157,364,33,11,1,-1,-1,-1
470,47336,717,364,25,9,1,-1,-1,-1
470,47334,553,363,24,21,1,-1,-1,-1
470,47325,738,361,21,10,1,-1,-1,-1
470,47320,626,356,27,22,1,-1,-1,-1
470,47309,552,368,26,5,1,-1,-1,-1
470,47306,1013,366,25,7,1,-1,-1,-1
470,47304,623,374,33,16,1,-1,-1,-1
470,47299,1170,366,31,8,1,-1,-1,-1
470,47298,587,390,115,93,1,-1,-1,-1
470,47296,661,366,25,7,1,-1,-1,-1
470,47293,490,364,23,8,1,-1,-1,-1
470,47283,577,366,5,8,1,-1,-1,-1
470,47282,899,366,11,5,1,-1,-1,-1
470,47280,629,377,21,13,1,-1,-1,-1
470,47275,847,366,9,6,1,-1,-1,-1
470,47269,582,366,2,10,1,-1,-1,-1
470,47263,1218,365,11,10,1,-1,-1,-1
470,47260,1262,365,12,12,1,-1,-1,-1
470,47258,608,367,3,13,1,-1,-1,-1
471,47345,583,362,26,25,1,-1,-1,-1
471,47343,780,362,23,10,1,-1,-1,-1
471,47342,611,362,12,13,1,-1,-1,-1
471,47339,1156,362,32,11,1,-1,-1,-1
471,47336,718,362,24,10,1,-1,-1,-1
471,47334,554,362,23,21,1,-1,-1,-1
471,47325,737,360,21,10,1,-1,-1,-1
471,47320,626,355,27,22,1,-1,-1,-1
471,47306,1011,365,25,7,1,-1,-1,-1
471,47304,623,373,33,16,1,-1,-1,-1
471,47299,1170,366,30,7,1,-1,-1,-1
471,47298,587,389,116,94,1,-1,-1,-1
471,47296,661,364,25,8,1,-1,-1,-1
471,47293,488,363,22,10,1,-1,-1,-1
471,47282,898,365,11,7,1,-1,-1,-1
471,47280,629,376,21,13,1,-1,-1,-1
471,47275,845,365,10,6,1,-1,-1,-1
471,47269,582,365,2,10,1,-1,-1,-1
471,47263,1220,364,9,10,1,-1,-1,-1
471,47260,1269,364,5,11,1,-1,-1,-1
471,47258,608,366,3,13,1,-1,-1,-1
472,47345,584,361,25,25,1,-1,-1,-1
472,47343,779,361,22,10,1,-1,-1,-1
472,47342,611,361,12,12,1,-1,-1,-1
472,47339,1167,367,22,5,1,-1,-1,-1
472,47336,718,361,24,10,1,-1,-1,-1
472,47334,554,361,23,21,1,-1,-1,-1
472,47325,736,359,22,10,1,-1,-1,-1
472,47320,626,354,27,22,1,-1,-1,-1
472,47306,1009,364,26,5,1,-1,-1,-1
472,47304,623,372,33,16,1,-1,-1,-1
472,47298,586,388,117,95,1,-1,-1,-1
472,47296,660,363,25,8,1,-1,-1,-1
472,47293,485,361,22,8,1,-1,-1,-1
472,47282,897,363,9,6,1,-1,-1,-1
472,47280,629,375,21,13,1,-1,-1,-1
472,47275,843,364,10,5,1,-1,-1,-1
472,47269,582,363,2,13,1,-1,-1,-1
472,47263,1220,363,10,10,1,-1,-1,-1
472,47260,1264,363,9,9,1,-1,-1,-1
472,47258,608,365,3,13,1,-1,-1,-1
473,47345,584,360,25,25,1,-1,-1,-1
473,47343,777,360,23,10,1,-1,-1,-1
473,47342,611,360,12,12,1,-1,-1,-1
473,47339,1155,363,29,8,1,-1,-1,-1
473,47336,718,360,24,10,1,-1,-1,-1
473,47334,554,360,23,21,1,-1,-1,-1
473,47325,735,358,22,10,1,-1,-1,-1
473,47320,626,353,27,22,1,-1,-1,-1
473,47309,542,364,13,7,1,-1,-1,-1
473,47306,1008,363,23,5,1,-1,-1,-1
473,47304,623,371,33,16,1,-1,-1,-1
473,47298,586,387,117,96,1,-1,-1,-1
473,47296,660,362,25,8,1,-1,-1,-1
473,47293,483,360,21,8,1,-1,-1,-1
473,47282,895,362,11,6,1,-1,-1,-1
473,47280,629,374,21,13,1,-1,-1,-1
473,47275,842,363,9,5,1,-1,-1,-1
473,47269,582,362,3,13,1,-1,-1,-1
473,47268,715,363,3,5,1,-1,-1,-1
473,47263,1222,366,8,3,1,-1,-1,-1
473,47260,1264,362,11,11,1,-1,-1,-1
473,47258,608,364,3,13,1,-1,-1,-1
474,47345,584,359,26,25,1,-1,-1,-1
474,47343,776,359,23,10,1,-1,-1,-1
474,47342,611,359,12,13,1,-1,-1,-1
474,47339,1154,359,33,11,1,-1,-1,-1
474,47337,785,359,15,9,1,-1,-1,-1
474,47336,718,359,24,10,1,-1,-1,-1
474,47334,554,359,24,21,1,-1,-1,-1
474,47325,734,357,22,10,1,-1,-1,-1
474,47320,626,352,27,22,1,-1,-1,-1
474,47309,538,362,17,8,1,-1,-1,-1
474,47306,1005,362,26,7,1,-1,-1,-1
474,47304,623,370,33,17,1,-1,-1,-1
474,47299,1187,362,11,8,1,-1,-1,-1
474,47298,585,386,118,97,1,-1,-1,-1
474,47296,659,361,25,8,1,-1,-1,-1
474,47293,482,359,19,8,1,-1,-1,-1
474,47282,893,361,11,6,1,-1,-1,-1
474,47280,629,373,21,13,1,-1,-1,-1
474,47275,840,362,9,5,1,-1,-1,-1
474,47269,582,361,3,13,1,-1,-1,-1
474,47260,1265,366,8,6,1,-1,-1,-1
474,47258,608,363,3,12,1,-1,-1,-1
475,47345,584,357,26,25,1,-1,-1,-1
475,47343,774,357,23,8,1,-1,-1,-1
475,47342,611,357,12,13,1,-1,-1,-1
475,47339,1155,357,31,9,1,-1,-1,-1
475,47336,718,357,24,10,1,-1,-1,-1
475,47334,554,357,24,21,1,-1,-1,-1
475,47325,734,355,22,10,1,-1,-1,-1
475,47320,626,350,27,22,1,-1,-1,-1
475,47309,534,360,21,8,1,-1,-1,-1
475,47306,1004,360,25,7,1,-1,-1,-1
475,47304,623,368,33,17,1,-1,-1,-1
475,47298,585,384,118,98,1,-1,-1,-1
475,47296,659,359,25,8,1,-1,-1,-1
475,47293,481,358,17,7,1,-1,-1,-1
475,47282,892,361,11,6,1,-1,-1,-1
475,47280,629,371,21,13,1,-1,-1,-1
475,47275,840,360,7,5,1,-1,-1,-1
475,47269,582,359,3,13,1,-1,-1,-1
475,47268,713,359,4,6,1,-1,-1,-1
475,47263,1218,359,11,10,1,-1,-1,-1
475,47258,608,361,3,11,1,-1,-1,-1
476,47345,585,353,25,25,1,-1,-1,-1
476,47343,773,354,23,9,1,-1,-1,-1
476,47342,611,354,12,12,1,-1,-1,-1
476,47339,1151,354,33,11,1,-1,-1,-1
476,47336,718,354,24,9,1,-1,-1,-1
476,47334,555,353,23,21,1,-1,-1,-1
476,47325,733,351,22,12,1,-1,-1,-1
476,47320,626,346,28,22,1,-1,-1,-1
476,47309,530,357,25,8,1,-1,-1,-1
476,47306,1002,356,25,5,1,-1,-1,-1
476,47304,623,364,33,17,1,-1,-1,-1
476,47299,1184,356,12,8,1,-1,-1,-1
476,47298,585,381,118,96,1,-1,-1,-1
476,47296,658,356,25,8,1,-1,-1,-1
476,47293,480,354,15,6,1,-1,-1,-1
476,47282,890,356,10,6,1,-1,-1,-1
476,47280,629,367,21,13,1,-1,-1,-1
476,47269,582,356,3,12,1,-1,-1,-1
476,47268,712,356,5,7,1,-1,-1,-1
476,47263,1219,355,8,10,1,-1,-1,-1
476,47260,1264,361,9,6,1,-1,-1,-1
476,47258,608,357,3,11,1,-1,-1,-1
477,47345,585,350,25,25,1,-1,-1,-1
477,47343,771,351,23,8,1,-1,-1,-1
477,47342,611,351,12,12,1,-1,-1,-1
477,47339,1150,351,33,11,1,-1,-1,-1
477,47337,780,351,15,8,1,-1,-1,-1
477,47336,718,351,24,10,1,-1,-1,-1
477,47334,555,351,23,20,1,-1,-1,-1
477,47325,726,349,28,12,1,-1,-1,-1
477,47320,626,344,28,21,1,-1,-1,-1
477,47309,527,354,27,7,1,-1,-1,-1
477,47306,999,353,26,6,1,-1,-1,-1
477,47304,623,361,33,17,1,-1,-1,-1
477,47299,1165,354,30,6,1,-1,-1,-1
477,47298,586,378,116,95,1,-1,-1,-1
477,47296,658,353,25,8,1,-1,-1,-1
477,47293,479,351,14,6,1,-1,-1,-1
477,47284,544,354,10,7,1,-1,-1,-1
477,47283,551,355,5,6,1,-1,-1,-1
477,47282,888,353,9,7,1,-1,-1,-1
477,47280,629,365,21,12,1,-1,-1,-1
477,47275,834,356,9,5,1,-1,-1,-1
477,47269,582,353,4,13,1,-1,-1,-1
477,47268,713,353,4,7,1,-1,-1,-1
477,47263,1221,352,5,9,1,-1,-1,-1
477,47260,1263,353,9,11,1,-1,-1,-1
477,47258,608,354,3,12,1,-1,-1,-1
478,47345,586,350,24,24,1,-1,-1,-1
478,47343,770,350,23,8,1,-1,-1,-1
478,47342,611,350,12,13,1,-1,-1,-1
478,47339,1148,350,33,9,1,-1,-1,-1
478,47336,717,350,25,10,1,-1,-1,-1
478,47334,556,350,23,21,1,-1,-1,-1
478,47325,726,348,27,12,1,-1,-1,-1
478,47320,626,343,28,22,1,-1,-1,-1
478,47309,523,354,27,7,1,-1,-1,-1
478,47306,997,353,26,7,1,-1,-1,-1
478,47304,623,361,33,17,1,-1,-1,-1
478,47298,586,377,115,95,1,-1,-1,-1
478,47296,657,352,25,9,1,-1,-1,-1
478,47284,541,353,11,8,1,-1,-1,-1
478,47283,547,353,8,8,1,-1,-1,-1
478,47282,887,353,10,7,1,-1,-1,-1
478,47280,629,364,21,13,1,-1,-1,-1
478,47275,832,353,6,7,1,-1,-1,-1
478,47269,582,353,4,12,1,-1,-1,-1
478,47268,709,352,5,8,1,-1,-1,-1
478,47263,1217,352,7,10,1,-1,-1,-1
478,47260,1261,352,10,11,1,-1,-1,-1
478,47258,609,354,2,12,1,-1,-1,-1
479,47345,586,351,24,24,1,-1,-1,-1
479,47343,769,351,23,9,1,-1,-1,-1
479,47342,611,351,12,13,1,-1,-1,-1
479,47339,1146,351,34,9,1,-1,-1,-1
479,47336,717,351,25,10,1,-1,-1,-1
479,47334,556,351,23,20,1,-1,-1,-1
479,47325,731,349,21,12,1,-1,-1,-1
479,47320,626,344,27,22,1,-1,-1,-1
479,47309,519,354,27,8,1,-1,-1,-1
479,47306,995,354,25,7,1,-1,-1,-1
479,47304,623,362,33,16,1,-1,-1,-1
479,47298,586,378,114,93,1,-1,-1,-1
479,47296,657,353,25,8,1,-1,-1,-1
479,47284,543,354,6,7,1,-1,-1,-1
479,47283,544,354,11,8,1,-1,-1,-1
479,47282,883,353,9,6,1,-1,-1,-1
479,47280,629,365,21,12,1,-1,-1,-1
479,47278,623,354,4,6,1,-1,-1,-1
479,47275,829,354,10,7,1,-1,-1,-1
479,47269,583,353,3,12,1,-1,-1,-1
479,47268,710,353,3,5,1,-1,-1,-1
479,47263,1216,353,8,8,1,-1,-1,-1
479,47260,1261,353,10,11,1,-1,-1,-1
479,47258,609,355,3,12,1,-1,-1,-1
480,47345,586,352,25,24,1,-1,-1,-1
480,47343,767,352,23,10,1,-1,-1,-1
480,47342,611,353,12,12,1,-1,-1,-1
480,47339,1145,353,32,8,1,-1,-1,-1
480,47337,776,354,15,7,1,-1,-1,-1
480,47336,717,353,24,9,1,-1,-1,-1
480,47334,556,352,23,21,1,-1,-1,-1
480,47325,729,350,22,12,1,-1,-1,-1
480,47320,626,346,27,21,1,-1,-1,-1
480,47315,586,350,15,8,1,-1,-1,-1
480,47309,515,356,27,7,1,-1,-1,-1
480,47306,995,355,23,7,1,-1,-1,-1
480,47304,623,363,33,16,1,-1,-1,-1
480,47299,1177,355,12,7,1,-1,-1,-1
480,47298,587,379,113,93,1,-1,-1,-1
480,47296,656,355,25,8,1,-1,-1,-1
480,47284,541,356,6,7,1,-1,-1,-1
480,47283,541,355,11,8,1,-1,-1,-1
480,47282,881,355,11,6,1,-1,-1,-1
480,47280,629,366,21,13,1,-1,-1,-1
480,47278,623,355,3,7,1,-1,-1,-1
480,47275,828,355,9,5,1,-1,-1,-1
480,47269,583,355,3,12,1,-1,-1,-1
480,47268,709,355,4,7,1,-1,-1,-1
480,47263,1216,354,9,10,1,-1,-1,-1
480,47260,1260,354,9,12,1,-1,-1,-1
480,47258,609,356,3,12,1,-1,-1,-1
481,47345,587,354,24,24,1,-1,-1,-1
481,47343,766,354,22,10,1,-1,-1,-1
481,47342,610,354,13,13,1,-1,-1,-1
481,47339,1142,354,34,9,1,-1,-1,-1
481,47336,717,354,24,10,1,-1,-1,-1
481,47334,557,354,22,20,1,-1,-1,-1
481,47325,729,352,22,12,1,-1,-1,-1
481,47320,626,347,27,22,1,-1,-1,-1
481,47315,586,352,15,9,1,-1,-1,-1
481,47309,511,357,27,8,1,-1,-1,-1
481,47306,991,357,25,7,1,-1,-1,-1
481,47304,623,365,33,16,1,-1,-1,-1
481,47299,1176,357,14,6,1,-1,-1,-1
481,47298,587,380,112,92,1,-1,-1,-1
481,47296,655,356,26,9,1,-1,-1,-1
481,47284,538,357,6,7,1,-1,-1,-1
481,47283,538,357,11,8,1,-1,-1,-1
481,47282,879,357,11,5,1,-1,-1,-1
481,47280,629,368,21,12,1,-1,-1,-1
481,47275,826,357,9,7,1,-1,-1,-1
481,47269,583,356,4,13,1,-1,-1,-1
481,47268,707,356,6,8,1,-1,-1,-1
481,47263,1214,356,10,6,1,-1,-1,-1
481,47260,1259,356,11,11,1,-1,-1,-1
481,47258,609,358,3,12,1,-1,-1,-1
482,47345,587,356,24,23,1,-1,-1,-1
482,47343,765,356,22,8,1,-1,-1,-1
482,47342,611,356,12,13,1,-1,-1,-1
482,47339,1141,356,33,9,1,-1,-1,-1
482,47336,717,356,24,10,1,-1,-1,-1
482,47334,557,356,23,20,1,-1,-1,-1
482,47325,728,354,22,10,1,-1,-1,-1
482,47320,626,349,27,21,1,-1,-1,-1
482,47315,586,353,15,13,1,-1,-1,-1
482,47312,628,352,24,8,1,-1,-1,-1
482,47309,506,359,28,8,1,-1,-1,-1
482,47306,989,359,25,5,1,-1,-1,-1
482,47304,623,367,33,15,1,-1,-1,-1
482,47299,1174,359,15,6,1,-1,-1,-1
482,47298,587,382,111,91,1,-1,-1,-1
482,47296,655,358,25,8,1,-1,-1,-1
482,47284,535,359,7,7,1,-1,-1,-1
482,47283,534,359,12,8,1,-1,-1,-1
482,47282,877,358,10,7,1,-1,-1,-1
482,47280,629,370,21,12,1,-1,-1,-1
482,47275,824,359,10,7,1,-1,-1,-1
482,47269,583,358,4,12,1,-1,-1,-1
482,47268,708,358,3,6,1,-1,-1,-1
482,47263,1216,358,8,6,1,-1,-1,-1
482,47260,1259,358,10,11,1,-1,-1,-1
482,47258,609,359,3,13,1,-1,-1,-1
483,47345,587,357,24,24,1,-1,-1,-1
483,47343,763,358,23,9,1,-1,-1,-1
483,47342,611,358,12,12,1,-1,-1,-1
483,47339,1139,358,33,9,1,-1,-1,-1
483,47336,717,358,24,10,1,-1,-1,-1
483,47334,558,358,22,20,1,-1,-1,-1
483,47325,718,356,31,12,1,-1,-1,-1
483,47320,626,351,27,21,1,-1,-1,-1
483,47315,586,355,15,15,1,-1,-1,-1
483,47309,502,361,28,7,1,-1,-1,-1
483,47306,986,360,25,6,1,-1,-1,-1
483,47304,623,368,33,16,1,-1,-1,-1
483,47299,1160,360,28,7,1,-1,-1,-1
483,47298,587,383,110,91,1,-1,-1,-1
483,47296,654,360,25,8,1,-1,-1,-1
483,47284,529,361,10,7,1,-1,-1,-1
483,47283,530,360,12,8,1,-1,-1,-1
483,47282,874,360,11,6,1,-1,-1,-1
483,47280,629,371,21,12,1,-1,-1,-1
483,47275,822,361,10,7,1,-1,-1,-1
483,47269,583,360,4,12,1,-1,-1,-1
483,47268,707,360,3,5,1,-1,-1,-1
483,47263,1212,359,11,10,1,-1,-1,-1
483,47260,1260,360,9,11,1,-1,-1,-1
483,47258,610,361,2,13,1,-1,-1,-1
484,47345,588,359,23,23,1,-1,-1,-1
484,47343,762,359,23,10,1,-1,-1,-1
484,47342,610,359,13,13,1,-1,-1,-1
484,47339,1137,359,33,11,1,-1,-1,-1
484,47337,769,359,16,10,1,-1,-1,-1
484,47336,717,359,23,10,1,-1,-1,-1
484,47334,558,359,22,20,1,-1,-1,-1
484,47325,717,357,31,12,1,-1,-1,-1
484,47320,626,352,27,22,1,-1,-1,-1
484,47315,586,357,15,14,1,-1,-1,-1
484,47309,497,363,28,7,1,-1,-1,-1
484,47306,984,362,25,7,1,-1,-1,-1
484,47304,623,370,33,15,1,-1,-1,-1
484,47299,1170,362,17,6,1,-1,-1,-1
484,47298,588,385,109,89,1,-1,-1,-1
484,47296,653,361,26,9,1,-1,-1,-1
484,47284,528,362,9,7,1,-1,-1,-1
484,47283,526,362,13,8,1,-1,-1,-1
484,47282,872,361,11,8,1,-1,-1,-1
484,47280,629,373,21,11,1,-1,-1,-1
484,47275,821,362,10,5,1,-1,-1,-1
484,47269,583,361,4,13,1,-1,-1,-1
484,47268,703,362,6,7,1,-1,-1,-1
484,47263,1211,361,11,6,1,-1,-1,-1
484,47260,1258,361,11,11,1,-1,-1,-1
484,47258,610,363,2,12,1,-1,-1,-1
485,47345,588,360,23,23,1,-1,-1,-1
485,47343,760,360,23,10,1,-1,-1,-1
485,47342,610,361,13,12,1,-1,-1,-1
485,47339,1136,361,32,10,1,-1,-1,-1
485,47337,768,360,16,10,1,-1,-1,-1
485,47336,715,361,25,10,1,-1,-1,-1
485,47334,558,360,22,20,1,-1,-1,-1
485,47325,714,358,33,13,1,-1,-1,-1
485,47320,626,354,27,21,1,-1,-1,-1
485,47315,586,358,14,14,1,-1,-1,-1
485,47309,493,364,28,7,1,-1,-1,-1
485,47306,982,363,25,7,1,-1,-1,-1
485,47304,623,371,33,15,1,-1,-1,-1
485,47299,1168,363,16,7,1,-1,-1,-1
485,47298,588,386,108,88,1,-1,-1,-1
485,47296,653,363,25,8,1,-1,-1,-1
485,47284,525,364,11,7,1,-1,-1,-1
485,47283,522,363,13,8,1,-1,-1,-1
485,47282,871,363,11,7,1,-1,-1,-1
485,47280,629,374,21,11,1,-1,-1,-1
485,47275,820,364,9,7,1,-1,-1,-1
485,47269,583,363,4,12,1,-1,-1,-1
485,47268,704,363,6,7,1,-1,-1,-1
485,47263,1211,362,9,10,1,-1,-1,-1
485,47260,1259,362,8,12,1,-1,-1,-1
485,47258,610,364,2,12,1,-1,-1,-1
486,47345,588,361,24,23,1,-1,-1,-1
486,47343,758,362,24,8,1,-1,-1,-1
486,47342,611,362,12,12,1,-1,-1,-1
486,47339,1134,362,32,10,1,-1,-1,-1
486,47337,767,362,16,8,1,-1,-1,-1
486,47336,714,362,26,10,1,-1,-1,-1
486,47334,559,361,21,20,1,-1,-1,-1
486,47325,713,359,34,13,1,-1,-1,-1
486,47320,626,355,27,21,1,-1,-1,-1
486,47315,586,359,14,15,1,-1,-1,-1
486,47309,492,365,24,7,1,-1,-1,-1
486,47306,980,364,25,7,1,-1,-1,-1
486,47304,623,372,33,15,1,-1,-1,-1
486,47299,1163,365,22,6,1,-1,-1,-1
486,47298,588,387,107,87,1,-1,-1,-1
486,47296,653,364,24,8,1,-1,-1,-1
486,47284,522,365,11,7,1,-1,-1,-1
486,47283,519,364,12,8,1,-1,-1,-1
486,47282,869,364,11,6,1,-1,-1,-1
486,47280,629,375,21,11,1,-1,-1,-1
486,47275,818,365,10,7,1,-1,-1,-1
486,47269,583,364,4,11,1,-1,-1,-1
486,47268,704,364,4,7,1,-1,-1,-1
486,47263,1208,363,13,10,1,-1,-1,-1
486,47260,1261,363,7,12,1,-1,-1,-1
486,47258,610,365,2,12,1,-1,-1,-1
487,47345,588,362,24,23,1,-1,-1,-1
487,47343,757,363,24,8,1,-1,-1,-1
487,47342,610,363,13,12,1,-1,-1,-1
487,47339,1134,363,31,10,1,-1,-1,-1
487,47336,714,363,25,10,1,-1,-1,-1
487,47334,559,362,22,20,1,-1,-1,-1
487,47325,714,360,32,13,1,-1,-1,-1
487,47320,626,356,27,21,1,-1,-1,-1
487,47315,586,360,14,15,1,-1,-1,-1
487,47309,490,366,20,7,1,-1,-1,-1
487,47306,977,365,25,6,1,-1,-1,-1
487,47304,623,373,33,15,1,-1,-1,-1
487,47299,1165,366,19,6,1,-1,-1,-1
487,47298,588,387,107,88,1,-1,-1,-1
487,47296,653,365,23,8,1,-1,-1,-1
487,47284,519,366,12,7,1,-1,-1,-1
487,47283,515,365,12,8,1,-1,-1,-1
487,47282,868,365,11,6,1,-1,-1,-1
487,47280,629,376,21,11,1,-1,-1,-1
487,47275,817,365,10,8,1,-1,-1,-1
487,47269,583,365,4,12,1,-1,-1,-1
487,47268,701,365,4,7,1,-1,-1,-1
487,47263,1209,364,10,10,1,-1,-1,-1
487,47260,1262,364,6,12,1,-1,-1,-1
487,47258,610,366,2,11,1,-1,-1,-1
488,47345,589,363,23,23,1,-1,-1,-1
488,47343,756,363,24,10,1,-1,-1,-1
488,47342,610,363,13,13,1,-1,-1,-1
488,47339,1131,363,32,11,1,-1,-1,-1
488,47337,764,363,16,9,1,-1,-1,-1
488,47336,714,363,25,10,1,-1,-1,-1
488,47334,559,363,22,20,1,-1,-1,-1
488,47325,710,361,34,10,1,-1,-1,-1
488,47320,626,356,27,22,1,-1,-1,-1
488,47315,586,361,14,14,1,-1,-1,-1
488,47309,490,367,17,5,1,-1,-1,-1
488,47306,975,366,25,6,1,-1,-1,-1
488,47304,623,374,33,14,1,-1,-1,-1
488,47299,1153,366,31,8,1,-1,-1,-1
488,47298,589,388,105,87,1,-1,-1,-1
488,47296,653,365,22,9,1,-1,-1,-1
488,47284,517,367,11,7,1,-1,-1,-1
488,47283,512,366,11,8,1,-1,-1,-1
488,47282,867,366,11,7,1,-1,-1,-1
488,47280,629,377,21,11,1,-1,-1,-1
488,47275,817,366,8,5,1,-1,-1,-1
488,47269,583,366,4,12,1,-1,-1,-1
488,47268,701,366,4,7,1,-1,-1,-1
488,47263,1209,365,9,10,1,-1,-1,-1
488,47260,1261,365,5,7,1,-1,-1,-1
488,47258,610,367,2,11,1,-1,-1,-1
489,47345,589,363,23,23,1,-1,-1,-1
489,47343,755,364,23,9,1,-1,-1,-1
489,47342,610,364,13,12,1,-1,-1,-1
489,47339,1129,364,32,10,1,-1,-1,-1
489,47336,714,364,24,10,1,-1,-1,-1
489,47334,559,363,22,20,1,-1,-1,-1
489,47325,710,361,32,13,1,-1,-1,-1
489,47320,626,356,27,22,1,-1,-1,-1
489,47315,586,361,14,15,1,-1,-1,-1
489,47309,484,367,18,5,1,-1,-1,-1
489,47306,973,366,25,7,1,-1,-1,-1
489,47304,623,374,33,14,1,-1,-1,-1
489,47299,1152,366,31,8,1,-1,-1,-1
489,47298,589,388,105,87,1,-1,-1,-1
489,47296,653,366,21,8,1,-1,-1,-1
489,47284,514,367,11,7,1,-1,-1,-1
489,47283,507,366,12,8,1,-1,-1,-1
489,47282,867,366,11,6,1,-1,-1,-1
489,47280,629,377,21,11,1,-1,-1,-1
489,47275,814,366,10,8,1,-1,-1,-1
489,47269,584,366,3,12,1,-1,-1,-1
489,47268,702,366,2,7,1,-1,-1,-1
489,47263,1206,365,11,10,1,-1,-1,-1
489,47260,1257,365,9,11,1,-1,-1,-1
489,47258,610,367,2,11,1,-1,-1,-1
490,47345,589,363,23,22,1,-1,-1,-1
490,47343,754,363,23,10,1,-1,-1,-1
490,47342,610,363,13,13,1,-1,-1,-1
490,47339,1128,363,31,11,1,-1,-1,-1
490,47336,713,363,25,10,1,-1,-1,-1
490,47334,560,363,21,20,1,-1,-1,-1
490,47325,708,361,33,12,1,-1,-1,-1
490,47320,626,356,27,22,1,-1,-1,-1
490,47315,586,361,14,14,1,-1,-1,-1
490,47306,971,366,25,7,1,-1,-1,-1
490,47304,623,374,33,14,1,-1,-1,-1
490,47299,1160,366,22,6,1,-1,-1,-1
490,47298,589,388,105,86,1,-1,-1,-1
490,47296,653,365,20,9,1,-1,-1,-1
490,47284,511,366,12,8,1,-1,-1,-1
490,47283,504,366,11,8,1,-1,-1,-1
490,47282,865,365,12,8,1,-1,-1,-1
490,47280,629,377,21,10,1,-1,-1,-1
490,47275,812,366,11,7,1,-1,-1,-1
490,47269,584,365,3,13,1,-1,-1,-1
490,47268,699,365,6,8,1,-1,-1,-1
490,47263,1205,365,10,8,1,-1,-1,-1
490,47260,1258,365,8,11,1,-1,-1,-1
490,47258,610,367,2,10,1,-1,-1,-1
491,47345,589,362,23,23,1,-1,-1,-1
491,47343,752,363,24,9,1,-1,-1,-1
491,47342,611,363,12,12,1,-1,-1,-1
491,47339,1129,363,29,8,1,-1,-1,-1
491,47336,712,363,25,10,1,-1,-1,-1
491,47334,560,363,21,19,1,-1,-1,-1
491,47325,708,361,32,12,1,-1,-1,-1
491,47320,626,356,27,21,1,-1,-1,-1
491,47315,586,360,14,15,1,-1,-1,-1
491,47306,969,365,25,6,1,-1,-1,-1
491,47304,623,373,33,14,1,-1,-1,-1
491,47299,1158,366,23,6,1,-1,-1,-1
491,47298,589,387,105,86,1,-1,-1,-1
491,47296,653,365,18,8,1,-1,-1,-1
491,47284,511,366,9,7,1,-1,-1,-1
491,47283,499,365,12,8,1,-1,-1,-1
491,47282,867,365,9,6,1,-1,-1,-1
491,47280,629,376,21,11,1,-1,-1,-1
491,47275,811,366,10,7,1,-1,-1,-1
491,47269,584,365,3,11,1,-1,-1,-1
491,47268,699,365,3,6,1,-1,-1,-1
491,47263,1205,364,12,8,1,-1,-1,-1
491,47260,1259,365,9,11,1,-1,-1,-1
491,47258,610,366,2,12,1,-1,-1,-1
492,47345,590,362,22,22,1,-1,-1,-1
492,47343,751,362,24,10,1,-1,-1,-1
492,47342,610,362,13,13,1,-1,-1,-1
492,47339,1125,362,31,11,1,-1,-1,-1
492,47336,712,362,25,10,1,-1,-1,-1
492,47334,560,362,22,19,1,-1,-1,-1
492,47325,706,360,33,12,1,-1,-1,-1
492,47320,626,355,27,22,1,-1,-1,-1
492,47315,584,360,16,14,1,-1,-1,-1
492,47306,967,365,26,7,1,-1,-1,-1
492,47304,623,373,33,14,1,-1,-1,-1
492,47299,1156,365,24,6,1,-1,-1,-1
492,47298,589,386,104,86,1,-1,-1,-1
492,47296,653,364,18,9,1,-1,-1,-1
492,47284,506,365,10,8,1,-1,-1,-1
492,47283,494,365,13,8,1,-1,-1,-1
492,47282,869,365,6,7,1,-1,-1,-1
492,47280,629,375,21,11,1,-1,-1,-1
492,47275,809,365,11,7,1,-1,-1,-1
492,47269,584,364,3,13,1,-1,-1,-1
492,47268,699,364,3,6,1,-1,-1,-1
492,47263,1203,364,13,8,1,-1,-1,-1
492,47260,1261,364,8,11,1,-1,-1,-1
493,47345,590,362,22,22,1,-1,-1,-1
493,47343,750,362,23,10,1,-1,-1,-1
493,47342,611,362,11,13,1,-1,-1,-1
493,47339,1123,362,31,11,1,-1,-1,-1
493,47336,712,362,24,10,1,-1,-1,-1
493,47334,560,362,22,19,1,-1,-1,-1
493,47325,705,360,33,12,1,-1,-1,-1
493,47320,626,355,27,21,1,-1,-1,-1
493,47315,584,359,16,15,1,-1,-1,-1
493,47306,967,365,24,7,1,-1,-1,-1
493,47304,623,372,33,15,1,-1,-1,-1
493,47299,1155,365,23,6,1,-1,-1,-1
493,47298,589,386,104,86,1,-1,-1,-1
493,47296,653,364,18,8,1,-1,-1,-1
493,47284,503,365,11,8,1,-1,-1,-1
493,47283,490,365,10,6,1,-1,-1,-1
493,47282,863,368,11,2,1,-1,-1,-1
493,47280,629,375,21,11,1,-1,-1,-1
493,47275,809,365,8,7,1,-1,-1,-1
493,47269,584,364,3,11,1,-1,-1,-1
493,47268,698,364,5,6,1,-1,-1,-1
493,47263,1202,364,13,7,1,-1,-1,-1
493,47260,1258,364,9,11,1,-1,-1,-1
494,47345,590,362,22,23,1,-1,-1,-1
494,47343,748,363,24,10,1,-1,-1,-1
494,47342,611,363,11,13,1,-1,-1,-1
494,47339,1121,363,32,10,1,-1,-1,-1
494,47336,713,363,23,10,1,-1,-1,-1
494,47334,561,362,21,20,1,-1,-1,-1
494,47325,705,361,34,12,1,-1,-1,-1
494,47320,626,356,27,21,1,-1,-1,-1
494,47315,584,360,16,15,1,-1,-1,-1
494,47306,964,365,25,7,1,-1,-1,-1
494,47304,623,373,33,14,1,-1,-1,-1
494,47299,1153,366,23,5,1,-1,-1,-1
494,47298,589,387,104,86,1,-1,-1,-1
494,47296,653,365,17,8,1,-1,-1,-1
494,47284,498,366,12,7,1,-1,-1,-1
494,47283,492,365,4,6,1,-1,-1,-1
494,47282,861,365,7,6,1,-1,-1,-1
494,47280,629,376,21,11,1,-1,-1,-1
494,47275,806,366,10,7,1,-1,-1,-1
494,47269,584,365,3,12,1,-1,-1,-1
494,47263,1206,364,8,8,1,-1,-1,-1
494,47260,1258,365,11,11,1,-1,-1,-1
495,47345,590,363,22,22,1,-1,-1,-1
495,47343,747,363,24,10,1,-1,-1,-1
495,47342,611,363,11,13,1,-1,-1,-1
495,47339,1120,363,31,10,1,-1,-1,-1
495,47336,710,363,25,10,1,-1,-1,-1
495,47334,561,363,21,19,1,-1,-1,-1
495,47325,703,361,33,12,1,-1,-1,-1
495,47320,626,356,27,21,1,-1,-1,-1
495,47315,584,361,16,14,1,-1,-1,-1
495,47306,962,366,25,7,1,-1,-1,-1
495,47304,623,374,33,14,1,-1,-1,-1
495,47299,1152,366,23,8,1,-1,-1,-1
495,47298,588,387,105,87,1,-1,-1,-1
495,47296,652,365,17,9,1,-1,-1,-1
495,47284,495,367,12,7,1,-1,-1,-1
495,47283,485,366,8,6,1,-1,-1,-1
495,47282,860,365,9,7,1,-1,-1,-1
495,47280,629,377,21,10,1,-1,-1,-1
495,47275,804,366,11,7,1,-1,-1,-1
495,47269,584,365,3,12,1,-1,-1,-1
495,47268,694,370,6,3,1,-1,-1,-1
495,47263,1200,365,12,8,1,-1,-1,-1
495,47260,1259,365,8,11,1,-1,-1,-1
496,47345,590,362,23,23,1,-1,-1,-1
496,47343,746,363,24,10,1,-1,-1,-1
496,47342,611,363,11,13,1,-1,-1,-1
496,47339,1117,363,32,11,1,-1,-1,-1
496,47337,754,363,16,10,1,-1,-1,-1
496,47336,709,363,25,10,1,-1,-1,-1
496,47334,561,363,21,19,1,-1,-1,-1
496,47325,703,361,33,12,1,-1,-1,-1
496,47320,626,356,27,21,1,-1,-1,-1
496,47315,584,360,15,15,1,-1,-1,-1
496,47312,628,359,24,8,1,-1,-1,-1
496,47306,960,366,26,7,1,-1,-1,-1
496,47304,623,374,33,14,1,-1,-1,-1
496,47299,1150,366,23,6,1,-1,-1,-1
496,47298,588,387,105,87,1,-1,-1,-1
496,47296,652,365,17,9,1,-1,-1,-1
496,47284,492,366,12,6,1,-1,-1,-1
496,47283,482,366,6,5,1,-1,-1,-1
496,47282,859,365,11,7,1,-1,-1,-1
496,47280,629,377,21,10,1,-1,-1,-1
496,47278,581,366,3,8,1,-1,-1,-1
496,47275,802,366,11,7,1,-1,-1,-1
496,47269,584,365,3,12,1,-1,-1,-1
496,47268,693,370,7,3,1,-1,-1,-1
496,47263,1199,365,13,7,1,-1,-1,-1
496,47260,1262,365,8,11,1,-1,-1,-1
496,47258,611,366,2,10,1,-1,-1,-1
497,47345,590,362,23,22,1,-1,-1,-1
497,47343,745,362,23,10,1,-1,-1,-1
497,47342,611,362,11,13,1,-1,-1,-1
497,47339,1116,362,32,11,1,-1,-1,-1
497,47337,753,362,16,10,1,-1,-1,-1
497,47336,709,362,25,11,1,-1,-1,-1
497,47334,561,362,21,19,1,-1,-1,-1
497,47325,701,360,34,13,1,-1,-1,-1
497,47320,626,355,28,22,1,-1,-1,-1
497,47315,583,360,16,15,1,-1,-1,-1
497,47306,959,365,25,6,1,-1,-1,-1
497,47304,623,373,33,14,1,-1,-1,-1
497,47299,1148,365,23,6,1,-1,-1,-1
497,47298,588,387,106,88,1,-1,-1,-1
497,47296,652,364,16,9,1,-1,-1,-1
497,47284,490,366,8,5,1,-1,-1,-1
497,47282,858,365,11,6,1,-1,-1,-1
497,47280,629,376,21,10,1,-1,-1,-1
497,47275,801,365,9,7,1,-1,-1,-1
497,47269,584,364,3,13,1,-1,-1,-1
497,47268,692,365,3,7,1,-1,-1,-1
497,47263,1198,364,12,8,1,-1,-1,-1
497,47260,1261,364,8,11,1,-1,-1,-1
497,47258,611,366,2,9,1,-1,-1,-1
498,47345,591,361,22,22,1,-1,-1,-1
498,47343,743,361,24,9,1,-1,-1,-1
498,47342,611,362,11,12,1,-1,-1,-1
498,47339,1114,362,32,10,1,-1,-1,-1
498,47337,752,361,16,9,1,-1,-1,-1
498,47336,708,362,25,10,1,-1,-1,-1
498,47334,561,361,21,20,1,-1,-1,-1
498,47325,701,359,33,12,1,-1,-1,-1
498,47320,626,354,28,22,1,-1,-1,-1
498,47315,583,359,16,15,1,-1,-1,-1
498,47306,957,364,26,6,1,-1,-1,-1
498,47304,623,372,33,15,1,-1,-1,-1
498,47299,1135,364,34,7,1,-1,-1,-1
498,47298,587,386,107,89,1,-1,-1,-1
498,47296,652,364,15,8,1,-1,-1,-1
498,47284,487,365,10,5,1,-1,-1,-1
498,47282,857,364,10,6,1,-1,-1,-1
498,47280,629,375,21,11,1,-1,-1,-1
498,47275,799,364,11,8,1,-1,-1,-1
498,47269,584,364,3,12,1,-1,-1,-1
498,47268,691,364,3,7,1,-1,-1,-1
498,47263,1197,363,12,8,1,-1,-1,-1
498,47260,1263,363,8,12,1,-1,-1,-1
498,47258,611,365,2,9,1,-1,-1,-1
499,47345,591,360,22,22,1,-1,-1,-1
499,47343,742,361,24,8,1,-1,-1,-1
499,47342,611,361,11,13,1,-1,-1,-1
499,47339,1113,361,31,10,1,-1,-1,-1
499,47336,706,361,24,10,1,-1,-1,-1
499,47334,561,360,21,20,1,-1,-1,-1
499,47325,701,358,32,13,1,-1,-1,-1
499,47320,626,354,28,21,1,-1,-1,-1
499,47315,583,358,16,15,1,-1,-1,-1
499,47306,956,363,25,6,1,-1,-1,-1
499,47304,623,371,33,15,1,-1,-1,-1
499,47299,1145,364,22,5,1,-1,-1,-1
499,47298,587,386,107,89,1,-1,-1,-1
499,47296,652,363,14,9,1,-1,-1,-1
499,47284,485,364,8,5,1,-1,-1,-1
499,47282,856,363,11,6,1,-1,-1,-1
499,47280,629,374,21,11,1,-1,-1,-1
499,47275,798,364,10,7,1,-1,-1,-1
499,47269,584,363,3,12,1,-1,-1,-1
499,47268,690,363,4,7,1,-1,-1,-1
499,47263,1200,362,8,8,1,-1,-1,-1
499,47260,1261,363,8,11,1,-1,-1,-1
500,47345,591,358,22,22,1,-1,-1,-1
500,47343,741,358,24,9,1,-1,-1,-1
500,47342,610,358,12,13,1,-1,-1,-1
500,47339,1110,358,32,11,1,-1,-1,-1
500,47336,707,358,24,11,1,-1,-1,-1
500,47334,562,358,21,19,1,-1,-1,-1
500,47325,701,356,30,13,1,-1,-1,-1
500,47320,626,351,28,22,1,-1,-1,-1
500,47315,583,356,16,15,1,-1,-1,-1
500,47306,954,361,26,6,1,-1,-1,-1
500,47304,623,369,33,15,1,-1,-1,-1
500,47299,1143,361,22,6,1,-1,-1,-1
500,47298,587,383,108,90,1,-1,-1,-1
500,47296,652,361,13,8,1,-1,-1,-1
500,47284,481,362,9,5,1,-1,-1,-1
500,47282,854,361,11,6,1,-1,-1,-1
500,47280,629,372,21,11,1,-1,-1,-1
500,47275,797,362,10,6,1,-1,-1,-1
500,47269,584,360,4,12,1,-1,-1,-1
500,47268,689,361,5,6,1,-1,-1,-1
500,47263,1196,360,12,8,1,-1,-1,-1
500,47260,1262,360,8,11,1,-1,-1,-1
500,47258,611,362,2,11,1,-1,-1,-1
501,47345,591,354,22,22,1,-1,-1,-1
501,47343,740,354,24,10,1,-1,-1,-1
501,47342,611,354,11,13,1,-1,-1,-1
501,47339,1108,354,31,11,1,-1,-1,-1
501,47337,748,354,17,9,1,-1,-1,-1
501,47336,705,354,25,11,1,-1,-1,-1
501,47334,562,354,21,19,1,-1,-1,-1
501,47325,701,352,30,13,1,-1,-1,-1
501,47320,626,347,28,22,1,-1,-1,-1
501,47315,582,352,17,14,1,-1,-1,-1
501,47306,954,357,24,6,1,-1,-1,-1
501,47304,623,365,33,15,1,-1,-1,-1
501,47299,1142,357,21,6,1,-1,-1,-1
501,47298,587,379,108,90,1,-1,-1,-1
501,47296,652,357,12,8,1,-1,-1,-1
501,47284,478,359,7,3,1,-1,-1,-1
501,47282,852,357,12,6,1,-1,-1,-1
501,47280,629,368,21,11,1,-1,-1,-1
501,47278,557,359,5,6,1,-1,-1,-1
501,47275,794,357,11,7,1,-1,-1,-1
501,47269,584,356,4,12,1,-1,-1,-1
501,47268,688,357,6,6,1,-1,-1,-1
501,47263,1193,356,12,7,1,-1,-1,-1
501,47260,1260,356,10,11,1,-1,-1,-1
501,47258,611,358,2,11,1,-1,-1,-1
502,47345,591,349,22,22,1,-1,-1,-1
502,47343,739,350,24,10,1,-1,-1,-1
502,47342,610,350,12,13,1,-1,-1,-1
502,47339,1105,350,33,11,1,-1,-1,-1
502,47336,704,350,25,10,1,-1,-1,-1
502,47334,562,350,21,19,1,-1,-1,-1
502,47325,695,348,35,10,1,-1,-1,-1
502,47320,626,343,28,21,1,-1,-1,-1
502,47315,582,347,17,15,1,-1,-1,-1
502,47312,628,346,24,8,1,-1,-1,-1
502,47306,951,353,26,5,1,-1,-1,-1
502,47304,623,361,33,14,1,-1,-1,-1
502,47299,1138,353,22,6,1,-1,-1,-1
502,47298,587,375,107,89,1,-1,-1,-1
502,47296,652,352,11,9,1,-1,-1,-1
502,47282,850,352,12,6,1,-1,-1,-1
502,47280,629,364,21,10,1,-1,-1,-1
502,47278,553,353,9,8,1,-1,-1,-1
502,47275,793,353,10,7,1,-1,-1,-1
502,47269,584,352,4,11,1,-1,-1,-1
502,47268,687,352,7,8,1,-1,-1,-1
502,47263,1192,352,11,9,1,-1,-1,-1
502,47260,1260,352,10,11,1,-1,-1,-1
502,47258,611,353,2,12,1,-1,-1,-1
503,47345,591,347,22,21,1,-1,-1,-1
503,47343,737,347,24,10,1,-1,-1,-1
503,47342,611,347,11,13,1,-1,-1,-1
503,47339,1103,347,32,11,1,-1,-1,-1
503,47336,704,347,25,11,1,-1,-1,-1
503,47334,563,347,20,19,1,-1,-1,-1
503,47325,694,345,34,13,1,-1,-1,-1
503,47320,626,340,27,22,1,-1,-1,-1
503,47315,582,345,17,15,1,-1,-1,-1
503,47306,949,350,26,6,1,-1,-1,-1
503,47304,623,358,33,14,1,-1,-1,-1
503,47299,1135,350,22,8,1,-1,-1,-1
503,47298,588,372,106,88,1,-1,-1,-1
503,47296,652,349,10,9,1,-1,-1,-1
503,47282,850,350,10,6,1,-1,-1,-1
503,47280,629,361,21,11,1,-1,-1,-1
503,47278,550,350,12,8,1,-1,-1,-1
503,47275,791,350,10,8,1,-1,-1,-1
503,47269,584,349,4,12,1,-1,-1,-1
503,47268,686,350,7,6,1,-1,-1,-1
503,47263,1190,349,11,7,1,-1,-1,-1
503,47260,1261,349,6,11,1,-1,-1,-1
504,47345,592,347,21,22,1,-1,-1,-1
504,47343,736,348,24,10,1,-1,-1,-1
504,47342,611,348,11,13,1,-1,-1,-1
504,47339,1100,348,32,10,1,-1,-1,-1
504,47336,702,348,26,10,1,-1,-1,-1
504,47334,563,348,21,18,1,-1,-1,-1
504,47325,693,345,34,13,1,-1,-1,-1
504,47320,626,341,27,21,1,-1,-1,-1
504,47315,582,345,17,15,1,-1,-1,-1
504,47306,947,350,26,6,1,-1,-1,-1
504,47304,623,358,33,15,1,-1,-1,-1
504,47299,1132,351,19,7,1,-1,-1,-1
504,47298,588,372,105,88,1,-1,-1,-1
504,47296,652,350,9,9,1,-1,-1,-1
504,47282,846,350,12,6,1,-1,-1,-1
504,47280,629,361,21,11,1,-1,-1,-1
504,47278,546,350,13,9,1,-1,-1,-1
504,47275,789,351,11,7,1,-1,-1,-1
504,47269,585,350,3,12,1,-1,-1,-1
504,47268,685,350,8,7,1,-1,-1,-1
504,47263,1188,349,11,10,1,-1,-1,-1
504,47260,1262,350,5,11,1,-1,-1,-1
505,47345,592,349,21,21,1,-1,-1,-1
505,47343,735,349,24,10,1,-1,-1,-1
505,47342,611,349,11,13,1,-1,-1,-1
505,47339,1098,349,32,11,1,-1,-1,-1
505,47336,701,349,26,11,1,-1,-1,-1
505,47334,564,349,20,19,1,-1,-1,-1
505,47325,692,347,36,13,1,-1,-1,-1
505,47320,626,342,27,22,1,-1,-1,-1
505,47315,583,347,16,15,1,-1,-1,-1
505,47306,945,352,26,6,1,-1,-1,-1
505,47304,623,360,33,14,1,-1,-1,-1
505,47299,1130,352,18,7,1,-1,-1,-1
505,47298,588,374,104,86,1,-1,-1,-1
505,47296,652,352,9,9,1,-1,-1,-1
505,47282,844,352,12,6,1,-1,-1,-1
505,47280,629,363,21,10,1,-1,-1,-1
505,47278,543,352,13,9,1,-1,-1,-1
505,47275,787,353,11,7,1,-1,-1,-1
505,47269,584,352,4,12,1,-1,-1,-1
505,47268,684,352,6,7,1,-1,-1,-1
505,47263,1184,351,12,10,1,-1,-1,-1
505,47260,1256,351,9,11,1,-1,-1,-1
506,47345,592,351,22,21,1,-1,-1,-1
506,47343,735,351,23,11,1,-1,-1,-1
506,47342,611,352,11,13,1,-1,-1,-1
506,47339,1095,352,32,10,1,-1,-1,-1
506,47336,701,352,25,10,1,-1,-1,-1
506,47334,564,351,20,19,1,-1,-1,-1
506,47325,691,349,34,13,1,-1,-1,-1
506,47320,626,345,27,21,1,-1,-1,-1
506,47315,583,349,16,15,1,-1,-1,-1
506,47306,944,354,25,6,1,-1,-1,-1
506,47304,623,362,33,14,1,-1,-1,-1
506,47299,1127,354,20,8,1,-1,-1,-1
506,47298,589,376,103,85,1,-1,-1,-1
506,47282,842,354,12,6,1,-1,-1,-1
506,47280,629,365,21,10,1,-1,-1,-1
506,47278,539,354,13,9,1,-1,-1,-1
506,47275,785,355,11,7,1,-1,-1,-1
506,47269,585,354,3,12,1,-1,-1,-1
506,47268,683,354,6,7,1,-1,-1,-1
506,47263,1182,353,13,10,1,-1,-1,-1
506,47260,1259,353,8,12,1,-1,-1,-1
507,47345,593,354,21,21,1,-1,-1,-1
507,47343,735,354,22,8,1,-1,-1,-1
507,47342,611,354,11,13,1,-1,-1,-1
507,47339,1092,354,32,11,1,-1,-1,-1
507,47336,701,354,24,10,1,-1,-1,-1
507,47334,564,354,20,18,1,-1,-1,-1
507,47325,689,352,27,12,1,-1,-1,-1
507,47320,626,347,27,21,1,-1,-1,-1
507,47315,583,351,16,15,1,-1,-1,-1
507,47306,942,357,25,6,1,-1,-1,-1
507,47304,623,364,33,14,1,-1,-1,-1
507,47299,1109,357,33,7,1,-1,-1,-1
507,47298,589,378,102,84,1,-1,-1,-1
507,47282,840,356,12,6,1,-1,-1,-1
507,47280,630,367,20,10,1,-1,-1,-1
507,47278,536,356,13,9,1,-1,-1,-1
507,47275,784,357,10,7,1,-1,-1,-1
507,47269,585,356,3,12,1,-1,-1,-1
507,47268,682,356,6,8,1,-1,-1,-1
507,47263,1184,356,6,6,1,-1,-1,-1
507,47260,1254,356,12,11,1,-1,-1,-1
508,47345,593,356,21,21,1,-1,-1,-1
508,47343,732,356,24,10,1,-1,-1,-1
508,47342,611,356,11,13,1,-1,-1,-1
508,47339,1091,356,30,11,1,-1,-1,-1
508,47336,702,356,23,10,1,-1,-1,-1
508,47334,565,356,20,18,1,-1,-1,-1
508,47326,1268,355,11,12,1,-1,-1,-1
508,47325,688,354,27,12,1,-1,-1,-1
508,47320,626,349,27,21,1,-1,-1,-1
508,47315,583,353,16,15,1,-1,-1,-1
508,47306,940,359,25,6,1,-1,-1,-1
508,47304,623,366,33,14,1,-1,-1,-1
508,47299,1106,359,34,7,1,-1,-1,-1
508,47298,590,380,101,83,1,-1,-1,-1
508,47282,838,358,11,7,1,-1,-1,-1
508,47280,630,369,20,10,1,-1,-1,-1
508,47278,533,359,13,8,1,-1,-1,-1
508,47275,782,359,11,7,1,-1,-1,-1
508,47269,585,358,3,12,1,-1,-1,-1
508,47268,681,358,6,8,1,-1,-1,-1
508,47263,1177,358,13,7,1,-1,-1,-1
508,47260,1254,358,9,11,1,-1,-1,-1
509,47345,593,358,21,20,1,-1,-1,-1
509,47343,731,358,24,10,1,-1,-1,-1
509,47342,611,358,11,13,1,-1,-1,-1
509,47339,1087,358,32,10,1,-1,-1,-1
509,47336,702,358,22,10,1,-1,-1,-1
509,47334,565,358,20,18,1,-1,-1,-1
509,47326,1269,356,10,14,1,-1,-1,-1
509,47325,687,356,27,12,1,-1,-1,-1
509,47320,626,351,27,21,1,-1,-1,-1
509,47315,583,355,16,15,1,-1,-1,-1
509,47306,938,360,25,6,1,-1,-1,-1
509,47304,623,368,33,14,1,-1,-1,-1
509,47299,1103,361,33,7,1,-1,-1,-1
509,47298,590,381,100,82,1,-1,-1,-1
509,47282,836,360,11,7,1,-1,-1,-1
509,47280,630,371,20,10,1,-1,-1,-1
509,47278,529,360,13,9,1,-1,-1,-1
509,47275,780,361,11,7,1,-1,-1,-1
509,47269,585,360,3,11,1,-1,-1,-1
509,47268,679,360,8,8,1,-1,-1,-1
509,47263,1177,359,11,8,1,-1,-1,-1
509,47260,1255,360,10,11,1,-1,-1,-1
510,47345,593,359,21,21,1,-1,-1,-1
510,47343,730,359,24,11,1,-1,-1,-1
510,47342,611,359,11,13,1,-1,-1,-1
510,47339,1085,359,31,11,1,-1,-1,-1
510,47336,702,359,21,11,1,-1,-1,-1
510,47334,565,359,20,18,1,-1,-1,-1
510,47326,1266,357,13,13,1,-1,-1,-1
510,47325,686,357,26,13,1,-1,-1,-1
510,47320,626,352,27,22,1,-1,-1,-1
510,47315,583,357,15,15,1,-1,-1,-1
510,47306,936,362,25,6,1,-1,-1,-1
510,47304,623,370,33,13,1,-1,-1,-1
510,47299,1116,362,17,8,1,-1,-1,-1
510,47298,591,383,98,81,1,-1,-1,-1
510,47282,834,362,11,6,1,-1,-1,-1
510,47280,630,372,19,10,1,-1,-1,-1
510,47278,525,362,14,9,1,-1,-1,-1
510,47275,779,362,10,8,1,-1,-1,-1
510,47269,585,361,4,11,1,-1,-1,-1
510,47268,678,362,8,7,1,-1,-1,-1
510,47263,1173,361,13,7,1,-1,-1,-1
510,47260,1254,361,10,9,1,-1,-1,-1
511,47345,593,361,21,20,1,-1,-1,-1
511,47343,729,361,24,10,1,-1,-1,-1
511,47342,611,361,11,13,1,-1,-1,-1
511,47339,1082,361,32,9,1,-1,-1,-1
511,47336,702,361,20,10,1,-1,-1,-1
511,47334,565,361,20,18,1,-1,-1,-1
511,47326,1265,358,14,14,1,-1,-1,-1
511,47325,684,359,28,12,1,-1,-1,-1
511,47320,626,354,27,21,1,-1,-1,-1
511,47315,582,358,16,15,1,-1,-1,-1
511,47306,934,364,26,6,1,-1,-1,-1
511,47304,623,371,33,13,1,-1,-1,-1
511,47299,1100,364,30,6,1,-1,-1,-1
511,47298,591,384,98,81,1,-1,-1,-1
511,47282,832,363,12,7,1,-1,-1,-1
511,47280,630,374,19,9,1,-1,-1,-1
511,47278,522,364,13,8,1,-1,-1,-1
511,47275,778,364,10,7,1,-1,-1,-1
511,47269,585,363,4,10,1,-1,-1,-1
511,47268,677,363,8,8,1,-1,-1,-1
511,47263,1171,363,13,7,1,-1,-1,-1
511,47260,1252,363,12,11,1,-1,-1,-1
512,47345,594,362,20,20,1,-1,-1,-1
512,47343,728,362,24,9,1,-1,-1,-1
512,47342,611,362,11,13,1,-1,-1,-1
512,47339,1080,362,32,9,1,-1,-1,-1
512,47336,695,362,26,11,1,-1,-1,-1
512,47334,566,362,19,18,1,-1,-1,-1
512,47326,1264,359,15,14,1,-1,-1,-1
512,47325,683,360,29,13,1,-1,-1,-1
512,47320,626,355,27,22,1,-1,-1,-1
512,47315,582,359,16,16,1,-1,-1,-1
512,47306,932,365,24,6,1,-1,-1,-1
512,47304,623,373,33,12,1,-1,-1,-1
512,47299,1111,365,16,7,1,-1,-1,-1
512,47298,591,385,98,80,1,-1,-1,-1
512,47282,830,364,12,7,1,-1,-1,-1
512,47280,630,375,19,10,1,-1,-1,-1
512,47278,518,365,14,8,1,-1,-1,-1
512,47275,775,365,11,8,1,-1,-1,-1
512,47269,585,364,4,11,1,-1,-1,-1
512,47268,676,364,7,8,1,-1,-1,-1
512,47263,1170,364,12,7,1,-1,-1,-1
512,47260,1252,364,12,8,1,-1,-1,-1
513,47345,594,363,20,20,1,-1,-1,-1
513,47343,727,363,24,10,1,-1,-1,-1
513,47342,611,363,11,13,1,-1,-1,-1
513,47339,1078,363,30,9,1,-1,-1,-1
513,47336,694,363,25,11,1,-1,-1,-1
513,47334,566,363,20,18,1,-1,-1,-1
513,47326,1263,360,16,14,1,-1,-1,-1
513,47325,681,361,32,13,1,-1,-1,-1
513,47320,626,356,27,22,1,-1,-1,-1
513,47315,582,360,16,16,1,-1,-1,-1
513,47306,930,366,26,6,1,-1,-1,-1
513,47304,623,374,33,12,1,-1,-1,-1
513,47299,1109,366,15,8,1,-1,-1,-1
513,47298,591,386,97,79,1,-1,-1,-1
513,47282,828,365,12,7,1,-1,-1,-1
513,47280,630,376,19,9,1,-1,-1,-1
513,47278,515,366,13,8,1,-1,-1,-1
513,47275,774,366,10,8,1,-1,-1,-1
513,47269,586,365,3,12,1,-1,-1,-1
513,47268,676,366,6,7,1,-1,-1,-1
513,47263,1168,365,12,9,1,-1,-1,-1
513,47260,1253,365,11,8,1,-1,-1,-1
514,47345,594,364,20,20,1,-1,-1,-1
514,47343,726,364,24,10,1,-1,-1,-1
514,47342,611,364,11,13,1,-1,-1,-1
514,47339,1075,364,32,9,1,-1,-1,-1
514,47336,693,364,26,11,1,-1,-1,-1
514,47334,566,363,20,19,1,-1,-1,-1
514,47326,1261,361,18,13,1,-1,-1,-1
514,47325,680,362,34,12,1,-1,-1,-1
514,47320,626,357,27,21,1,-1,-1,-1
514,47315,581,361,17,15,1,-1,-1,-1
514,47306,928,367,26,6,1,-1,-1,-1
514,47304,623,374,33,13,1,-1,-1,-1
514,47299,1107,367,14,7,1,-1,-1,-1
514,47298,591,386,97,80,1,-1,-1,-1
514,47282,826,366,12,7,1,-1,-1,-1
514,47280,630,377,19,9,1,-1,-1,-1
514,47278,511,366,13,9,1,-1,-1,-1
514,47275,772,367,11,8,1,-1,-1,-1
514,47269,585,366,4,12,1,-1,-1,-1
514,47268,673,366,7,8,1,-1,-1,-1
514,47263,1168,366,8,9,1,-1,-1,-1
514,47260,1254,366,10,8,1,-1,-1,-1
515,47345,594,364,20,20,1,-1,-1,-1
515,47343,725,364,24,11,1,-1,-1,-1
515,47342,612,364,9,13,1,-1,-1,-1
515,47339,1073,364,32,9,1,-1,-1,-1
515,47336,692,364,27,11,1,-1,-1,-1
515,47334,566,364,20,18,1,-1,-1,-1
515,47326,1262,361,17,14,1,-1,-1,-1
515,47325,678,362,35,13,1,-1,-1,-1
515,47320,626,358,27,21,1,-1,-1,-1
515,47315,581,362,17,15,1,-1,-1,-1
515,47306,926,367,26,7,1,-1,-1,-1
515,47304,623,375,33,12,1,-1,-1,-1
515,47299,1104,367,15,6,1,-1,-1,-1
515,47298,592,387,96,79,1,-1,-1,-1
515,47282,825,367,11,6,1,-1,-1,-1
515,47280,630,377,19,9,1,-1,-1,-1
515,47278,507,367,13,9,1,-1,-1,-1
515,47275,771,367,10,8,1,-1,-1,-1
515,47269,586,366,3,12,1,-1,-1,-1
515,47268,672,367,6,7,1,-1,-1,-1
515,47263,1163,366,13,9,1,-1,-1,-1
515,47260,1254,366,8,9,1,-1,-1,-1
516,47345,594,365,21,20,1,-1,-1,-1
516,47343,724,365,23,10,1,-1,-1,-1
516,47342,611,365,10,13,1,-1,-1,-1
516,47339,1071,365,31,9,1,-1,-1,-1
516,47336,692,365,26,11,1,-1,-1,-1
516,47334,566,364,20,19,1,-1,-1,-1
516,47326,1262,362,17,13,1,-1,-1,-1
516,47325,677,363,34,13,1,-1,-1,-1
516,47320,626,358,27,21,1,-1,-1,-1
516,47315,581,362,17,15,1,-1,-1,-1
516,47306,925,368,25,6,1,-1,-1,-1
516,47304,623,375,33,13,1,-1,-1,-1
516,47299,1087,368,28,6,1,-1,-1,-1
516,47298,592,387,96,78,1,-1,-1,-1
516,47282,822,367,12,6,1,-1,-1,-1
516,47280,630,378,19,9,1,-1,-1,-1
516,47278,504,368,13,8,1,-1,-1,-1
516,47275,769,368,11,7,1,-1,-1,-1
516,47269,585,367,4,12,1,-1,-1,-1
516,47268,671,367,7,8,1,-1,-1,-1
516,47263,1164,367,10,9,1,-1,-1,-1
516,47260,1255,367,9,8,1,-1,-1,-1
517,47345,594,365,21,20,1,-1,-1,-1
517,47343,724,365,23,9,1,-1,-1,-1
517,47342,611,365,10,13,1,-1,-1,-1
517,47339,1069,365,31,9,1,-1,-1,-1
517,47337,731,365,16,10,1,-1,-1,-1
517,47336,691,365,26,11,1,-1,-1,-1
517,47334,566,365,20,18,1,-1,-1,-1
517,47326,1259,362,20,14,1,-1,-1,-1
517,47325,675,363,35,13,1,-1,-1,-1
517,47320,626,358,27,22,1,-1,-1,-1
517,47315,581,362,17,16,1,-1,-1,-1
517,47306,924,368,24,6,1,-1,-1,-1
517,47304,623,376,33,12,1,-1,-1,-1
517,47299,1100,368,14,6,1,-1,-1,-1
517,47298,592,388,95,77,1,-1,-1,-1
517,47296,652,367,8,10,1,-1,-1,-1
517,47282,821,368,11,6,1,-1,-1,-1
517,47280,630,378,19,9,1,-1,-1,-1
517,47278,499,368,14,9,1,-1,-1,-1
517,47275,769,368,9,8,1,-1,-1,-1
517,47269,585,367,4,12,1,-1,-1,-1
517,47268,669,368,8,7,1,-1,-1,-1
517,47263,1159,367,13,9,1,-1,-1,-1
517,47260,1252,367,12,9,1,-1,-1,-1
518,47345,595,365,20,20,1,-1,-1,-1
518,47343,721,366,25,10,1,-1,-1,-1
518,47342,612,365,9,13,1,-1,-1,-1
518,47339,1067,365,31,10,1,-1,-1,-1
518,47336,690,365,27,11,1,-1,-1,-1
518,47334,566,365,20,18,1,-1,-1,-1
518,47326,1258,362,21,14,1,-1,-1,-1
518,47325,675,363,33,13,1,-1,-1,-1
518,47320,626,359,27,21,1,-1,-1,-1
518,47315,580,363,17,15,1,-1,-1,-1
518,47306,928,368,18,8,1,-1,-1,-1
518,47304,623,376,33,12,1,-1,-1,-1
518,47299,1095,368,16,7,1,-1,-1,-1
518,47298,592,388,95,77,1,-1,-1,-1
518,47282,819,368,12,6,1,-1,-1,-1
518,47280,630,378,19,9,1,-1,-1,-1
518,47278,497,368,12,9,1,-1,-1,-1
518,47275,766,369,11,7,1,-1,-1,-1
518,47269,586,367,3,12,1,-1,-1,-1
518,47268,668,368,5,7,1,-1,-1,-1
518,47263,1159,369,12,7,1,-1,-1,-1
518,47260,1254,367,10,9,1,-1,-1,-1
519,47345,595,366,20,19,1,-1,-1,-1
519,47343,720,366,25,10,1,-1,-1,-1
519,47342,612,366,9,13,1,-1,-1,-1
519,47339,1065,366,31,9,1,-1,-1,-1
519,47337,728,366,18,10,1,-1,-1,-1
519,47336,689,366,27,10,1,-1,-1,-1
519,47334,566,365,20,18,1,-1,-1,-1
519,47326,1257,362,22,14,1,-1,-1,-1
519,47325,672,363,35,13,1,-1,-1,-1
519,47320,626,359,27,21,1,-1,-1,-1
519,47315,580,363,17,15,1,-1,-1,-1
519,47306,919,368,25,8,1,-1,-1,-1
519,47304,623,376,33,12,1,-1,-1,-1
519,47299,1077,369,32,6,1,-1,-1,-1
519,47298,592,388,95,77,1,-1,-1,-1
519,47282,817,368,9,8,1,-1,-1,-1
519,47280,630,379,19,8,1,-1,-1,-1
519,47278,491,368,14,9,1,-1,-1,-1
519,47275,765,369,11,7,1,-1,-1,-1
519,47269,586,368,3,11,1,-1,-1,-1
519,47268,666,368,5,8,1,-1,-1,-1
519,47263,1158,367,11,8,1,-1,-1,-1
519,47260,1253,368,12,9,1,-1,-1,-1
520,47345,595,365,20,20,1,-1,-1,-1
520,47343,719,365,25,11,1,-1,-1,-1
520,47342,611,365,9,13,1,-1,-1,-1
520,47339,1063,365,31,11,1,-1,-1,-1
520,47337,728,365,17,9,1,-1,-1,-1
520,47336,689,365,26,11,1,-1,-1,-1
520,47334,566,364,20,19,1,-1,-1,-1
520,47326,1257,362,22,14,1,-1,-1,-1
520,47325,670,363,35,12,1,-1,-1,-1
520,47320,626,358,27,21,1,-1,-1,-1
520,47315,580,362,17,16,1,-1,-1,-1
520,47306,917,368,26,6,1,-1,-1,-1
520,47304,623,376,33,12,1,-1,-1,-1
520,47299,1094,368,12,7,1,-1,-1,-1
520,47298,593,387,94,77,1,-1,-1,-1
520,47296,652,367,8,10,1,-1,-1,-1
520,47282,816,368,11,6,1,-1,-1,-1
520,47280,630,378,20,9,1,-1,-1,-1
520,47278,489,368,11,9,1,-1,-1,-1
520,47275,764,368,10,8,1,-1,-1,-1
520,47269,586,367,3,11,1,-1,-1,-1
520,47268,665,367,5,8,1,-1,-1,-1
520,47263,1154,367,13,9,1,-1,-1,-1
520,47260,1253,367,11,9,1,-1,-1,-1
521,47345,595,364,20,20,1,-1,-1,-1
521,47343,718,364,24,11,1,-1,-1,-1
521,47342,612,364,8,13,1,-1,-1,-1
521,47339,1061,364,31,10,1,-1,-1,-1
521,47336,688,364,27,11,1,-1,-1,-1
521,47334,566,363,20,19,1,-1,-1,-1
521,47326,1256,361,23,14,1,-1,-1,-1
521,47325,668,362,33,13,1,-1,-1,-1
521,47320,626,358,27,21,1,-1,-1,-1
521,47315,579,362,18,15,1,-1,-1,-1
521,47306,915,367,26,6,1,-1,-1,-1
521,47304,623,375,33,12,1,-1,-1,-1
521,47299,1091,367,13,7,1,-1,-1,-1
521,47298,593,386,94,77,1,-1,-1,-1
521,47282,814,367,12,6,1,-1,-1,-1
521,47280,629,377,21,9,1,-1,-1,-1
521,47278,483,367,13,7,1,-1,-1,-1
521,47275,762,368,11,7,1,-1,-1,-1
521,47269,586,366,3,11,1,-1,-1,-1
521,47268,663,367,6,7,1,-1,-1,-1
521,47263,1154,366,12,7,1,-1,-1,-1
521,47260,1255,366,11,9,1,-1,-1,-1
522,47345,595,364,20,19,1,-1,-1,-1
522,47343,717,364,25,10,1,-1,-1,-1
522,47342,612,364,8,13,1,-1,-1,-1
522,47339,1058,364,32,11,1,-1,-1,-1
522,47337,726,364,16,10,1,-1,-1,-1
522,47336,688,363,26,12,1,-1,-1,-1
522,47334,566,363,19,19,1,-1,-1,-1
522,47326,1256,360,23,14,1,-1,-1,-1
522,47325,666,361,35,14,1,-1,-1,-1
522,47320,626,357,27,21,1,-1,-1,-1
522,47315,579,361,18,15,1,-1,-1,-1
522,47312,628,359,23,5,1,-1,-1,-1
522,47306,913,366,23,8,1,-1,-1,-1
522,47304,623,374,33,12,1,-1,-1,-1
522,47298,593,386,94,76,1,-1,-1,-1
522,47282,812,366,12,8,1,-1,-1,-1
522,47280,629,377,21,8,1,-1,-1,-1
522,47278,480,366,11,7,1,-1,-1,-1
522,47275,762,367,10,7,1,-1,-1,-1
522,47269,585,366,4,11,1,-1,-1,-1
522,47268,662,366,6,8,1,-1,-1,-1
522,47263,1151,365,13,10,1,-1,-1,-1
522,47260,1259,366,5,9,1,-1,-1,-1
523,47345,595,363,20,19,1,-1,-1,-1
523,47343,716,363,25,9,1,-1,-1,-1
523,47342,611,363,9,13,1,-1,-1,-1
523,47339,1057,363,31,11,1,-1,-1,-1
523,47336,687,363,27,11,1,-1,-1,-1
523,47334,565,362,20,19,1,-1,-1,-1
523,47326,1255,360,24,14,1,-1,-1,-1
523,47325,664,361,34,13,1,-1,-1,-1
523,47320,626,356,27,21,1,-1,-1,-1
523,47315,578,360,19,16,1,-1,-1,-1
523,47306,911,366,25,6,1,-1,-1,-1
523,47304,623,374,33,11,1,-1,-1,-1
523,47298,593,385,94,76,1,-1,-1,-1
523,47296,652,365,8,10,1,-1,-1,-1
523,47282,810,365,12,7,1,-1,-1,-1
523,47280,629,376,21,9,1,-1,-1,-1
523,47278,480,366,8,6,1,-1,-1,-1
523,47275,760,366,10,8,1,-1,-1,-1
523,47269,586,365,3,12,1,-1,-1,-1
523,47268,662,365,3,8,1,-1,-1,-1
523,47263,1149,365,11,9,1,-1,-1,-1
523,47260,1255,365,11,11,1,-1,-1,-1
524,47345,595,363,20,20,1,-1,-1,-1
524,47343,715,364,23,10,1,-1,-1,-1
524,47342,610,363,10,13,1,-1,-1,-1
524,47339,1055,363,31,11,1,-1,-1,-1
524,47336,687,363,27,11,1,-1,-1,-1
524,47334,565,362,20,19,1,-1,-1,-1
524,47326,1254,360,25,14,1,-1,-1,-1
524,47325,662,361,35,13,1,-1,-1,-1
524,47320,626,356,27,22,1,-1,-1,-1
524,47315,578,361,18,15,1,-1,-1,-1
524,47306,909,366,26,8,1,-1,-1,-1
524,47304,623,374,33,12,1,-1,-1,-1
524,47299,1068,366,28,8,1,-1,-1,-1
524,47298,593,385,94,77,1,-1,-1,-1
524,47282,809,366,12,6,1,-1,-1,-1
524,47280,629,377,21,8,1,-1,-1,-1
524,47278,475,366,8,6,1,-1,-1,-1
524,47275,758,367,11,7,1,-1,-1,-1
524,47269,586,365,3,12,1,-1,-1,-1
524,47268,660,366,4,8,1,-1,-1,-1
524,47263,1148,365,11,9,1,-1,-1,-1
524,47260,1254,365,13,8,1,-1,-1,-1
525,47345,595,364,20,20,1,-1,-1,-1
525,47343,714,364,24,11,1,-1,-1,-1
525,47342,611,364,9,13,1,-1,-1,-1
525,47339,1054,364,30,11,1,-1,-1,-1
525,47336,687,364,27,11,1,-1,-1,-1
525,47334,565,364,20,18,1,-1,-1,-1
525,47326,1254,361,25,14,1,-1,-1,-1
525,47325,660,362,35,13,1,-1,-1,-1
525,47320,626,357,27,21,1,-1,-1,-1
525,47315,577,362,19,15,1,-1,-1,-1
525,47312,628,360,23,5,1,-1,-1,-1
525,47306,907,367,26,6,1,-1,-1,-1
525,47304,623,375,33,12,1,-1,-1,-1
525,47299,1067,367,27,7,1,-1,-1,-1
525,47298,592,386,96,78,1,-1,-1,-1
525,47282,807,367,12,6,1,-1,-1,-1
525,47280,629,378,21,8,1,-1,-1,-1
525,47278,470,367,6,5,1,-1,-1,-1
525,47275,756,367,11,8,1,-1,-1,-1
525,47269,585,366,4,12,1,-1,-1,-1
525,47263,1147,366,12,9,1,-1,-1,-1
525,47260,1255,366,11,11,1,-1,-1,-1
526,47345,595,365,20,19,1,-1,-1,-1
526,47343,714,365,24,11,1,-1,-1,-1
526,47342,612,365,8,13,1,-1,-1,-1
526,47339,1051,365,31,11,1,-1,-1,-1
526,47336,687,365,27,11,1,-1,-1,-1
526,47334,565,364,20,19,1,-1,-1,-1
526,47326,1254,362,25,13,1,-1,-1,-1
526,47325,659,363,34,13,1,-1,-1,-1
526,47320,626,358,27,21,1,-1,-1,-1
526,47315,577,362,19,16,1,-1,-1,-1
526,47312,628,361,23,5,1,-1,-1,-1
526,47306,905,368,26,7,1,-1,-1,-1
526,47304,623,376,34,11,1,-1,-1,-1
526,47298,591,387,97,80,1,-1,-1,-1
526,47282,806,367,11,7,1,-1,-1,-1
526,47280,629,378,21,9,1,-1,-1,-1
526,47275,756,368,10,6,1,-1,-1,-1
526,47269,585,367,3,12,1,-1,-1,-1
526,47263,1145,367,12,9,1,-1,-1,-1
526,47260,1256,367,12,11,1,-1,-1,-1
527,47345,595,365,20,20,1,-1,-1,-1
527,47343,714,365,23,11,1,-1,-1,-1
527,47342,610,365,10,13,1,-1,-1,-1
527,47339,1049,365,31,11,1,-1,-1,-1
527,47337,720,367,18,9,1,-1,-1,-1
527,47336,687,365,27,11,1,-1,-1,-1
527,47334,565,365,20,18,1,-1,-1,-1
527,47326,1253,362,26,13,1,-1,-1,-1
527,47325,659,363,32,13,1,-1,-1,-1
527,47320,626,358,27,21,1,-1,-1,-1
527,47315,576,363,20,15,1,-1,-1,-1
527,47312,628,361,23,6,1,-1,-1,-1
527,47306,903,368,24,8,1,-1,-1,-1
527,47304,622,376,35,12,1,-1,-1,-1
527,47299,1062,369,28,7,1,-1,-1,-1
527,47298,590,388,99,82,1,-1,-1,-1
527,47282,804,368,12,6,1,-1,-1,-1
527,47280,629,379,21,8,1,-1,-1,-1
527,47275,754,369,10,5,1,-1,-1,-1
527,47269,585,368,3,10,1,-1,-1,-1
527,47263,1143,367,13,8,1,-1,-1,-1
527,47260,1256,367,13,11,1,-1,-1,-1
528,47345,595,365,20,20,1,-1,-1,-1
528,47343,714,365,22,11,1,-1,-1,-1
528,47342,611,365,8,13,1,-1,-1,-1
528,47339,1047,365,31,11,1,-1,-1,-1
528,47337,719,367,18,9,1,-1,-1,-1
528,47336,687,365,28,11,1,-1,-1,-1
528,47334,564,365,21,18,1,-1,-1,-1
528,47326,1253,362,26,13,1,-1,-1,-1
528,47325,659,363,30,13,1,-1,-1,-1
528,47320,626,358,27,21,1,-1,-1,-1
528,47315,576,362,19,16,1,-1,-1,-1
528,47312,628,361,23,6,1,-1,-1,-1
528,47306,901,368,26,8,1,-1,-1,-1
528,47304,622,376,35,13,1,-1,-1,-1
528,47299,1062,369,26,7,1,-1,-1,-1
528,47298,589,388,101,85,1,-1,-1,-1
528,47282,802,368,13,8,1,-1,-1,-1
528,47280,629,379,21,9,1,-1,-1,-1
528,47275,753,368,10,8,1,-1,-1,-1
528,47269,585,367,3,11,1,-1,-1,-1
528,47263,1143,367,12,8,1,-1,-1,-1
528,47260,1256,367,12,11,1,-1,-1,-1
529,47345,595,364,20,20,1,-1,-1,-1
529,47343,714,365,20,10,1,-1,-1,-1
529,47342,611,364,8,14,1,-1,-1,-1
529,47339,1045,365,31,11,1,-1,-1,-1
529,47336,687,364,27,12,1,-1,-1,-1
529,47334,564,364,20,19,1,-1,-1,-1
529,47326,1253,361,26,14,1,-1,-1,-1
529,47325,657,362,29,14,1,-1,-1,-1
529,47320,626,357,27,24,1,-1,-1,-1
529,47315,575,362,20,15,1,-1,-1,-1
529,47312,628,360,23,6,1,-1,-1,-1
529,47306,899,367,27,7,1,-1,-1,-1
529,47304,622,376,35,13,1,-1,-1,-1
529,47299,1060,368,26,6,1,-1,-1,-1
529,47298,588,388,103,87,1,-1,-1,-1
529,47282,801,367,12,8,1,-1,-1,-1
529,47280,629,378,21,10,1,-1,-1,-1
529,47275,751,368,12,8,1,-1,-1,-1
529,47269,585,367,3,12,1,-1,-1,-1
529,47263,1143,366,10,8,1,-1,-1,-1
529,47260,1257,367,13,11,1,-1,-1,-1
530,47345,596,363,19,20,1,-1,-1,-1
530,47343,713,364,21,10,1,-1,-1,-1
530,47342,611,363,8,14,1,-1,-1,-1
530,47339,1043,364,32,11,1,-1,-1,-1
530,47337,717,365,18,9,1,-1,-1,-1
530,47336,687,363,27,12,1,-1,-1,-1
530,47334,564,364,20,18,1,-1,-1,-1
530,47326,1253,360,26,14,1,-1,-1,-1
530,47325,656,361,30,13,1,-1,-1,-1
530,47320,626,356,28,24,1,-1,-1,-1
530,47315,574,361,21,16,1,-1,-1,-1
530,47312,628,359,23,6,1,-1,-1,-1
530,47306,897,366,27,8,1,-1,-1,-1
530,47304,622,375,35,13,1,-1,-1,-1
530,47299,1057,367,26,6,1,-1,-1,-1
530,47298,587,388,105,88,1,-1,-1,-1
530,47282,800,366,12,7,1,-1,-1,-1
530,47280,629,377,21,10,1,-1,-1,-1
530,47275,751,367,10,7,1,-1,-1,-1
530,47269,584,366,4,12,1,-1,-1,-1
530,47263,1139,365,13,8,1,-1,-1,-1
530,47260,1260,366,10,11,1,-1,-1,-1
531,47345,596,362,19,20,1,-1,-1,-1
531,47343,713,362,20,11,1,-1,-1,-1
531,47342,610,362,9,14,1,-1,-1,-1
531,47339,1042,363,31,11,1,-1,-1,-1
531,47337,717,364,17,9,1,-1,-1,-1
531,47336,688,362,27,12,1,-1,-1,-1
531,47334,564,362,20,19,1,-1,-1,-1
531,47326,1252,359,27,14,1,-1,-1,-1
531,47325,654,360,28,14,1,-1,-1,-1
531,47320,626,355,28,23,1,-1,-1,-1
531,47315,574,360,21,15,1,-1,-1,-1
531,47306,896,365,26,8,1,-1,-1,-1
531,47304,622,373,35,15,1,-1,-1,-1
531,47299,1050,366,31,6,1,-1,-1,-1
531,47298,586,387,107,91,1,-1,-1,-1
531,47282,798,365,12,7,1,-1,-1,-1
531,47280,629,376,21,11,1,-1,-1,-1
531,47277,559,366,5,8,1,-1,-1,-1
531,47275,751,366,9,7,1,-1,-1,-1
531,47269,584,365,4,12,1,-1,-1,-1
531,47263,1139,364,9,8,1,-1,-1,-1
531,47260,1261,364,10,9,1,-1,-1,-1
532,47345,596,361,19,20,1,-1,-1,-1
532,47343,713,361,19,11,1,-1,-1,-1
532,47342,611,361,8,14,1,-1,-1,-1
532,47339,1040,361,31,12,1,-1,-1,-1
532,47336,688,361,27,12,1,-1,-1,-1
532,47334,563,361,21,19,1,-1,-1,-1
532,47326,1252,358,27,14,1,-1,-1,-1
532,47325,652,359,28,14,1,-1,-1,-1
532,47320,626,354,28,23,1,-1,-1,-1
532,47315,573,359,21,15,1,-1,-1,-1
532,47306,894,364,26,7,1,-1,-1,-1
532,47304,622,372,35,15,1,-1,-1,-1
532,47299,1055,365,24,6,1,-1,-1,-1
532,47298,585,387,110,92,1,-1,-1,-1
532,47282,797,364,11,8,1,-1,-1,-1
532,47280,629,375,21,11,1,-1,-1,-1
532,47277,556,365,7,8,1,-1,-1,-1
532,47275,748,365,10,8,1,-1,-1,-1
532,47269,584,363,4,12,1,-1,-1,-1
532,47263,1136,363,12,8,1,-1,-1,-1
532,47260,1257,363,14,9,1,-1,-1,-1
533,47345,596,360,19,19,1,-1,-1,-1
533,47343,714,360,17,11,1,-1,-1,-1
533,47342,611,360,8,14,1,-1,-1,-1
533,47339,1038,360,31,12,1,-1,-1,-1
533,47337,714,360,18,11,1,-1,-1,-1
533,47336,688,360,28,12,1,-1,-1,-1
533,47334,563,360,21,19,1,-1,-1,-1
533,47326,1252,357,27,14,1,-1,-1,-1
533,47325,652,358,26,14,1,-1,-1,-1
533,47320,626,353,28,23,1,-1,-1,-1
533,47315,572,357,22,16,1,-1,-1,-1
533,47306,891,363,27,8,1,-1,-1,-1
533,47304,622,371,35,15,1,-1,-1,-1
533,47299,1052,364,25,7,1,-1,-1,-1
533,47298,584,386,112,93,1,-1,-1,-1
533,47282,795,363,12,8,1,-1,-1,-1
533,47280,629,374,21,12,1,-1,-1,-1
533,47277,553,364,10,8,1,-1,-1,-1
533,47275,747,363,11,9,1,-1,-1,-1
533,47269,584,362,4,12,1,-1,-1,-1
533,47263,1136,362,10,8,1,-1,-1,-1
533,47260,1258,362,14,9,1,-1,-1,-1
534,47345,596,359,19,20,1,-1,-1,-1
534,47343,715,359,15,11,1,-1,-1,-1
534,47342,611,359,8,14,1,-1,-1,-1
534,47339,1036,359,29,12,1,-1,-1,-1
534,47337,714,359,18,11,1,-1,-1,-1
534,47336,688,359,28,12,1,-1,-1,-1
534,47334,563,359,21,19,1,-1,-1,-1
534,47326,1253,356,26,14,1,-1,-1,-1
534,47325,652,357,23,14,1,-1,-1,-1
534,47320,626,352,28,23,1,-1,-1,-1
534,47315,572,356,22,16,1,-1,-1,-1
534,47306,889,362,27,7,1,-1,-1,-1
534,47304,622,370,35,16,1,-1,-1,-1
534,47299,1044,363,31,7,1,-1,-1,-1
534,47298,583,386,114,94,1,-1,-1,-1
534,47282,794,362,12,7,1,-1,-1,-1
534,47280,629,373,21,12,1,-1,-1,-1
534,47277,551,363,9,8,1,-1,-1,-1
534,47275,747,363,9,8,1,-1,-1,-1
534,47269,584,361,3,13,1,-1,-1,-1
534,47263,1133,361,13,8,1,-1,-1,-1
534,47260,1260,361,12,9,1,-1,-1,-1
535,47345,596,358,19,20,1,-1,-1,-1
535,47343,715,358,14,10,1,-1,-1,-1
535,47342,611,358,8,14,1,-1,-1,-1
535,47339,1033,358,32,12,1,-1,-1,-1
535,47336,688,358,28,12,1,-1,-1,-1
535,47334,563,358,21,19,1,-1,-1,-1
535,47326,1251,355,28,14,1,-1,-1,-1
535,47325,652,356,22,14,1,-1,-1,-1
535,47320,626,351,28,23,1,-1,-1,-1
535,47315,571,356,22,15,1,-1,-1,-1
535,47306,887,361,27,7,1,-1,-1,-1
535,47304,622,369,35,17,1,-1,-1,-1
535,47299,1047,362,26,6,1,-1,-1,-1
535,47298,582,385,116,96,1,-1,-1,-1
535,47282,792,361,12,7,1,-1,-1,-1
535,47280,629,372,21,13,1,-1,-1,-1
535,47277,548,362,10,8,1,-1,-1,-1
535,47275,748,362,6,7,1,-1,-1,-1
535,47269,584,361,3,12,1,-1,-1,-1
535,47263,1133,360,11,8,1,-1,-1,-1
535,47260,1260,360,12,9,1,-1,-1,-1
536,47345,596,357,19,19,1,-1,-1,-1
536,47343,715,357,14,11,1,-1,-1,-1
536,47339,1038,357,25,11,1,-1,-1,-1
536,47336,688,357,28,11,1,-1,-1,-1
536,47334,563,357,20,19,1,-1,-1,-1
536,47326,1251,354,28,14,1,-1,-1,-1
536,47325,652,354,21,14,1,-1,-1,-1
536,47320,626,350,28,23,1,-1,-1,-1
536,47315,570,354,23,16,1,-1,-1,-1
536,47306,885,360,27,7,1,-1,-1,-1
536,47304,622,368,35,16,1,-1,-1,-1
536,47298,582,384,116,97,1,-1,-1,-1
536,47282,791,359,12,7,1,-1,-1,-1
536,47280,629,371,21,13,1,-1,-1,-1
536,47277,545,360,10,8,1,-1,-1,-1
536,47275,742,363,11,5,1,-1,-1,-1
536,47269,584,359,3,11,1,-1,-1,-1
536,47263,1130,359,12,8,1,-1,-1,-1
536,47260,1258,359,12,11,1,-1,-1,-1
537,47345,596,354,19,19,1,-1,-1,-1
537,47343,716,354,12,11,1,-1,-1,-1
537,47339,1029,354,31,9,1,-1,-1,-1
537,47336,688,354,28,11,1,-1,-1,-1
537,47334,563,354,20,18,1,-1,-1,-1
537,47326,1251,350,28,16,1,-1,-1,-1
537,47325,652,351,20,14,1,-1,-1,-1
537,47320,626,347,28,23,1,-1,-1,-1
537,47315,569,351,23,16,1,-1,-1,-1
537,47312,628,349,24,11,1,-1,-1,-1
537,47306,883,357,27,6,1,-1,-1,-1
537,47304,622,365,35,16,1,-1,-1,-1
537,47298,582,381,116,98,1,-1,-1,-1
537,47282,789,356,12,7,1,-1,-1,-1
537,47280,629,368,21,13,1,-1,-1,-1
537,47277,542,357,10,8,1,-1,-1,-1
537,47275,741,357,11,8,1,-1,-1,-1
537,47269,584,356,3,11,1,-1,-1,-1
537,47263,1132,356,8,7,1,-1,-1,-1
537,47260,1256,356,15,11,1,-1,-1,-1
538,47345,596,350,20,19,1,-1,-1,-1
538,47343,716,350,10,11,1,-1,-1,-1
538,47339,1027,350,31,11,1,-1,-1,-1
538,47336,688,350,29,11,1,-1,-1,-1
538,47334,563,350,20,18,1,-1,-1,-1
538,47326,1250,346,29,16,1,-1,-1,-1
538,47325,652,347,18,14,1,-1,-1,-1
538,47320,626,343,28,23,1,-1,-1,-1
538,47315,568,347,23,16,1,-1,-1,-1
538,47312,628,345,24,11,1,-1,-1,-1
538,47306,881,353,27,6,1,-1,-1,-1
538,47304,622,361,35,16,1,-1,-1,-1
538,47298,582,377,116,97,1,-1,-1,-1
538,47282,787,352,13,7,1,-1,-1,-1
538,47280,629,364,21,13,1,-1,-1,-1
538,47277,539,353,10,8,1,-1,-1,-1
538,47275,740,353,11,6,1,-1,-1,-1
538,47269,584,352,3,11,1,-1,-1,-1
538,47263,1125,351,13,9,1,-1,-1,-1
538,47260,1255,352,14,11,1,-1,-1,-1
539,47345,596,346,20,19,1,-1,-1,-1
539,47339,1024,346,31,11,1,-1,-1,-1
539,47336,689,346,28,11,1,-1,-1,-1
539,47334,563,346,20,18,1,-1,-1,-1
539,47326,1248,342,31,16,1,-1,-1,-1
539,47325,652,343,16,14,1,-1,-1,-1
539,47320,626,339,28,23,1,-1,-1,-1
539,47315,567,343,24,16,1,-1,-1,-1
539,47312,628,341,24,11,1,-1,-1,-1
539,47306,879,349,27,6,1,-1,-1,-1
539,47304,622,357,35,16,1,-1,-1,-1
539,47298,582,373,115,96,1,-1,-1,-1
539,47296,626,349,29,8,1,-1,-1,-1
539,47282,786,348,12,7,1,-1,-1,-1
539,47280,629,360,21,12,1,-1,-1,-1
539,47277,535,349,11,8,1,-1,-1,-1
539,47275,740,349,10,6,1,-1,-1,-1
539,47269,584,348,3,11,1,-1,-1,-1
539,47263,1123,347,12,9,1,-1,-1,-1
539,47260,1253,348,13,11,1,-1,-1,-1
540,47345,597,344,19,19,1,-1,-1,-1
540,47342,611,344,8,14,1,-1,-1,-1
540,47339,1020,345,22,11,1,-1,-1,-1
540,47336,689,345,28,11,1,-1,-1,-1
540,47334,563,345,21,18,1,-1,-1,-1
540,47326,1248,341,31,16,1,-1,-1,-1
540,47325,652,342,14,14,1,-1,-1,-1
540,47320,626,338,28,23,1,-1,-1,-1
540,47315,563,342,27,16,1,-1,-1,-1
540,47306,877,348,26,7,1,-1,-1,-1
540,47304,622,356,35,16,1,-1,-1,-1
540,47298,583,372,114,94,1,-1,-1,-1
540,47296,625,348,29,8,1,-1,-1,-1
540,47282,785,347,11,7,1,-1,-1,-1
540,47280,629,358,21,13,1,-1,-1,-1
540,47277,532,348,10,8,1,-1,-1,-1
540,47275,737,348,9,8,1,-1,-1,-1
540,47269,584,347,3,10,1,-1,-1,-1
540,47263,1120,346,10,10,1,-1,-1,-1
540,47260,1251,347,15,11,1,-1,-1,-1
541,47345,597,346,19,19,1,-1,-1,-1
541,47339,1017,346,27,11,1,-1,-1,-1
541,47336,689,346,28,12,1,-1,-1,-1
541,47334,563,346,21,19,1,-1,-1,-1
541,47326,1245,343,34,15,1,-1,-1,-1
541,47325,652,344,10,14,1,-1,-1,-1
541,47320,626,339,28,21,1,-1,-1,-1
541,47315,562,343,28,16,1,-1,-1,-1
541,47306,875,349,26,8,1,-1,-1,-1
541,47304,623,357,33,16,1,-1,-1,-1
541,47299,1031,351,26,5,1,-1,-1,-1
541,47298,584,373,112,92,1,-1,-1,-1
541,47296,624,349,30,8,1,-1,-1,-1
541,47282,782,349,13,8,1,-1,-1,-1
541,47280,629,360,21,12,1,-1,-1,-1
541,47277,529,349,10,9,1,-1,-1,-1
541,47275,735,349,10,9,1,-1,-1,-1
541,47269,584,348,3,12,1,-1,-1,-1
541,47263,1118,348,11,8,1,-1,-1,-1
541,47260,1249,348,16,11,1,-1,-1,-1
542,47345,597,348,19,19,1,-1,-1,-1
542,47340,1269,349,10,12,1,-1,-1,-1
542,47339,1015,348,31,12,1,-1,-1,-1
542,47336,689,348,28,12,1,-1,-1,-1
542,47334,563,348,21,19,1,-1,-1,-1
542,47326,1243,345,36,14,1,-1,-1,-1
542,47325,623,346,39,12,1,-1,-1,-1
542,47320,626,341,28,22,1,-1,-1,-1
542,47315,561,346,29,15,1,-1,-1,-1
542,47306,872,351,27,7,1,-1,-1,-1
542,47304,623,359,34,16,1,-1,-1,-1
542,47298,585,375,110,91,1,-1,-1,-1
542,47296,624,355,29,5,1,-1,-1,-1
542,47282,780,351,13,7,1,-1,-1,-1
542,47280,629,362,21,12,1,-1,-1,-1
542,47277,525,352,11,8,1,-1,-1,-1
542,47275,734,352,11,8,1,-1,-1,-1
542,47269,584,351,3,11,1,-1,-1,-1
542,47263,1116,350,11,10,1,-1,-1,-1
542,47260,1250,350,13,11,1,-1,-1,-1
543,47345,597,351,19,19,1,-1,-1,-1
543,47343,700,351,21,11,1,-1,-1,-1
543,47340,1267,351,12,10,1,-1,-1,-1
543,47339,1012,351,31,11,1,-1,-1,-1
543,47336,689,351,28,12,1,-1,-1,-1
543,47334,563,351,21,18,1,-1,-1,-1
543,47326,1241,348,38,15,1,-1,-1,-1
543,47325,621,349,37,11,1,-1,-1,-1
543,47320,626,344,28,21,1,-1,-1,-1
543,47315,559,348,30,16,1,-1,-1,-1
543,47306,871,354,26,8,1,-1,-1,-1
543,47304,623,362,33,15,1,-1,-1,-1
543,47299,1025,355,24,7,1,-1,-1,-1
543,47298,586,377,108,90,1,-1,-1,-1
543,47282,779,354,12,8,1,-1,-1,-1
543,47280,629,365,21,11,1,-1,-1,-1
543,47277,522,354,10,8,1,-1,-1,-1
543,47275,734,354,10,8,1,-1,-1,-1
543,47269,584,353,3,12,1,-1,-1,-1
543,47263,1115,353,9,9,1,-1,-1,-1
543,47260,1245,353,16,11,1,-1,-1,-1
544,47345,597,353,19,19,1,-1,-1,-1
544,47343,699,353,21,11,1,-1,-1,-1
544,47340,1265,354,14,12,1,-1,-1,-1
544,47339,1009,353,31,12,1,-1,-1,-1
544,47336,689,353,28,12,1,-1,-1,-1
544,47334,564,353,20,19,1,-1,-1,-1
544,47326,1240,350,39,14,1,-1,-1,-1
544,47325,619,351,39,14,1,-1,-1,-1
544,47320,626,346,28,22,1,-1,-1,-1
544,47315,558,351,30,15,1,-1,-1,-1
544,47306,868,356,26,7,1,-1,-1,-1
544,47304,623,364,33,15,1,-1,-1,-1
544,47299,1022,357,26,6,1,-1,-1,-1
544,47298,586,379,107,89,1,-1,-1,-1
544,47282,778,356,12,7,1,-1,-1,-1
544,47280,629,367,21,11,1,-1,-1,-1
544,47277,518,357,11,8,1,-1,-1,-1
544,47275,731,357,11,8,1,-1,-1,-1
544,47269,584,356,3,12,1,-1,-1,-1
544,47263,1109,355,11,10,1,-1,-1,-1
544,47260,1246,355,13,11,1,-1,-1,-1
545,47345,598,355,18,19,1,-1,-1,-1
545,47343,699,356,19,11,1,-1,-1,-1
545,47340,1264,356,15,12,1,-1,-1,-1
545,47339,1006,356,31,11,1,-1,-1,-1
545,47336,689,356,28,11,1,-1,-1,-1
545,47334,564,356,20,18,1,-1,-1,-1
545,47326,1238,352,41,16,1,-1,-1,-1
545,47325,619,353,37,13,1,-1,-1,-1
545,47320,626,349,28,21,1,-1,-1,-1
545,47315,557,353,30,15,1,-1,-1,-1
545,47306,866,359,26,6,1,-1,-1,-1
545,47304,623,366,33,15,1,-1,-1,-1
545,47298,587,381,105,87,1,-1,-1,-1
545,47282,775,358,13,7,1,-1,-1,-1
545,47280,629,369,21,11,1,-1,-1,-1
545,47277,514,359,11,8,1,-1,-1,-1
545,47275,730,359,11,8,1,-1,-1,-1
545,47269,584,358,3,12,1,-1,-1,-1
545,47263,1107,357,12,10,1,-1,-1,-1
545,47260,1242,358,15,10,1,-1,-1,-1
546,47345,598,357,18,19,1,-1,-1,-1
546,47340,1263,358,16,12,1,-1,-1,-1
546,47339,1003,358,31,11,1,-1,-1,-1
546,47336,689,358,28,11,1,-1,-1,-1
546,47334,564,358,20,18,1,-1,-1,-1
546,47326,1237,354,42,16,1,-1,-1,-1
546,47325,619,355,36,13,1,-1,-1,-1
546,47320,626,351,28,21,1,-1,-1,-1
546,47315,556,355,30,15,1,-1,-1,-1
546,47306,864,361,26,7,1,-1,-1,-1
546,47304,623,368,33,15,1,-1,-1,-1
546,47298,588,382,104,86,1,-1,-1,-1
546,47282,774,360,12,7,1,-1,-1,-1
546,47280,629,371,21,11,1,-1,-1,-1
546,47277,510,361,12,8,1,-1,-1,-1
546,47275,729,361,10,8,1,-1,-1,-1
546,47269,584,360,3,11,1,-1,-1,-1
546,47263,1104,359,12,10,1,-1,-1,-1
546,47260,1240,360,15,10,1,-1,-1,-1
547,47345,598,359,18,19,1,-1,-1,-1
547,47340,1261,359,18,13,1,-1,-1,-1
547,47339,1000,359,31,12,1,-1,-1,-1
547,47337,699,361,19,9,1,-1,-1,-1
547,47336,689,359,28,12,1,-1,-1,-1
547,47334,564,359,20,19,1,-1,-1,-1
547,47326,1235,356,44,16,1,-1,-1,-1
547,47325,619,357,34,14,1,-1,-1,-1
547,47320,626,352,28,22,1,-1,-1,-1
547,47315,554,357,31,15,1,-1,-1,-1
547,47306,861,362,27,7,1,-1,-1,-1
547,47304,623,370,33,14,1,-1,-1,-1
547,47298,588,384,103,85,1,-1,-1,-1
547,47282,772,362,12,7,1,-1,-1,-1
547,47280,629,373,21,10,1,-1,-1,-1
547,47277,507,363,11,8,1,-1,-1,-1
547,47275,727,363,11,8,1,-1,-1,-1
547,47269,584,362,3,11,1,-1,-1,-1
547,47263,1102,361,12,10,1,-1,-1,-1
547,47260,1238,361,15,11,1,-1,-1,-1
548,47345,598,360,18,19,1,-1,-1,-1
548,47343,689,361,19,11,1,-1,-1,-1
548,47340,1260,361,19,11,1,-1,-1,-1
548,47339,998,361,31,11,1,-1,-1,-1
548,47336,689,361,28,11,1,-1,-1,-1
548,47334,564,361,20,18,1,-1,-1,-1
548,47326,1234,357,45,16,1,-1,-1,-1
548,47320,626,354,28,21,1,-1,-1,-1
548,47315,553,358,31,15,1,-1,-1,-1
548,47306,859,364,27,8,1,-1,-1,-1
548,47304,623,371,33,14,1,-1,-1,-1
548,47299,1011,364,26,7,1,-1,-1,-1
548,47298,589,385,102,85,1,-1,-1,-1
548,47282,771,363,12,8,1,-1,-1,-1
548,47280,629,374,21,10,1,-1,-1,-1
548,47277,503,364,11,8,1,-1,-1,-1
548,47275,725,364,12,8,1,-1,-1,-1
548,47269,584,363,3,11,1,-1,-1,-1
548,47263,1100,363,11,9,1,-1,-1,-1
548,47260,1236,363,16,11,1,-1,-1,-1
549,47345,598,362,18,18,1,-1,-1,-1
549,47340,1259,362,20,13,1,-1,-1,-1
549,47339,995,362,31,11,1,-1,-1,-1
549,47336,689,362,28,12,1,-1,-1,-1
549,47334,564,362,20,18,1,-1,-1,-1
549,47326,1233,359,46,15,1,-1,-1,-1
549,47320,626,355,28,21,1,-1,-1,-1
549,47315,551,359,33,16,1,-1,-1,-1
549,47306,857,365,27,7,1,-1,-1,-1
549,47304,623,373,33,13,1,-1,-1,-1
549,47299,1009,366,26,6,1,-1,-1,-1
549,47298,589,386,101,84,1,-1,-1,-1
549,47282,769,365,13,8,1,-1,-1,-1
549,47280,629,375,21,10,1,-1,-1,-1
549,47277,498,365,12,9,1,-1,-1,-1
549,47275,724,365,12,9,1,-1,-1,-1
549,47269,584,364,3,11,1,-1,-1,-1
549,47263,1097,364,10,8,1,-1,-1,-1
549,47260,1234,364,16,11,1,-1,-1,-1
550,47345,598,363,19,18,1,-1,-1,-1
550,47340,1258,363,21,13,1,-1,-1,-1
550,47339,992,363,32,12,1,-1,-1,-1
550,47336,689,363,28,12,1,-1,-1,-1
550,47334,564,363,20,18,1,-1,-1,-1
550,47326,1232,360,47,15,1,-1,-1,-1
550,47320,626,356,27,21,1,-1,-1,-1
550,47315,549,360,33,16,1,-1,-1,-1
550,47306,855,366,27,7,1,-1,-1,-1
550,47304,623,374,33,13,1,-1,-1,-1
550,47299,1010,366,22,7,1,-1,-1,-1
550,47298,589,387,101,83,1,-1,-1,-1
550,47282,768,366,12,7,1,-1,-1,-1
550,47280,629,376,21,10,1,-1,-1,-1
550,47277,494,366,12,9,1,-1,-1,-1
550,47275,725,366,8,9,1,-1,-1,-1
550,47269,584,365,3,12,1,-1,-1,-1
550,47263,1096,365,11,8,1,-1,-1,-1
550,47260,1234,365,14,11,1,-1,-1,-1
551,47345,598,364,19,18,1,-1,-1,-1
551,47340,1259,364,20,13,1,-1,-1,-1
551,47339,991,364,30,11,1,-1,-1,-1
551,47336,689,364,29,12,1,-1,-1,-1
551,47334,564,364,20,18,1,-1,-1,-1
551,47326,1230,360,49,16,1,-1,-1,-1
551,47320,626,357,27,21,1,-1,-1,-1
551,47315,547,361,34,16,1,-1,-1,-1
551,47306,853,367,27,7,1,-1,-1,-1
551,47304,623,374,33,14,1,-1,-1,-1
551,47299,1006,367,24,8,1,-1,-1,-1
551,47298,590,387,100,83,1,-1,-1,-1
551,47296,619,367,8,10,1,-1,-1,-1
551,47282,766,366,13,9,1,-1,-1,-1
551,47280,629,377,21,10,1,-1,-1,-1
551,47277,490,367,11,8,1,-1,-1,-1
551,47275,722,367,11,9,1,-1,-1,-1
551,47269,584,366,3,12,1,-1,-1,-1
551,47260,1231,366,16,11,1,-1,-1,-1
552,47345,598,364,19,19,1,-1,-1,-1
552,47343,683,364,17,12,1,-1,-1,-1
552,47340,1256,364,23,13,1,-1,-1,-1
552,47339,987,364,32,12,1,-1,-1,-1
552,47336,689,364,29,12,1,-1,-1,-1
552,47334,564,364,20,19,1,-1,-1,-1
552,47326,1229,361,50,16,1,-1,-1,-1
552,47320,626,357,27,22,1,-1,-1,-1
552,47315,545,362,35,15,1,-1,-1,-1
552,47306,851,367,27,7,1,-1,-1,-1
552,47304,623,375,33,13,1,-1,-1,-1
552,47298,590,388,99,81,1,-1,-1,-1
552,47296,619,367,8,10,1,-1,-1,-1
552,47282,765,367,12,7,1,-1,-1,-1
552,47280,629,378,21,9,1,-1,-1,-1
552,47277,485,368,12,8,1,-1,-1,-1
552,47275,721,368,11,8,1,-1,-1,-1
552,47269,584,367,3,12,1,-1,-1,-1
552,47263,1091,369,5,7,1,-1,-1,-1
552,47260,1229,366,16,11,1,-1,-1,-1
553,47345,598,365,19,18,1,-1,-1,-1
553,47343,682,365,19,11,1,-1,-1,-1
553,47340,1256,365,23,13,1,-1,-1,-1
553,47339,985,365,30,12,1,-1,-1,-1
553,47336,689,365,29,12,1,-1,-1,-1
553,47334,564,365,20,18,1,-1,-1,-1
553,47326,1228,361,51,15,1,-1,-1,-1
553,47320,626,358,27,21,1,-1,-1,-1
553,47315,543,362,35,16,1,-1,-1,-1
553,47306,850,368,26,7,1,-1,-1,-1
553,47304,623,376,33,12,1,-1,-1,-1
553,47299,998,368,27,8,1,-1,-1,-1
553,47298,590,388,99,81,1,-1,-1,-1
553,47282,763,367,13,9,1,-1,-1,-1
553,47280,629,378,21,9,1,-1,-1,-1
553,47277,482,368,10,9,1,-1,-1,-1
553,47275,721,368,10,9,1,-1,-1,-1
553,47269,584,367,3,12,1,-1,-1,-1
553,47263,1092,367,8,8,1,-1,-1,-1
553,47260,1229,367,15,11,1,-1,-1,-1
554,47345,598,365,19,18,1,-1,-1,-1
554,47343,681,365,19,11,1,-1,-1,-1
554,47340,1255,365,24,13,1,-1,-1,-1
554,47339,982,365,32,12,1,-1,-1,-1
554,47336,689,365,29,12,1,-1,-1,-1
554,47334,564,365,20,18,1,-1,-1,-1
554,47326,1226,362,51,14,1,-1,-1,-1
554,47320,626,358,27,21,1,-1,-1,-1
554,47315,541,362,36,16,1,-1,-1,-1
554,47306,848,368,26,7,1,-1,-1,-1
554,47304,623,376,33,12,1,-1,-1,-1
554,47299,996,369,26,6,1,-1,-1,-1
554,47298,591,388,98,80,1,-1,-1,-1
554,47282,764,368,11,7,1,-1,-1,-1
554,47280,629,379,21,9,1,-1,-1,-1
554,47277,476,369,11,7,1,-1,-1,-1
554,47275,718,369,10,8,1,-1,-1,-1
554,47269,584,367,3,13,1,-1,-1,-1
554,47263,1087,367,11,8,1,-1,-1,-1
554,47260,1228,367,9,10,1,-1,-1,-1
555,47345,598,365,19,19,1,-1,-1,-1
555,47343,679,366,22,11,1,-1,-1,-1
555,47340,1254,365,25,13,1,-1,-1,-1
555,47339,980,365,31,12,1,-1,-1,-1
555,47336,688,366,30,11,1,-1,-1,-1
555,47334,564,365,20,19,1,-1,-1,-1
555,47326,1225,362,51,15,1,-1,-1,-1
555,47320,626,358,27,22,1,-1,-1,-1
555,47315,539,363,36,15,1,-1,-1,-1
555,47306,847,368,26,7,1,-1,-1,-1
555,47304,623,376,33,13,1,-1,-1,-1
555,47298,591,388,97,80,1,-1,-1,-1
555,47282,765,368,8,7,1,-1,-1,-1
555,47280,629,379,21,9,1,-1,-1,-1
555,47277,472,369,11,7,1,-1,-1,-1
555,47275,719,369,10,8,1,-1,-1,-1
555,47269,584,367,3,13,1,-1,-1,-1
555,47263,1087,367,8,10,1,-1,-1,-1
555,47260,1228,367,13,10,1,-1,-1,-1
556,47345,598,365,19,19,1,-1,-1,-1
556,47343,679,366,21,11,1,-1,-1,-1
556,47340,1254,366,25,12,1,-1,-1,-1
556,47339,978,366,31,11,1,-1,-1,-1
556,47336,688,366,30,12,1,-1,-1,-1
556,47334,564,366,20,18,1,-1,-1,-1
556,47326,1224,362,51,14,1,-1,-1,-1
556,47320,626,358,28,22,1,-1,-1,-1
556,47315,536,363,37,16,1,-1,-1,-1
556,47306,845,369,27,8,1,-1,-1,-1
556,47304,623,376,33,13,1,-1,-1,-1
556,47299,994,369,24,8,1,-1,-1,-1
556,47298,591,388,97,80,1,-1,-1,-1
556,47282,760,368,11,9,1,-1,-1,-1
556,47280,629,379,21,9,1,-1,-1,-1
556,47277,466,369,11,7,1,-1,-1,-1
556,47275,718,369,9,8,1,-1,-1,-1
556,47269,584,368,3,11,1,-1,-1,-1
556,47263,1084,367,11,8,1,-1,-1,-1
556,47260,1224,368,15,9,1,-1,-1,-1
557,47345,598,365,19,18,1,-1,-1,-1
557,47343,676,365,23,12,1,-1,-1,-1
557,47340,1254,365,25,13,1,-1,-1,-1
557,47339,975,365,32,12,1,-1,-1,-1
557,47337,685,365,16,11,1,-1,-1,-1
557,47336,688,365,26,12,1,-1,-1,-1
557,47334,564,365,20,19,1,-1,-1,-1
557,47326,1223,362,50,14,1,-1,-1,-1
557,47320,626,358,28,22,1,-1,-1,-1
557,47315,534,363,37,15,1,-1,-1,-1
557,47306,844,368,27,7,1,-1,-1,-1
557,47304,623,376,33,12,1,-1,-1,-1
557,47298,591,388,97,80,1,-1,-1,-1
557,47282,758,368,12,7,1,-1,-1,-1
557,47280,629,379,21,8,1,-1,-1,-1
557,47277,462,369,10,7,1,-1,-1,-1
557,47275,719,369,4,8,1,-1,-1,-1
557,47269,584,368,2,12,1,-1,-1,-1
557,47263,1082,367,11,10,1,-1,-1,-1
557,47260,1223,367,15,9,1,-1,-1,-1
558,47345,598,364,19,19,1,-1,-1,-1
558,47343,675,365,16,11,1,-1,-1,-1
558,47340,1253,365,26,12,1,-1,-1,-1
558,47339,973,365,31,12,1,-1,-1,-1
558,47336,688,365,27,12,1,-1,-1,-1
558,47334,564,365,20,18,1,-1,-1,-1
558,47326,1223,361,49,14,1,-1,-1,-1
558,47320,626,357,28,22,1,-1,-1,-1
558,47315,531,362,38,16,1,-1,-1,-1
558,47313,1269,366,10,12,1,-1,-1,-1
558,47306,842,368,27,7,1,-1,-1,-1
558,47304,623,375,33,13,1,-1,-1,-1
558,47299,986,368,27,8,1,-1,-1,-1
558,47298,591,387,97,80,1,-1,-1,-1
558,47296,618,367,9,9,1,-1,-1,-1
558,47282,757,367,10,7,1,-1,-1,-1
558,47280,629,378,21,9,1,-1,-1,-1
558,47277,457,368,10,7,1,-1,-1,-1
558,47275,719,369,6,8,1,-1,-1,-1
558,47269,583,367,3,11,1,-1,-1,-1
558,47263,1080,366,11,9,1,-1,-1,-1
558,47260,1226,367,11,10,1,-1,-1,-1
559,47345,598,363,19,19,1,-1,-1,-1
559,47343,674,364,17,11,1,-1,-1,-1
559,47340,1253,364,25,12,1,-1,-1,-1
559,47339,970,364,32,12,1,-1,-1,-1
559,47336,688,364,27,12,1,-1,-1,-1
559,47334,564,364,20,18,1,-1,-1,-1
559,47326,1220,361,51,15,1,-1,-1,-1
559,47320,626,357,28,21,1,-1,-1,-1
559,47315,529,361,38,16,1,-1,-1,-1
559,47313,1268,364,11,13,1,-1,-1,-1
559,47312,627,359,25,9,1,-1,-1,-1
559,47306,841,367,27,7,1,-1,-1,-1
559,47304,623,375,33,12,1,-1,-1,-1
559,47299,984,367,27,7,1,-1,-1,-1
559,47298,591,387,97,79,1,-1,-1,-1
559,47296,618,366,9,9,1,-1,-1,-1
559,47282,757,366,11,8,1,-1,-1,-1
559,47280,629,377,21,9,1,-1,-1,-1
559,47277,454,367,8,7,1,-1,-1,-1
559,47269,583,366,3,11,1,-1,-1,-1
559,47268,594,366,4,9,1,-1,-1,-1
559,47263,1078,366,11,8,1,-1,-1,-1
559,47260,1220,366,16,10,1,-1,-1,-1
560,47345,598,362,19,19,1,-1,-1,-1
560,47343,672,363,21,11,1,-1,-1,-1
560,47340,1252,363,26,12,1,-1,-1,-1
560,47339,968,363,31,12,1,-1,-1,-1
560,47336,687,363,29,12,1,-1,-1,-1
560,47334,564,363,20,19,1,-1,-1,-1
560,47326,1219,360,50,14,1,-1,-1,-1
560,47320,626,356,28,21,1,-1,-1,-1
560,47315,526,360,39,16,1,-1,-1,-1
560,47313,1266,363,13,13,1,-1,-1,-1
560,47306,839,366,28,8,1,-1,-1,-1
560,47304,623,374,33,12,1,-1,-1,-1
560,47298,590,386,99,80,1,-1,-1,-1
560,47296,618,366,9,9,1,-1,-1,-1
560,47282,758,366,9,7,1,-1,-1,-1
560,47280,629,377,21,8,1,-1,-1,-1
560,47269,583,365,3,12,1,-1,-1,-1
560,47268,591,366,7,8,1,-1,-1,-1
560,47263,1076,365,10,10,1,-1,-1,-1
560,47260,1218,365,16,11,1,-1,-1,-1
561,47345,598,362,19,19,1,-1,-1,-1
561,47343,671,363,20,11,1,-1,-1,-1
561,47340,1252,363,24,12,1,-1,-1,-1
561,47339,966,363,31,12,1,-1,-1,-1
561,47336,687,363,29,12,1,-1,-1,-1
561,47334,564,363,20,18,1,-1,-1,-1
561,47326,1223,360,45,15,1,-1,-1,-1
561,47320,625,356,29,21,1,-1,-1,-1
561,47315,523,360,39,16,1,-1,-1,-1
561,47313,1265,362,14,14,1,-1,-1,-1
561,47312,627,358,25,9,1,-1,-1,-1
561,47306,838,366,27,7,1,-1,-1,-1
561,47304,623,374,33,12,1,-1,-1,-1
561,47299,979,366,28,8,1,-1,-1,-1
561,47298,590,386,99,81,1,-1,-1,-1
561,47296,618,365,9,9,1,-1,-1,-1
561,47282,753,366,11,6,1,-1,-1,-1
561,47280,629,376,21,9,1,-1,-1,-1
561,47269,583,365,2,12,1,-1,-1,-1
561,47268,589,365,8,9,1,-1,-1,-1
561,47263,1077,365,9,8,1,-1,-1,-1
561,47260,1223,367,9,8,1,-1,-1,-1
562,47345,598,363,19,19,1,-1,-1,-1
562,47343,669,364,21,11,1,-1,-1,-1
562,47340,1251,364,23,10,1,-1,-1,-1
562,47339,963,364,32,12,1,-1,-1,-1
562,47336,686,364,30,12,1,-1,-1,-1
562,47334,564,364,20,18,1,-1,-1,-1
562,47326,1219,360,48,14,1,-1,-1,-1
562,47320,625,356,29,22,1,-1,-1,-1
562,47315,520,361,40,16,1,-1,-1,-1
562,47313,1264,362,15,14,1,-1,-1,-1
562,47306,836,367,28,8,1,-1,-1,-1
562,47304,622,374,35,13,1,-1,-1,-1
562,47299,980,367,25,8,1,-1,-1,-1
562,47298,589,387,101,83,1,-1,-1,-1
562,47296,618,366,9,9,1,-1,-1,-1
562,47282,751,366,13,8,1,-1,-1,-1
562,47280,629,377,21,9,1,-1,-1,-1
562,47269,583,366,2,12,1,-1,-1,-1
562,47268,586,366,9,9,1,-1,-1,-1
562,47263,1073,365,11,8,1,-1,-1,-1
563,47345,598,363,18,19,1,-1,-1,-1
563,47343,668,364,22,12,1,-1,-1,-1
563,47340,1262,364,12,12,1,-1,-1,-1
563,47339,961,364,32,12,1,-1,-1,-1
563,47336,686,364,30,12,1,-1,-1,-1
563,47334,564,364,20,18,1,-1,-1,-1
563,47326,1215,361,50,13,1,-1,-1,-1
563,47325,598,361,29,15,1,-1,-1,-1
563,47320,625,357,29,21,1,-1,-1,-1
563,47315,517,361,40,16,1,-1,-1,-1
563,47313,1262,361,17,15,1,-1,-1,-1
563,47306,835,367,27,7,1,-1,-1,-1
563,47304,623,375,34,13,1,-1,-1,-1
563,47299,990,367,13,7,1,-1,-1,-1
563,47298,589,387,101,85,1,-1,-1,-1
563,47296,618,366,9,9,1,-1,-1,-1
563,47282,750,371,13,3,1,-1,-1,-1
563,47280,629,377,21,10,1,-1,-1,-1
563,47269,583,366,2,10,1,-1,-1,-1
563,47268,585,367,8,8,1,-1,-1,-1
563,47263,1071,366,10,10,1,-1,-1,-1
563,47260,1214,366,15,11,1,-1,-1,-1
564,47345,598,363,18,19,1,-1,-1,-1
564,47343,666,364,23,11,1,-1,-1,-1
564,47340,1251,364,11,12,1,-1,-1,-1
564,47339,959,364,31,12,1,-1,-1,-1
564,47336,686,364,30,12,1,-1,-1,-1
564,47334,564,363,20,19,1,-1,-1,-1
564,47326,1213,360,49,16,1,-1,-1,-1
564,47325,597,361,30,15,1,-1,-1,-1
564,47320,625,356,29,22,1,-1,-1,-1
564,47315,514,361,41,16,1,-1,-1,-1
564,47306,833,367,28,8,1,-1,-1,-1
564,47304,622,375,35,13,1,-1,-1,-1
564,47299,972,367,29,7,1,-1,-1,-1
564,47298,588,388,103,85,1,-1,-1,-1
564,47296,618,366,9,9,1,-1,-1,-1
564,47282,750,366,11,8,1,-1,-1,-1
564,47280,629,377,21,10,1,-1,-1,-1
564,47275,713,370,4,5,1,-1,-1,-1
564,47269,583,366,2,12,1,-1,-1,-1
564,47268,584,366,6,9,1,-1,-1,-1
564,47263,1070,365,10,9,1,-1,-1,-1
564,47260,1215,366,14,8,1,-1,-1,-1
565,47345,598,363,18,18,1,-1,-1,-1
565,47343,665,363,24,12,1,-1,-1,-1
565,47340,1250,363,21,13,1,-1,-1,-1
565,47339,956,363,32,12,1,-1,-1,-1
565,47336,685,363,30,12,1,-1,-1,-1
565,47334,564,363,20,18,1,-1,-1,-1
565,47326,1212,359,50,16,1,-1,-1,-1
565,47325,596,360,31,13,1,-1,-1,-1
565,47320,625,356,29,23,1,-1,-1,-1
565,47315,511,360,41,16,1,-1,-1,-1
565,47313,1259,360,20,16,1,-1,-1,-1
565,47306,832,366,27,7,1,-1,-1,-1
565,47304,622,374,35,13,1,-1,-1,-1
565,47298,588,387,103,87,1,-1,-1,-1
565,47296,618,365,9,10,1,-1,-1,-1
565,47282,748,366,10,7,1,-1,-1,-1
565,47280,629,377,21,10,1,-1,-1,-1
565,47268,585,368,3,5,1,-1,-1,-1
565,47263,1070,365,9,10,1,-1,-1,-1
565,47260,1213,365,13,9,1,-1,-1,-1
566,47345,598,362,18,18,1,-1,-1,-1
566,47343,663,362,25,12,1,-1,-1,-1
566,47340,1250,362,20,13,1,-1,-1,-1
566,47339,954,362,32,12,1,-1,-1,-1
566,47337,672,362,17,11,1,-1,-1,-1
566,47336,685,362,29,12,1,-1,-1,-1
566,47334,564,362,20,18,1,-1,-1,-1
566,47326,1210,359,51,14,1,-1,-1,-1
566,47325,594,359,33,14,1,-1,-1,-1
566,47320,625,355,29,23,1,-1,-1,-1
566,47315,508,359,42,16,1,-1,-1,-1
566,47313,1258,358,21,17,1,-1,-1,-1
566,47306,830,365,28,8,1,-1,-1,-1
566,47304,622,373,35,14,1,-1,-1,-1
566,47299,972,365,25,8,1,-1,-1,-1
566,47298,587,387,105,87,1,-1,-1,-1
566,47296,618,365,9,9,1,-1,-1,-1
566,47282,747,365,11,7,1,-1,-1,-1
566,47280,629,376,21,10,1,-1,-1,-1
566,47263,1066,364,10,10,1,-1,-1,-1
566,47260,1210,364,11,11,1,-1,-1,-1
567,47345,598,361,18,18,1,-1,-1,-1
567,47343,661,361,25,12,1,-1,-1,-1
567,47340,1249,361,19,13,1,-1,-1,-1
567,47339,951,361,33,12,1,-1,-1,-1
567,47337,671,361,18,11,1,-1,-1,-1
567,47336,684,361,30,12,1,-1,-1,-1
567,47334,564,361,20,18,1,-1,-1,-1
567,47326,1208,358,51,16,1,-1,-1,-1
567,47325,593,358,34,15,1,-1,-1,-1
567,47320,625,354,29,23,1,-1,-1,-1
567,47315,505,358,43,16,1,-1,-1,-1
567,47313,1256,357,23,17,1,-1,-1,-1
567,47306,829,364,27,8,1,-1,-1,-1
567,47304,622,372,35,14,1,-1,-1,-1
567,47299,983,364,12,8,1,-1,-1,-1
567,47298,587,386,105,89,1,-1,-1,-1
567,47296,617,364,10,9,1,-1,-1,-1
567,47282,745,364,13,7,1,-1,-1,-1
567,47280,629,375,21,10,1,-1,-1,-1
567,47263,1066,363,8,10,1,-1,-1,-1
567,47260,1209,363,14,11,1,-1,-1,-1
568,47345,597,360,19,18,1,-1,-1,-1
568,47343,659,360,26,12,1,-1,-1,-1
568,47340,1249,360,17,13,1,-1,-1,-1
568,47339,949,360,32,12,1,-1,-1,-1
568,47337,669,360,18,11,1,-1,-1,-1
568,47336,683,360,31,12,1,-1,-1,-1
568,47334,564,360,20,18,1,-1,-1,-1
568,47326,1207,356,50,16,1,-1,-1,-1
568,47325,592,357,35,15,1,-1,-1,-1
568,47320,625,353,29,23,1,-1,-1,-1
568,47315,502,357,41,16,1,-1,-1,-1
568,47313,1254,356,25,17,1,-1,-1,-1
568,47306,827,363,27,8,1,-1,-1,-1
568,47304,622,371,35,14,1,-1,-1,-1
568,47299,962,363,31,7,1,-1,-1,-1
568,47298,586,385,107,89,1,-1,-1,-1
568,47296,617,362,9,10,1,-1,-1,-1
568,47282,745,363,12,7,1,-1,-1,-1
568,47280,629,374,21,11,1,-1,-1,-1
568,47263,1064,362,9,10,1,-1,-1,-1
568,47260,1207,362,16,11,1,-1,-1,-1
569,47345,598,357,18,18,1,-1,-1,-1
569,47343,657,357,27,11,1,-1,-1,-1
569,47340,1248,357,31,13,1,-1,-1,-1
569,47339,946,357,32,12,1,-1,-1,-1
569,47337,667,357,19,11,1,-1,-1,-1
569,47336,683,357,30,12,1,-1,-1,-1
569,47334,564,357,20,18,1,-1,-1,-1
569,47326,1205,353,50,16,1,-1,-1,-1
569,47325,590,354,37,15,1,-1,-1,-1
569,47320,625,349,29,23,1,-1,-1,-1
569,47315,498,354,42,16,1,-1,-1,-1
569,47313,1252,353,27,17,1,-1,-1,-1
569,47306,827,360,26,7,1,-1,-1,-1
569,47304,622,368,35,14,1,-1,-1,-1
569,47299,960,360,31,7,1,-1,-1,-1
569,47298,586,382,107,89,1,-1,-1,-1
569,47296,617,359,10,9,1,-1,-1,-1
569,47282,745,359,11,8,1,-1,-1,-1
569,47280,629,370,21,11,1,-1,-1,-1
569,47275,701,365,13,4,1,-1,-1,-1
569,47263,1061,358,10,9,1,-1,-1,-1
569,47260,1205,359,16,10,1,-1,-1,-1
570,47345,598,352,18,19,1,-1,-1,-1
570,47343,655,352,27,12,1,-1,-1,-1
570,47340,1247,352,32,14,1,-1,-1,-1
570,47339,944,352,32,13,1,-1,-1,-1
570,47337,666,352,19,12,1,-1,-1,-1
570,47336,682,352,31,13,1,-1,-1,-1
570,47334,564,352,20,19,1,-1,-1,-1
570,47326,1202,349,51,16,1,-1,-1,-1
570,47325,589,350,38,15,1,-1,-1,-1
570,47320,625,345,29,23,1,-1,-1,-1
570,47315,495,349,44,17,1,-1,-1,-1
570,47313,1249,349,30,16,1,-1,-1,-1
570,47306,823,355,28,9,1,-1,-1,-1
570,47304,622,364,35,14,1,-1,-1,-1
570,47299,973,355,16,8,1,-1,-1,-1
570,47298,586,378,107,88,1,-1,-1,-1
570,47296,617,355,10,9,1,-1,-1,-1
570,47282,742,355,13,8,1,-1,-1,-1
570,47280,629,366,21,11,1,-1,-1,-1
570,47263,1058,354,11,9,1,-1,-1,-1
570,47260,1203,354,15,11,1,-1,-1,-1
571,47345,598,349,18,19,1,-1,-1,-1
571,47343,653,350,25,11,1,-1,-1,-1
571,47342,609,349,8,15,1,-1,-1,-1
571,47340,1247,350,32,13,1,-1,-1,-1
571,47339,941,349,32,13,1,-1,-1,-1
571,47337,664,350,20,11,1,-1,-1,-1
571,47336,681,350,30,12,1,-1,-1,-1
571,47334,564,350,20,18,1,-1,-1,-1
571,47326,1199,346,51,16,1,-1,-1,-1
571,47325,588,347,39,15,1,-1,-1,-1
571,47320,625,342,29,23,1,-1,-1,-1
571,47315,492,347,44,16,1,-1,-1,-1
571,47313,1247,346,32,16,1,-1,-1,-1
571,47306,821,353,28,8,1,-1,-1,-1
571,47304,622,361,35,14,1,-1,-1,-1
571,47299,956,353,31,7,1,-1,-1,-1
571,47298,587,375,105,87,1,-1,-1,-1
571,47296,617,352,10,10,1,-1,-1,-1
571,47282,740,352,11,8,1,-1,-1,-1
571,47280,629,364,21,10,1,-1,-1,-1
571,47263,1056,351,11,9,1,-1,-1,-1
571,47260,1200,351,16,11,1,-1,-1,-1
572,47345,598,349,18,19,1,-1,-1,-1
572,47343,653,350,25,11,1,-1,-1,-1
572,47340,1244,350,34,13,1,-1,-1,-1
572,47339,938,350,32,12,1,-1,-1,-1
572,47337,662,350,21,11,1,-1,-1,-1
572,47336,681,350,30,12,1,-1,-1,-1
572,47334,564,350,20,18,1,-1,-1,-1
572,47326,1196,346,49,16,1,-1,-1,-1
572,47325,586,347,40,15,1,-1,-1,-1
572,47320,625,342,29,23,1,-1,-1,-1
572,47315,488,347,43,16,1,-1,-1,-1
572,47313,1243,346,36,16,1,-1,-1,-1
572,47306,819,353,28,8,1,-1,-1,-1
572,47304,622,361,35,14,1,-1,-1,-1
572,47299,952,353,32,8,1,-1,-1,-1
572,47298,587,374,105,87,1,-1,-1,-1
572,47296,617,352,10,10,1,-1,-1,-1
572,47282,739,352,12,7,1,-1,-1,-1
572,47280,629,364,21,10,1,-1,-1,-1
572,47268,561,352,4,9,1,-1,-1,-1
572,47263,1053,351,11,9,1,-1,-1,-1
572,47260,1198,351,15,11,1,-1,-1,-1
573,47345,598,351,18,18,1,-1,-1,-1
573,47343,652,351,25,12,1,-1,-1,-1
573,47340,1243,351,34,13,1,-1,-1,-1
573,47339,935,351,32,12,1,-1,-1,-1
573,47337,660,351,21,11,1,-1,-1,-1
573,47336,681,351,29,13,1,-1,-1,-1
573,47334,564,351,21,18,1,-1,-1,-1
573,47326,1194,348,50,15,1,-1,-1,-1
573,47325,585,348,40,15,1,-1,-1,-1
573,47320,625,344,29,23,1,-1,-1,-1
573,47315,485,348,45,16,1,-1,-1,-1
573,47313,1241,347,38,16,1,-1,-1,-1
573,47306,817,354,28,7,1,-1,-1,-1
573,47304,622,362,35,14,1,-1,-1,-1
573,47299,966,354,15,8,1,-1,-1,-1
573,47298,588,376,103,86,1,-1,-1,-1
573,47296,617,354,9,10,1,-1,-1,-1
573,47282,739,354,12,7,1,-1,-1,-1
573,47280,629,365,21,10,1,-1,-1,-1
573,47268,558,354,6,9,1,-1,-1,-1
573,47263,1052,353,10,10,1,-1,-1,-1
573,47260,1195,353,16,11,1,-1,-1,-1
574,47345,598,353,18,18,1,-1,-1,-1
574,47343,652,353,22,12,1,-1,-1,-1
574,47340,1244,353,29,13,1,-1,-1,-1
574,47339,932,353,31,12,1,-1,-1,-1
574,47337,658,353,20,11,1,-1,-1,-1
574,47336,678,353,28,12,1,-1,-1,-1
574,47334,565,353,20,18,1,-1,-1,-1
574,47326,1191,349,50,16,1,-1,-1,-1
574,47325,584,350,39,15,1,-1,-1,-1
574,47320,625,346,29,23,1,-1,-1,-1
574,47315,482,350,43,16,1,-1,-1,-1
574,47313,1238,349,41,17,1,-1,-1,-1
574,47306,815,356,28,7,1,-1,-1,-1
574,47304,622,364,35,14,1,-1,-1,-1
574,47299,966,356,13,7,1,-1,-1,-1
574,47298,588,377,103,86,1,-1,-1,-1
574,47296,617,355,9,11,1,-1,-1,-1
574,47282,736,356,13,7,1,-1,-1,-1
574,47280,629,367,21,10,1,-1,-1,-1
574,47268,556,356,8,9,1,-1,-1,-1
574,47263,1048,355,10,10,1,-1,-1,-1
574,47260,1193,355,14,11,1,-1,-1,-1
575,47345,598,355,18,18,1,-1,-1,-1
575,47343,652,355,20,12,1,-1,-1,-1
575,47340,1242,355,32,13,1,-1,-1,-1
575,47339,929,355,32,12,1,-1,-1,-1
575,47337,656,355,22,11,1,-1,-1,-1
575,47336,677,355,29,13,1,-1,-1,-1
575,47334,565,355,20,18,1,-1,-1,-1
575,47326,1188,351,48,16,1,-1,-1,-1
575,47325,584,352,38,15,1,-1,-1,-1
575,47320,625,348,29,23,1,-1,-1,-1
575,47315,478,352,43,16,1,-1,-1,-1
575,47313,1234,351,45,17,1,-1,-1,-1
575,47306,813,358,28,7,1,-1,-1,-1
575,47304,622,366,35,14,1,-1,-1,-1
575,47299,961,358,15,7,1,-1,-1,-1
575,47298,588,379,103,86,1,-1,-1,-1
575,47296,617,357,9,11,1,-1,-1,-1
575,47282,736,358,12,7,1,-1,-1,-1
575,47280,629,369,21,10,1,-1,-1,-1
575,47268,553,357,10,10,1,-1,-1,-1
575,47263,1048,357,9,10,1,-1,-1,-1
575,47260,1192,357,13,11,1,-1,-1,-1
576,47345,598,357,18,18,1,-1,-1,-1
576,47343,652,357,18,12,1,-1,-1,-1
576,47340,1242,357,30,13,1,-1,-1,-1
576,47339,927,357,31,12,1,-1,-1,-1
576,47337,654,357,22,11,1,-1,-1,-1
576,47336,676,357,30,13,1,-1,-1,-1
576,47334,565,357,20,18,1,-1,-1,-1
576,47326,1185,353,50,16,1,-1,-1,-1
576,47325,584,354,36,15,1,-1,-1,-1
576,47320,625,350,29,23,1,-1,-1,-1
576,47315,474,354,44,16,1,-1,-1,-1
576,47313,1230,353,49,17,1,-1,-1,-1
576,47306,813,360,26,7,1,-1,-1,-1
576,47304,622,368,35,13,1,-1,-1,-1
576,47299,958,360,15,7,1,-1,-1,-1
576,47298,588,381,103,86,1,-1,-1,-1
576,47296,617,359,9,11,1,-1,-1,-1
576,47282,734,360,13,8,1,-1,-1,-1
576,47280,629,371,21,10,1,-1,-1,-1
576,47268,552,360,8,9,1,-1,-1,-1
576,47263,1043,359,11,10,1,-1,-1,-1
576,47260,1189,359,14,11,1,-1,-1,-1
577,47345,598,358,18,19,1,-1,-1,-1
577,47343,652,359,16,12,1,-1,-1,-1
577,47342,604,359,13,15,1,-1,-1,-1
577,47339,924,359,32,12,1,-1,-1,-1
577,47337,653,359,21,11,1,-1,-1,-1
577,47336,676,359,30,12,1,-1,-1,-1
577,47334,565,359,20,18,1,-1,-1,-1
577,47326,1182,355,50,16,1,-1,-1,-1
577,47325,584,356,34,15,1,-1,-1,-1
577,47320,625,351,29,24,1,-1,-1,-1
577,47315,471,356,43,16,1,-1,-1,-1
577,47313,1228,355,51,17,1,-1,-1,-1
577,47306,810,362,28,7,1,-1,-1,-1
577,47304,622,370,35,13,1,-1,-1,-1
577,47299,939,362,31,7,1,-1,-1,-1
577,47298,588,383,103,85,1,-1,-1,-1
577,47296,617,361,9,11,1,-1,-1,-1
577,47282,734,361,11,8,1,-1,-1,-1
577,47280,629,372,21,10,1,-1,-1,-1
577,47268,548,361,9,9,1,-1,-1,-1
577,47263,1044,360,8,10,1,-1,-1,-1
577,47260,1186,361,15,9,1,-1,-1,-1
578,47345,597,359,19,19,1,-1,-1,-1
578,47343,652,360,13,12,1,-1,-1,-1
578,47342,604,360,13,15,1,-1,-1,-1
578,47339,921,360,32,12,1,-1,-1,-1
578,47337,653,360,19,11,1,-1,-1,-1
578,47336,674,360,31,12,1,-1,-1,-1
578,47334,565,360,20,18,1,-1,-1,-1
578,47326,1181,356,49,14,1,-1,-1,-1
578,47325,584,357,33,13,1,-1,-1,-1
578,47320,625,352,29,24,1,-1,-1,-1
578,47315,470,357,41,16,1,-1,-1,-1
578,47313,1225,356,54,17,1,-1,-1,-1
578,47306,808,363,28,7,1,-1,-1,-1
578,47304,622,371,35,13,1,-1,-1,-1
578,47299,951,363,17,7,1,-1,-1,-1
578,47298,588,384,103,86,1,-1,-1,-1
578,47296,597,362,29,11,1,-1,-1,-1
578,47282,734,362,10,9,1,-1,-1,-1
578,47280,629,374,21,9,1,-1,-1,-1
578,47268,547,362,8,9,1,-1,-1,-1
578,47263,1040,362,9,10,1,-1,-1,-1
578,47260,1185,362,14,11,1,-1,-1,-1
579,47345,598,360,18,18,1,-1,-1,-1
579,47343,652,360,11,12,1,-1,-1,-1
579,47339,919,360,32,13,1,-1,-1,-1
579,47336,673,360,31,13,1,-1,-1,-1
579,47334,566,360,19,18,1,-1,-1,-1
579,47326,1177,357,50,15,1,-1,-1,-1
579,47325,584,357,31,14,1,-1,-1,-1
579,47320,625,353,29,23,1,-1,-1,-1
579,47315,463,357,46,16,1,-1,-1,-1
579,47313,1221,356,57,17,1,-1,-1,-1
579,47306,807,363,28,8,1,-1,-1,-1
579,47304,622,371,35,14,1,-1,-1,-1
579,47299,935,363,30,8,1,-1,-1,-1
579,47298,588,384,103,86,1,-1,-1,-1
579,47296,595,363,31,11,1,-1,-1,-1
579,47282,730,363,13,8,1,-1,-1,-1
579,47280,629,374,21,10,1,-1,-1,-1
579,47268,543,363,9,9,1,-1,-1,-1
579,47263,1036,362,12,10,1,-1,-1,-1
579,47260,1183,362,13,11,1,-1,-1,-1
580,47345,597,359,19,19,1,-1,-1,-1
580,47342,603,360,14,15,1,-1,-1,-1
580,47339,916,360,32,12,1,-1,-1,-1
580,47336,672,360,32,12,1,-1,-1,-1
580,47334,565,360,20,18,1,-1,-1,-1
580,47326,1174,356,50,16,1,-1,-1,-1
580,47325,583,357,30,13,1,-1,-1,-1
580,47320,625,352,29,24,1,-1,-1,-1
580,47315,459,357,44,16,1,-1,-1,-1
580,47313,1218,356,56,17,1,-1,-1,-1
580,47312,627,355,25,6,1,-1,-1,-1
580,47306,806,363,27,7,1,-1,-1,-1
580,47304,622,371,35,13,1,-1,-1,-1
580,47299,948,363,15,7,1,-1,-1,-1
580,47298,587,384,105,87,1,-1,-1,-1
580,47296,594,362,32,11,1,-1,-1,-1
580,47282,731,363,11,7,1,-1,-1,-1
580,47280,629,374,21,9,1,-1,-1,-1
580,47268,540,362,10,10,1,-1,-1,-1
580,47263,1034,362,10,10,1,-1,-1,-1
580,47260,1179,362,15,11,1,-1,-1,-1
581,47345,597,359,19,19,1,-1,-1,-1
581,47339,913,359,33,13,1,-1,-1,-1
581,47336,671,359,32,13,1,-1,-1,-1
581,47334,566,359,19,18,1,-1,-1,-1
581,47326,1171,356,49,15,1,-1,-1,-1
581,47325,583,356,28,14,1,-1,-1,-1
581,47320,625,352,29,23,1,-1,-1,-1
581,47315,457,356,44,16,1,-1,-1,-1
581,47313,1215,355,56,17,1,-1,-1,-1
581,47312,627,354,25,6,1,-1,-1,-1
581,47306,805,362,27,9,1,-1,-1,-1
581,47304,622,370,35,14,1,-1,-1,-1
581,47299,943,362,17,9,1,-1,-1,-1
581,47298,588,384,103,86,1,-1,-1,-1
581,47296,593,362,32,11,1,-1,-1,-1
581,47282,731,362,8,8,1,-1,-1,-1
581,47280,629,373,21,10,1,-1,-1,-1
581,47268,537,362,10,9,1,-1,-1,-1
581,47263,1032,361,11,9,1,-1,-1,-1
581,47260,1177,361,15,11,1,-1,-1,-1
582,47345,597,358,19,19,1,-1,-1,-1
582,47342,603,358,13,16,1,-1,-1,-1
582,47339,911,358,32,13,1,-1,-1,-1
582,47336,670,358,32,13,1,-1,-1,-1
582,47334,566,358,19,18,1,-1,-1,-1
582,47326,1168,355,49,16,1,-1,-1,-1
582,47325,583,356,26,13,1,-1,-1,-1
582,47320,625,351,29,23,1,-1,-1,-1
582,47315,451,356,46,16,1,-1,-1,-1
582,47313,1212,355,56,17,1,-1,-1,-1
582,47312,627,354,25,7,1,-1,-1,-1
582,47306,804,362,28,8,1,-1,-1,-1
582,47304,622,369,35,14,1,-1,-1,-1
582,47299,929,362,29,7,1,-1,-1,-1
582,47298,588,383,103,86,1,-1,-1,-1
582,47296,592,361,32,11,1,-1,-1,-1
582,47282,726,361,13,8,1,-1,-1,-1
582,47280,629,372,21,10,1,-1,-1,-1
582,47268,535,361,9,9,1,-1,-1,-1
582,47263,1029,360,11,9,1,-1,-1,-1
582,47260,1175,360,14,11,1,-1,-1,-1
583,47345,597,357,19,20,1,-1,-1,-1
583,47343,626,361,28,7,1,-1,-1,-1
583,47340,1231,366,34,5,1,-1,-1,-1
583,47339,908,358,32,13,1,-1,-1,-1
583,47336,669,358,32,13,1,-1,-1,-1
583,47334,566,358,20,18,1,-1,-1,-1
583,47326,1165,355,49,14,1,-1,-1,-1
583,47325,581,355,27,14,1,-1,-1,-1
583,47320,625,351,29,23,1,-1,-1,-1
583,47315,447,355,46,16,1,-1,-1,-1
583,47313,1208,354,56,17,1,-1,-1,-1
583,47312,627,353,25,7,1,-1,-1,-1
583,47306,803,361,22,8,1,-1,-1,-1
583,47304,622,369,35,14,1,-1,-1,-1
583,47299,926,361,29,8,1,-1,-1,-1
583,47298,588,382,103,87,1,-1,-1,-1
583,47296,590,361,33,11,1,-1,-1,-1
583,47282,725,361,13,9,1,-1,-1,-1
583,47280,629,372,21,10,1,-1,-1,-1
583,47268,532,361,9,9,1,-1,-1,-1
583,47263,1027,360,11,8,1,-1,-1,-1
583,47260,1173,360,12,11,1,-1,-1,-1
584,47345,597,357,19,20,1,-1,-1,-1
584,47339,906,358,32,12,1,-1,-1,-1
584,47336,668,358,32,13,1,-1,-1,-1
584,47334,566,358,20,18,1,-1,-1,-1
584,47326,1161,355,49,15,1,-1,-1,-1
584,47325,565,355,41,13,1,-1,-1,-1
584,47320,625,351,29,23,1,-1,-1,-1
584,47315,445,355,44,16,1,-1,-1,-1
584,47313,1205,354,54,17,1,-1,-1,-1
584,47312,627,353,25,7,1,-1,-1,-1
584,47306,803,361,25,9,1,-1,-1,-1
584,47304,622,369,35,14,1,-1,-1,-1
584,47299,923,361,30,8,1,-1,-1,-1
584,47298,588,382,103,86,1,-1,-1,-1
584,47296,589,361,32,11,1,-1,-1,-1
584,47282,724,364,12,5,1,-1,-1,-1
584,47280,629,372,21,10,1,-1,-1,-1
584,47268,529,361,10,9,1,-1,-1,-1
584,47263,1024,360,10,9,1,-1,-1,-1
584,47260,1171,360,13,11,1,-1,-1,-1
585,47345,597,358,19,19,1,-1,-1,-1
585,47340,1226,359,34,12,1,-1,-1,-1
585,47339,903,358,32,13,1,-1,-1,-1
585,47336,667,358,32,13,1,-1,-1,-1
585,47334,566,358,20,18,1,-1,-1,-1
585,47326,1158,355,49,14,1,-1,-1,-1
585,47325,563,355,41,14,1,-1,-1,-1
585,47320,625,351,29,23,1,-1,-1,-1
585,47315,439,355,46,17,1,-1,-1,-1
585,47313,1201,354,56,17,1,-1,-1,-1
585,47312,627,353,25,7,1,-1,-1,-1
585,47306,802,361,28,9,1,-1,-1,-1
585,47304,622,369,35,14,1,-1,-1,-1
585,47299,921,361,30,8,1,-1,-1,-1
585,47298,588,382,103,85,1,-1,-1,-1
585,47296,588,361,32,11,1,-1,-1,-1
585,47282,722,364,11,6,1,-1,-1,-1
585,47280,629,372,21,10,1,-1,-1,-1
585,47268,526,361,10,9,1,-1,-1,-1
585,47263,1022,360,11,9,1,-1,-1,-1
585,47260,1168,360,14,11,1,-1,-1,-1
586,47345,597,358,19,19,1,-1,-1,-1
586,47340,1227,359,31,13,1,-1,-1,-1
586,47339,900,359,32,12,1,-1,-1,-1
586,47336,666,359,32,13,1,-1,-1,-1
586,47334,566,358,20,18,1,-1,-1,-1
586,47326,1155,355,48,15,1,-1,-1,-1
586,47325,561,356,41,16,1,-1,-1,-1
586,47320,625,351,29,24,1,-1,-1,-1
586,47315,435,356,44,16,1,-1,-1,-1
586,47313,1198,355,55,17,1,-1,-1,-1
586,47312,627,354,25,7,1,-1,-1,-1
586,47306,801,362,28,7,1,-1,-1,-1
586,47304,622,370,35,13,1,-1,-1,-1
586,47299,932,362,17,8,1,-1,-1,-1
586,47298,588,383,103,84,1,-1,-1,-1
586,47296,586,362,33,11,1,-1,-1,-1
586,47282,721,363,7,6,1,-1,-1,-1
586,47280,629,372,21,10,1,-1,-1,-1
586,47268,523,361,10,10,1,-1,-1,-1
586,47263,1019,360,11,11,1,-1,-1,-1
586,47260,1165,361,14,11,1,-1,-1,-1
587,47345,597,359,19,19,1,-1,-1,-1
587,47343,617,360,9,12,1,-1,-1,-1
587,47340,1221,360,35,13,1,-1,-1,-1
587,47339,898,359,32,13,1,-1,-1,-1
587,47336,665,359,32,14,1,-1,-1,-1
587,47334,566,359,20,18,1,-1,-1,-1
587,47326,1152,356,48,16,1,-1,-1,-1
587,47325,558,357,41,15,1,-1,-1,-1
587,47320,625,352,29,23,1,-1,-1,-1
587,47315,431,357,44,14,1,-1,-1,-1
587,47313,1194,356,55,17,1,-1,-1,-1
587,47312,627,355,25,6,1,-1,-1,-1
587,47306,801,363,28,7,1,-1,-1,-1
587,47304,622,370,35,14,1,-1,-1,-1
587,47299,917,363,30,7,1,-1,-1,-1
587,47298,588,383,102,85,1,-1,-1,-1
587,47296,585,364,32,9,1,-1,-1,-1
587,47282,723,362,6,8,1,-1,-1,-1
587,47280,629,373,21,10,1,-1,-1,-1
587,47268,520,362,10,10,1,-1,-1,-1
587,47263,1019,361,8,9,1,-1,-1,-1
587,47260,1166,361,11,11,1,-1,-1,-1
588,47345,597,360,19,19,1,-1,-1,-1
588,47343,616,360,10,13,1,-1,-1,-1
588,47340,1223,360,29,13,1,-1,-1,-1
588,47339,895,360,32,13,1,-1,-1,-1
588,47336,664,360,32,14,1,-1,-1,-1
588,47334,566,360,20,18,1,-1,-1,-1
588,47326,1148,357,49,15,1,-1,-1,-1
588,47325,556,358,41,15,1,-1,-1,-1
588,47320,625,353,29,23,1,-1,-1,-1
588,47315,431,357,42,15,1,-1,-1,-1
588,47313,1191,357,55,17,1,-1,-1,-1
588,47312,627,356,25,6,1,-1,-1,-1
588,47306,802,364,26,7,1,-1,-1,-1
588,47304,622,371,35,14,1,-1,-1,-1
588,47299,913,363,32,8,1,-1,-1,-1
588,47298,589,384,101,84,1,-1,-1,-1
588,47296,585,364,12,10,1,-1,-1,-1
588,47282,723,363,5,8,1,-1,-1,-1
588,47280,629,374,21,10,1,-1,-1,-1
588,47268,517,363,10,9,1,-1,-1,-1
588,47263,1014,362,11,9,1,-1,-1,-1
588,47260,1161,362,13,11,1,-1,-1,-1
589,47345,597,361,19,19,1,-1,-1,-1
589,47343,615,361,11,13,1,-1,-1,-1
589,47340,1219,361,32,13,1,-1,-1,-1
589,47339,893,361,32,13,1,-1,-1,-1
589,47336,663,361,32,14,1,-1,-1,-1
589,47334,566,361,20,18,1,-1,-1,-1
589,47326,1145,358,48,16,1,-1,-1,-1
589,47325,553,359,42,15,1,-1,-1,-1
589,47320,625,354,29,23,1,-1,-1,-1
589,47315,428,358,40,15,1,-1,-1,-1
589,47313,1188,358,54,17,1,-1,-1,-1
589,47312,627,357,25,6,1,-1,-1,-1
589,47306,799,365,29,7,1,-1,-1,-1
589,47304,622,372,35,14,1,-1,-1,-1
589,47299,911,364,32,8,1,-1,-1,-1
589,47298,589,385,101,84,1,-1,-1,-1
589,47296,585,364,12,11,1,-1,-1,-1
589,47282,718,364,10,8,1,-1,-1,-1
589,47280,629,375,21,10,1,-1,-1,-1
589,47268,514,364,10,9,1,-1,-1,-1
589,47263,1015,363,8,9,1,-1,-1,-1
589,47260,1159,363,13,11,1,-1,-1,-1
590,47345,596,362,20,19,1,-1,-1,-1
590,47343,615,362,11,10,1,-1,-1,-1
590,47342,603,362,13,16,1,-1,-1,-1
590,47340,1217,362,32,13,1,-1,-1,-1
590,47339,890,362,33,13,1,-1,-1,-1
590,47336,662,362,32,14,1,-1,-1,-1
590,47334,566,362,20,18,1,-1,-1,-1
590,47326,1142,359,48,14,1,-1,-1,-1
590,47325,551,359,41,16,1,-1,-1,-1
590,47320,625,355,29,23,1,-1,-1,-1
590,47315,425,359,37,16,1,-1,-1,-1
590,47313,1184,358,54,17,1,-1,-1,-1
590,47312,627,357,25,7,1,-1,-1,-1
590,47306,799,365,28,8,1,-1,-1,-1
590,47304,622,373,35,13,1,-1,-1,-1
590,47299,920,365,22,8,1,-1,-1,-1
590,47298,589,386,101,84,1,-1,-1,-1
590,47296,585,365,12,11,1,-1,-1,-1
590,47282,717,365,12,7,1,-1,-1,-1
590,47280,629,376,21,9,1,-1,-1,-1
590,47268,511,365,10,9,1,-1,-1,-1
590,47263,1010,364,11,9,1,-1,-1,-1
590,47260,1157,364,13,11,1,-1,-1,-1
591,47345,596,362,20,19,1,-1,-1,-1
591,47343,615,363,11,12,1,-1,-1,-1
591,47340,1235,362,12,14,1,-1,-1,-1
591,47339,888,362,32,13,1,-1,-1,-1
591,47336,660,362,32,14,1,-1,-1,-1
591,47334,566,362,20,18,1,-1,-1,-1
591,47326,1139,359,48,16,1,-1,-1,-1
591,47325,548,360,41,16,1,-1,-1,-1
591,47320,625,355,29,23,1,-1,-1,-1
591,47315,421,360,37,14,1,-1,-1,-1
591,47313,1181,359,54,17,1,-1,-1,-1
591,47312,627,358,25,6,1,-1,-1,-1
591,47306,798,366,28,7,1,-1,-1,-1
591,47304,622,373,35,14,1,-1,-1,-1
591,47299,918,366,22,8,1,-1,-1,-1
591,47298,588,386,103,85,1,-1,-1,-1
591,47296,585,365,12,11,1,-1,-1,-1
591,47282,717,365,12,8,1,-1,-1,-1
591,47280,629,376,21,10,1,-1,-1,-1
591,47268,508,365,10,10,1,-1,-1,-1
591,47263,1007,364,12,10,1,-1,-1,-1
591,47260,1156,365,12,11,1,-1,-1,-1
592,47345,596,362,20,19,1,-1,-1,-1
592,47343,615,362,11,12,1,-1,-1,-1
592,47340,1231,362,14,13,1,-1,-1,-1
592,47339,886,362,32,13,1,-1,-1,-1
592,47336,659,362,33,14,1,-1,-1,-1
592,47334,566,362,20,18,1,-1,-1,-1
592,47326,1136,359,48,14,1,-1,-1,-1
592,47325,545,359,42,16,1,-1,-1,-1
592,47320,625,354,29,24,1,-1,-1,-1
592,47315,418,359,37,14,1,-1,-1,-1
592,47313,1178,358,53,17,1,-1,-1,-1
592,47312,627,357,25,6,1,-1,-1,-1
592,47306,797,365,28,8,1,-1,-1,-1
592,47304,622,373,35,13,1,-1,-1,-1
592,47299,917,365,22,9,1,-1,-1,-1
592,47298,588,386,102,85,1,-1,-1,-1
592,47296,585,365,11,10,1,-1,-1,-1
592,47282,714,365,14,8,1,-1,-1,-1
592,47280,629,375,21,10,1,-1,-1,-1
592,47268,505,365,10,9,1,-1,-1,-1
592,47263,1008,364,8,9,1,-1,-1,-1
592,47260,1153,364,13,11,1,-1,-1,-1
593,47345,596,361,19,20,1,-1,-1,-1
593,47343,614,361,12,13,1,-1,-1,-1
593,47340,1228,361,15,13,1,-1,-1,-1
593,47339,883,361,33,13,1,-1,-1,-1
593,47337,617,361,9,12,1,-1,-1,-1
593,47336,658,361,32,14,1,-1,-1,-1
593,47334,566,361,20,18,1,-1,-1,-1
593,47326,1133,358,47,15,1,-1,-1,-1
593,47325,542,359,42,16,1,-1,-1,-1
593,47320,625,353,29,24,1,-1,-1,-1
593,47315,415,358,34,14,1,-1,-1,-1
593,47313,1174,358,54,17,1,-1,-1,-1
593,47306,796,365,29,8,1,-1,-1,-1
593,47304,622,372,35,14,1,-1,-1,-1
593,47299,913,364,25,9,1,-1,-1,-1
593,47298,588,385,103,85,1,-1,-1,-1
593,47296,585,364,11,10,1,-1,-1,-1
593,47282,714,364,13,8,1,-1,-1,-1
593,47280,629,375,21,10,1,-1,-1,-1
593,47275,676,373,11,2,1,-1,-1,-1
593,47268,502,364,10,10,1,-1,-1,-1
593,47263,1004,363,10,11,1,-1,-1,-1
593,47260,1151,363,13,12,1,-1,-1,-1
594,47345,596,360,19,20,1,-1,-1,-1
594,47343,615,361,10,12,1,-1,-1,-1
594,47340,1211,361,29,13,1,-1,-1,-1
594,47339,881,361,33,13,1,-1,-1,-1
594,47336,657,361,32,13,1,-1,-1,-1
594,47334,566,361,20,17,1,-1,-1,-1
594,47326,1130,357,47,16,1,-1,-1,-1
594,47325,539,358,42,16,1,-1,-1,-1
594,47320,625,353,29,24,1,-1,-1,-1
594,47315,413,358,33,14,1,-1,-1,-1
594,47313,1171,357,53,17,1,-1,-1,-1
594,47306,795,364,29,8,1,-1,-1,-1
594,47304,622,372,35,13,1,-1,-1,-1
594,47299,913,364,25,9,1,-1,-1,-1
594,47298,588,385,103,84,1,-1,-1,-1
594,47296,585,363,11,10,1,-1,-1,-1
594,47282,712,363,12,8,1,-1,-1,-1
594,47280,629,374,21,10,1,-1,-1,-1
594,47268,499,364,9,9,1,-1,-1,-1
594,47263,1000,363,11,9,1,-1,-1,-1
594,47260,1149,363,13,11,1,-1,-1,-1
595,47345,596,360,19,20,1,-1,-1,-1
595,47343,596,360,26,13,1,-1,-1,-1
595,47340,1221,360,17,13,1,-1,-1,-1
595,47339,879,360,32,13,1,-1,-1,-1
595,47336,656,360,32,14,1,-1,-1,-1
595,47334,566,360,20,18,1,-1,-1,-1
595,47326,1127,357,47,16,1,-1,-1,-1
595,47325,536,358,42,16,1,-1,-1,-1
595,47320,625,352,29,24,1,-1,-1,-1
595,47315,408,357,32,15,1,-1,-1,-1
595,47313,1170,357,51,17,1,-1,-1,-1
595,47306,794,364,29,8,1,-1,-1,-1
595,47304,622,371,35,14,1,-1,-1,-1
595,47299,908,363,29,9,1,-1,-1,-1
595,47298,589,384,101,85,1,-1,-1,-1
595,47296,585,363,11,11,1,-1,-1,-1
595,47282,712,363,12,8,1,-1,-1,-1
595,47280,629,374,21,10,1,-1,-1,-1
595,47275,673,372,13,2,1,-1,-1,-1
595,47268,495,363,10,10,1,-1,-1,-1
595,47263,1001,362,8,11,1,-1,-1,-1
595,47260,1147,362,13,12,1,-1,-1,-1
596,47345,596,360,19,20,1,-1,-1,-1
596,47343,593,360,26,10,1,-1,-1,-1
596,47340,1217,360,19,12,1,-1,-1,-1
596,47339,879,360,30,13,1,-1,-1,-1
596,47337,617,360,9,12,1,-1,-1,-1
596,47336,655,360,32,14,1,-1,-1,-1
596,47334,566,360,20,18,1,-1,-1,-1
596,47326,1124,357,47,16,1,-1,-1,-1
596,47325,533,357,42,17,1,-1,-1,-1
596,47320,625,352,29,24,1,-1,-1,-1
596,47315,404,357,31,13,1,-1,-1,-1
596,47313,1164,357,53,17,1,-1,-1,-1
596,47306,793,364,29,8,1,-1,-1,-1
596,47304,622,371,35,14,1,-1,-1,-1
596,47299,906,363,31,9,1,-1,-1,-1
596,47298,589,384,101,84,1,-1,-1,-1
596,47296,585,363,11,12,1,-1,-1,-1
596,47282,712,363,11,8,1,-1,-1,-1
596,47280,629,374,21,10,1,-1,-1,-1
596,47268,492,363,10,10,1,-1,-1,-1
596,47263,996,362,11,11,1,-1,-1,-1
596,47260,1146,362,12,12,1,-1,-1,-1
597,47345,595,360,20,20,1,-1,-1,-1
597,47343,590,361,26,10,1,-1,-1,-1
597,47340,1214,361,19,13,1,-1,-1,-1
597,47339,874,361,33,13,1,-1,-1,-1
597,47337,615,361,10,12,1,-1,-1,-1
597,47336,654,361,32,14,1,-1,-1,-1
597,47334,566,361,20,17,1,-1,-1,-1
597,47326,1121,357,47,15,1,-1,-1,-1
597,47325,530,358,42,16,1,-1,-1,-1
597,47320,625,353,29,24,1,-1,-1,-1
597,47315,404,358,26,9,1,-1,-1,-1
597,47313,1161,357,53,17,1,-1,-1,-1
597,47312,626,356,27,9,1,-1,-1,-1
597,47306,792,364,29,8,1,-1,-1,-1
597,47304,622,372,35,13,1,-1,-1,-1
597,47299,907,364,30,8,1,-1,-1,-1
597,47298,588,385,102,84,1,-1,-1,-1
597,47296,565,363,31,12,1,-1,-1,-1
597,47282,709,363,11,8,1,-1,-1,-1
597,47280,629,374,21,10,1,-1,-1,-1
597,47268,489,363,10,10,1,-1,-1,-1
597,47263,993,362,10,10,1,-1,-1,-1
597,47260,1144,363,12,11,1,-1,-1,-1
598,47345,595,361,20,20,1,-1,-1,-1
598,47340,1210,361,21,12,1,-1,-1,-1
598,47339,872,365,32,9,1,-1,-1,-1
598,47337,614,361,9,12,1,-1,-1,-1
598,47336,654,361,30,14,1,-1,-1,-1
598,47334,566,361,20,18,1,-1,-1,-1
598,47326,1118,358,47,15,1,-1,-1,-1
598,47325,526,358,43,17,1,-1,-1,-1
598,47320,625,353,29,24,1,-1,-1,-1
598,47315,401,358,24,9,1,-1,-1,-1
598,47313,1158,358,52,17,1,-1,-1,-1
598,47306,791,364,29,8,1,-1,-1,-1
598,47304,622,372,35,13,1,-1,-1,-1
598,47299,905,364,32,9,1,-1,-1,-1
598,47298,588,385,102,84,1,-1,-1,-1
598,47296,563,364,32,12,1,-1,-1,-1
598,47282,707,364,14,8,1,-1,-1,-1
598,47280,629,375,21,10,1,-1,-1,-1
598,47268,485,364,9,10,1,-1,-1,-1
598,47263,993,363,8,11,1,-1,-1,-1
598,47260,1141,363,13,12,1,-1,-1,-1
599,47345,595,362,20,19,1,-1,-1,-1
599,47343,584,362,13,8,1,-1,-1,-1
599,47340,1195,362,34,13,1,-1,-1,-1
599,47339,871,364,31,11,1,-1,-1,-1
599,47336,653,362,30,14,1,-1,-1,-1
599,47334,566,362,19,18,1,-1,-1,-1
599,47326,1115,358,46,15,1,-1,-1,-1
599,47325,523,359,43,16,1,-1,-1,-1
599,47320,625,354,29,24,1,-1,-1,-1
599,47315,401,359,19,7,1,-1,-1,-1
599,47313,1155,358,52,17,1,-1,-1,-1
599,47306,790,365,29,8,1,-1,-1,-1
599,47304,622,373,35,13,1,-1,-1,-1
599,47299,905,365,30,8,1,-1,-1,-1
599,47298,588,386,103,84,1,-1,-1,-1
599,47296,561,365,33,11,1,-1,-1,-1
599,47282,706,365,14,9,1,-1,-1,-1
599,47280,629,375,21,10,1,-1,-1,-1
599,47268,482,365,10,9,1,-1,-1,-1
599,47263,988,364,12,9,1,-1,-1,-1
599,47260,1141,364,11,9,1,-1,-1,-1
600,47345,595,362,20,20,1,-1,-1,-1
600,47343,582,363,14,10,1,-1,-1,-1
600,47342,608,362,7,16,1,-1,-1,-1
600,47340,1198,363,29,13,1,-1,-1,-1
600,47339,868,363,28,13,1,-1,-1,-1
600,47336,653,363,27,14,1,-1,-1,-1
600,47334,566,362,19,18,1,-1,-1,-1
600,47326,1112,359,47,15,1,-1,-1,-1
600,47325,520,360,42,16,1,-1,-1,-1
600,47320,624,355,31,23,1,-1,-1,-1
600,47313,1152,359,52,17,1,-1,-1,-1
600,47312,626,358,27,9,1,-1,-1,-1
600,47306,789,366,29,9,1,-1,-1,-1
600,47304,622,374,35,13,1,-1,-1,-1
600,47299,904,366,32,8,1,-1,-1,-1
600,47298,588,387,103,85,1,-1,-1,-1
600,47296,559,365,34,12,1,-1,-1,-1
600,47282,705,365,14,10,1,-1,-1,-1
600,47280,629,376,21,10,1,-1,-1,-1
600,47268,478,365,10,10,1,-1,-1,-1
600,47263,986,364,10,11,1,-1,-1,-1
600,47260,1138,365,12,11,1,-1,-1,-1
