1,45502,542,366,35,13,1,-1,-1,-1
1,45495,424,363,40,13,1,-1,-1,-1
1,45492,665,355,163,64,1,-1,-1,-1
1,45486,932,363,43,14,1,-1,-1,-1
1,45480,598,389,80,64,1,-1,-1,-1
1,45472,351,378,86,37,1,-1,-1,-1
1,45464,123,378,68,43,1,-1,-1,-1
1,45455,332,378,39,43,1,-1,-1,-1
1,45454,658,370,6,7,1,-1,-1,-1
1,45449,209,370,5,6,1,-1,-1,-1
2,45502,541,366,34,13,1,-1,-1,-1
2,45495,407,363,55,14,1,-1,-1,-1
2,45492,662,355,163,64,1,-1,-1,-1
2,45486,917,363,48,14,1,-1,-1,-1
2,45480,598,389,80,65,1,-1,-1,-1
2,45472,310,378,116,37,1,-1,-1,-1
2,45464,117,378,69,44,1,-1,-1,-1
2,45455,331,377,40,45,1,-1,-1,-1
2,45454,661,371,3,6,1,-1,-1,-1
2,45449,207,371,4,5,1,-1,-1,-1
3,45502,540,366,30,11,1,-1,-1,-1
3,45495,405,363,54,14,1,-1,-1,-1
3,45492,658,355,166,65,1,-1,-1,-1
3,45486,915,363,57,14,1,-1,-1,-1
3,45480,597,389,81,65,1,-1,-1,-1
3,45475,966,373,34,4,1,-1,-1,-1
3,45472,297,378,117,37,1,-1,-1,-1
3,45464,111,378,70,45,1,-1,-1,-1
3,45455,330,377,40,45,1,-1,-1,-1
3,45454,663,374,8,2,1,-1,-1,-1
3,45450,278,374,8,3,1,-1,-1,-1
4,45502,539,366,31,11,1,-1,-1,-1
4,45495,401,363,55,14,1,-1,-1,-1
4,45492,655,355,167,66,1,-1,-1,-1
4,45486,912,363,58,14,1,-1,-1,-1
4,45480,597,389,81,65,1,-1,-1,-1
4,45475,968,372,23,5,1,-1,-1,-1
4,45472,283,378,119,38,1,-1,-1,-1
4,45464,105,378,70,45,1,-1,-1,-1
4,45455,329,377,41,46,1,-1,-1,-1
4,45454,670,370,2,7,1,-1,-1,-1
5,45502,539,366,25,10,1,-1,-1,-1
5,45495,398,362,55,14,1,-1,-1,-1
5,45492,652,354,169,67,1,-1,-1,-1
5,45486,910,362,51,15,1,-1,-1,-1
5,45480,596,388,81,66,1,-1,-1,-1
5,45475,978,371,28,6,1,-1,-1,-1
5,45472,269,378,121,38,1,-1,-1,-1
5,45464,98,378,72,45,1,-1,-1,-1
5,45455,328,377,41,46,1,-1,-1,-1
5,45454,670,369,6,8,1,-1,-1,-1
5,45450,282,369,4,7,1,-1,-1,-1
5,45448,539,368,2,8,1,-1,-1,-1
6,45502,538,365,26,10,1,-1,-1,-1
6,45495,395,361,55,14,1,-1,-1,-1
6,45492,650,353,171,68,1,-1,-1,-1
6,45486,908,361,54,15,1,-1,-1,-1
6,45480,596,388,82,65,1,-1,-1,-1
6,45475,979,370,29,6,1,-1,-1,-1
6,45472,254,377,124,39,1,-1,-1,-1
6,45464,92,377,72,46,1,-1,-1,-1
6,45455,327,376,42,47,1,-1,-1,-1
6,45454,672,369,5,6,1,-1,-1,-1
6,45450,281,369,5,6,1,-1,-1,-1
6,45448,539,367,7,8,1,-1,-1,-1
7,45502,537,364,25,10,1,-1,-1,-1
7,45495,393,360,54,14,1,-1,-1,-1
7,45492,649,352,171,69,1,-1,-1,-1
7,45486,908,360,55,15,1,-1,-1,-1
7,45480,595,387,83,66,1,-1,-1,-1
7,45475,980,370,24,5,1,-1,-1,-1
7,45472,239,376,126,39,1,-1,-1,-1
7,45464,85,376,73,47,1,-1,-1,-1
7,45455,324,376,44,47,1,-1,-1,-1
7,45454,674,368,6,6,1,-1,-1,-1
7,45450,281,368,2,6,1,-1,-1,-1
8,45502,522,363,38,11,1,-1,-1,-1
8,45495,392,360,52,14,1,-1,-1,-1
8,45492,646,351,174,70,1,-1,-1,-1
8,45486,909,360,52,14,1,-1,-1,-1
8,45480,593,386,85,67,1,-1,-1,-1
8,45475,982,369,31,5,1,-1,-1,-1
8,45472,224,376,128,39,1,-1,-1,-1
8,45464,78,375,74,48,1,-1,-1,-1
8,45455,321,375,44,48,1,-1,-1,-1
8,45448,544,366,2,8,1,-1,-1,-1
9,45502,519,363,38,11,1,-1,-1,-1
9,45495,391,359,51,15,1,-1,-1,-1
9,45492,645,351,176,71,1,-1,-1,-1
9,45486,904,359,55,15,1,-1,-1,-1
9,45480,592,386,86,67,1,-1,-1,-1
9,45475,982,369,37,5,1,-1,-1,-1
9,45472,209,376,130,39,1,-1,-1,-1
9,45464,71,375,75,49,1,-1,-1,-1
9,45455,318,375,45,48,1,-1,-1,-1
10,45502,515,364,39,10,1,-1,-1,-1
10,45495,383,360,56,15,1,-1,-1,-1
10,45492,643,351,178,73,1,-1,-1,-1
10,45486,912,360,45,15,1,-1,-1,-1
10,45480,590,387,87,68,1,-1,-1,-1
10,45475,985,369,37,6,1,-1,-1,-1
10,45472,192,376,133,41,1,-1,-1,-1
10,45464,62,377,76,48,1,-1,-1,-1
10,45455,316,376,45,49,1,-1,-1,-1
10,45448,551,366,3,8,1,-1,-1,-1
11,45502,512,365,39,10,1,-1,-1,-1
11,45498,297,365,11,10,1,-1,-1,-1
11,45495,380,361,56,14,1,-1,-1,-1
11,45492,643,352,180,74,1,-1,-1,-1
11,45486,896,361,58,15,1,-1,-1,-1
11,45480,588,388,89,68,1,-1,-1,-1
11,45475,987,370,38,6,1,-1,-1,-1
11,45472,175,377,136,41,1,-1,-1,-1
11,45465,1135,370,11,16,1,-1,-1,-1
11,45464,53,377,78,50,1,-1,-1,-1
11,45455,314,377,46,50,1,-1,-1,-1
11,45448,552,367,7,8,1,-1,-1,-1
12,45502,508,365,36,11,1,-1,-1,-1
12,45498,295,365,10,11,1,-1,-1,-1
12,45495,376,361,57,15,1,-1,-1,-1
12,45492,643,352,182,75,1,-1,-1,-1
12,45486,894,361,58,15,1,-1,-1,-1
12,45480,586,389,90,68,1,-1,-1,-1
12,45475,993,370,34,6,1,-1,-1,-1
12,45472,157,378,139,42,1,-1,-1,-1
12,45465,1146,371,7,15,1,-1,-1,-1
12,45464,43,378,79,50,1,-1,-1,-1
12,45455,312,377,47,51,1,-1,-1,-1
12,45448,556,368,2,8,1,-1,-1,-1
13,45502,505,365,38,10,1,-1,-1,-1
13,45498,280,365,20,10,1,-1,-1,-1
13,45495,373,361,57,14,1,-1,-1,-1
13,45492,643,351,184,77,1,-1,-1,-1
13,45486,893,361,57,15,1,-1,-1,-1
13,45480,584,388,92,70,1,-1,-1,-1
13,45475,996,370,33,6,1,-1,-1,-1
13,45472,139,378,141,42,1,-1,-1,-1
13,45465,1142,374,16,12,1,-1,-1,-1
13,45464,33,378,81,51,1,-1,-1,-1
13,45455,310,377,47,52,1,-1,-1,-1
13,45448,557,369,7,6,1,-1,-1,-1
14,45502,502,364,39,11,1,-1,-1,-1
14,45498,273,364,23,11,1,-1,-1,-1
14,45495,371,360,57,15,1,-1,-1,-1
14,45492,643,350,187,78,1,-1,-1,-1
14,45486,894,360,54,15,1,-1,-1,-1
14,45482,1190,374,21,12,1,-1,-1,-1
14,45480,581,388,93,69,1,-1,-1,-1
14,45475,1008,369,23,6,1,-1,-1,-1
14,45472,120,377,108,43,1,-1,-1,-1
14,45465,1155,373,7,11,1,-1,-1,-1
14,45464,24,377,82,53,1,-1,-1,-1
14,45455,307,377,49,52,1,-1,-1,-1
14,45448,562,366,10,15,1,-1,-1,-1
15,45502,502,363,34,11,1,-1,-1,-1
15,45498,269,363,23,11,1,-1,-1,-1
15,45495,369,359,56,15,1,-1,-1,-1
15,45492,643,349,190,79,1,-1,-1,-1
15,45486,894,359,52,15,1,-1,-1,-1
15,45482,1190,371,35,15,1,-1,-1,-1
15,45480,579,387,94,70,1,-1,-1,-1
15,45472,101,376,117,44,1,-1,-1,-1
15,45465,1148,372,17,11,1,-1,-1,-1
15,45464,15,377,84,53,1,-1,-1,-1
15,45455,305,376,49,53,1,-1,-1,-1
15,45448,563,365,11,15,1,-1,-1,-1
16,45502,494,362,40,11,1,-1,-1,-1
16,45498,253,362,34,11,1,-1,-1,-1
16,45495,368,358,54,15,1,-1,-1,-1
16,45492,643,348,185,80,1,-1,-1,-1
16,45486,885,358,59,15,1,-1,-1,-1
16,45482,1196,370,35,15,1,-1,-1,-1
16,45480,576,386,96,70,1,-1,-1,-1
16,45478,1230,371,25,11,1,-1,-1,-1
16,45477,176,367,17,6,1,-1,-1,-1
16,45472,81,375,126,45,1,-1,-1,-1
16,45465,1152,370,17,12,1,-1,-1,-1
16,45464,6,375,86,55,1,-1,-1,-1
16,45455,303,375,50,54,1,-1,-1,-1
16,45450,287,366,3,7,1,-1,-1,-1
16,45448,565,366,8,13,1,-1,-1,-1
17,45502,490,361,40,11,1,-1,-1,-1
17,45498,243,361,35,11,1,-1,-1,-1
17,45495,367,357,52,15,1,-1,-1,-1
17,45492,641,346,194,82,1,-1,-1,-1
17,45486,882,357,60,15,1,-1,-1,-1
17,45482,1203,369,35,14,1,-1,-1,-1
17,45480,574,385,96,70,1,-1,-1,-1
17,45478,1234,369,37,14,1,-1,-1,-1
17,45477,174,365,19,7,1,-1,-1,-1
17,45472,61,374,136,45,1,-1,-1,-1
17,45465,1170,371,2,12,1,-1,-1,-1
17,45464,0,375,86,55,1,-1,-1,-1
17,45455,299,374,51,56,1,-1,-1,-1
17,45450,285,364,6,8,1,-1,-1,-1
17,45448,570,363,10,15,1,-1,-1,-1
18,45502,487,360,30,11,1,-1,-1,-1
18,45498,237,360,39,11,1,-1,-1,-1
18,45495,357,356,59,15,1,-1,-1,-1
18,45492,642,345,200,83,1,-1,-1,-1
18,45486,879,356,60,15,1,-1,-1,-1
18,45482,1213,368,30,15,1,-1,-1,-1
18,45480,571,384,97,71,1,-1,-1,-1
18,45478,1243,368,36,12,1,-1,-1,-1
18,45472,49,374,137,45,1,-1,-1,-1
18,45465,1158,368,6,12,1,-1,-1,-1
18,45464,0,374,80,56,1,-1,-1,-1
18,45455,294,374,52,56,1,-1,-1,-1
18,45450,285,364,7,7,1,-1,-1,-1
18,45449,132,367,9,3,1,-1,-1,-1
18,45448,569,362,14,16,1,-1,-1,-1
19,45502,485,359,31,11,1,-1,-1,-1
19,45498,234,359,40,11,1,-1,-1,-1
19,45495,354,355,59,15,1,-1,-1,-1
19,45492,640,345,205,84,1,-1,-1,-1
19,45486,878,356,59,15,1,-1,-1,-1
19,45482,1214,368,33,15,1,-1,-1,-1
19,45480,566,383,100,71,1,-1,-1,-1
19,45478,1244,368,27,14,1,-1,-1,-1
19,45475,1025,365,30,6,1,-1,-1,-1
19,45472,25,373,150,47,1,-1,-1,-1
19,45465,1161,365,18,17,1,-1,-1,-1
19,45464,0,374,75,56,1,-1,-1,-1
19,45455,289,373,53,58,1,-1,-1,-1
19,45450,283,363,7,7,1,-1,-1,-1
19,45448,570,362,16,15,1,-1,-1,-1
20,45502,484,358,31,11,1,-1,-1,-1
20,45498,232,358,40,11,1,-1,-1,-1
20,45495,353,354,57,15,1,-1,-1,-1
20,45492,639,343,209,86,1,-1,-1,-1
20,45486,881,354,54,16,1,-1,-1,-1
20,45482,1193,367,58,15,1,-1,-1,-1
20,45480,563,382,101,72,1,-1,-1,-1
20,45475,1026,364,31,6,1,-1,-1,-1
20,45472,6,372,158,47,1,-1,-1,-1
20,45465,1164,364,17,17,1,-1,-1,-1
20,45464,6,373,64,58,1,-1,-1,-1
20,45455,286,372,53,59,1,-1,-1,-1
20,45450,283,362,8,7,1,-1,-1,-1
20,45449,124,362,3,7,1,-1,-1,-1
20,45448,573,361,17,15,1,-1,-1,-1
21,45502,480,357,34,11,1,-1,-1,-1
21,45498,222,357,46,11,1,-1,-1,-1
21,45495,353,353,54,15,1,-1,-1,-1
21,45492,639,342,212,87,1,-1,-1,-1
21,45486,883,353,49,16,1,-1,-1,-1
21,45482,1192,366,59,12,1,-1,-1,-1
21,45480,557,381,105,72,1,-1,-1,-1
21,45475,1029,363,30,6,1,-1,-1,-1
21,45472,0,372,146,47,1,-1,-1,-1
21,45465,1168,363,17,15,1,-1,-1,-1
21,45464,0,372,67,59,1,-1,-1,-1
21,45455,282,372,55,59,1,-1,-1,-1
21,45450,284,361,5,7,1,-1,-1,-1
21,45449,118,361,7,7,1,-1,-1,-1
21,45448,576,360,13,15,1,-1,-1,-1
22,45502,477,356,36,12,1,-1,-1,-1
22,45498,218,356,47,12,1,-1,-1,-1
22,45495,343,353,61,15,1,-1,-1,-1
22,45492,639,341,214,89,1,-1,-1,-1
22,45486,869,353,60,15,1,-1,-1,-1
22,45482,1194,365,57,15,1,-1,-1,-1
22,45480,553,381,105,71,1,-1,-1,-1
22,45475,1030,362,34,7,1,-1,-1,-1
22,45472,1,371,128,48,1,-1,-1,-1
22,45465,1173,363,15,17,1,-1,-1,-1
22,45464,0,372,64,60,1,-1,-1,-1
22,45455,277,371,55,60,1,-1,-1,-1
22,45450,284,360,9,8,1,-1,-1,-1
22,45449,113,360,10,8,1,-1,-1,-1
22,45448,580,359,9,16,1,-1,-1,-1
23,45502,474,356,38,12,1,-1,-1,-1
23,45498,214,356,47,12,1,-1,-1,-1
23,45495,339,352,61,16,1,-1,-1,-1
23,45492,639,341,217,89,1,-1,-1,-1
23,45486,866,352,61,16,1,-1,-1,-1
23,45482,1192,365,66,13,1,-1,-1,-1
23,45480,548,380,107,71,1,-1,-1,-1
23,45475,1032,362,36,6,1,-1,-1,-1
23,45472,0,371,111,44,1,-1,-1,-1
23,45465,1178,362,14,16,1,-1,-1,-1
23,45464,0,372,61,60,1,-1,-1,-1
23,45455,272,371,56,61,1,-1,-1,-1
23,45450,287,360,6,8,1,-1,-1,-1
23,45449,110,360,9,8,1,-1,-1,-1
23,45448,583,361,17,13,1,-1,-1,-1
24,45502,472,356,37,12,1,-1,-1,-1
24,45498,211,356,47,12,1,-1,-1,-1
24,45495,336,353,61,15,1,-1,-1,-1
24,45492,639,341,220,91,1,-1,-1,-1
24,45486,863,353,61,15,1,-1,-1,-1
24,45482,1194,365,66,15,1,-1,-1,-1
24,45480,541,380,110,70,1,-1,-1,-1
24,45478,1259,368,20,12,1,-1,-1,-1
24,45475,1034,362,37,7,1,-1,-1,-1
24,45472,0,371,92,45,1,-1,-1,-1
24,45465,1183,362,12,16,1,-1,-1,-1
24,45464,0,372,60,62,1,-1,-1,-1
24,45455,266,372,57,61,1,-1,-1,-1
24,45450,286,360,5,8,1,-1,-1,-1
24,45449,105,360,9,8,1,-1,-1,-1
24,45448,586,368,14,7,1,-1,-1,-1
25,45502,471,356,36,12,1,-1,-1,-1
25,45498,207,357,47,11,1,-1,-1,-1
25,45495,333,353,61,15,1,-1,-1,-1
25,45492,638,341,224,92,1,-1,-1,-1
25,45486,860,353,61,16,1,-1,-1,-1
25,45482,1195,366,67,15,1,-1,-1,-1
25,45480,534,381,113,69,1,-1,-1,-1
25,45478,1263,371,8,10,1,-1,-1,-1
25,45475,1035,363,37,6,1,-1,-1,-1
25,45472,0,372,73,45,1,-1,-1,-1
25,45465,1188,363,11,18,1,-1,-1,-1
25,45464,0,373,57,63,1,-1,-1,-1
25,45455,261,372,58,63,1,-1,-1,-1
25,45450,287,361,3,7,1,-1,-1,-1
25,45449,102,361,6,7,1,-1,-1,-1
25,45448,599,365,8,10,1,-1,-1,-1
26,45502,470,357,35,13,1,-1,-1,-1
26,45498,203,358,47,12,1,-1,-1,-1
26,45495,328,354,62,16,1,-1,-1,-1
26,45492,637,342,228,94,1,-1,-1,-1
26,45486,861,354,56,16,1,-1,-1,-1
26,45482,1199,367,62,13,1,-1,-1,-1
26,45480,526,382,116,69,1,-1,-1,-1
26,45477,154,363,35,7,1,-1,-1,-1
26,45475,1037,364,37,6,1,-1,-1,-1
26,45472,0,374,54,40,1,-1,-1,-1
26,45465,1193,364,9,16,1,-1,-1,-1
26,45464,0,375,54,63,1,-1,-1,-1
26,45455,255,373,59,66,1,-1,-1,-1
26,45448,599,361,11,15,1,-1,-1,-1
27,45502,461,358,43,13,1,-1,-1,-1
27,45498,200,359,48,12,1,-1,-1,-1
27,45495,324,355,55,16,1,-1,-1,-1
27,45492,637,342,231,96,1,-1,-1,-1
27,45486,863,355,53,16,1,-1,-1,-1
27,45482,1206,368,57,14,1,-1,-1,-1
27,45480,518,383,119,68,1,-1,-1,-1
27,45477,153,364,34,7,1,-1,-1,-1
27,45475,1040,365,14,6,1,-1,-1,-1
27,45472,0,378,34,38,1,-1,-1,-1
27,45465,1199,365,8,17,1,-1,-1,-1
27,45464,0,388,48,52,1,-1,-1,-1
27,45455,248,375,60,66,1,-1,-1,-1
27,45448,599,362,15,14,1,-1,-1,-1
28,45502,459,359,43,12,1,-1,-1,-1
28,45498,196,359,48,12,1,-1,-1,-1
28,45495,321,356,57,15,1,-1,-1,-1
28,45492,637,343,235,97,1,-1,-1,-1
28,45486,866,356,47,16,1,-1,-1,-1
28,45482,1205,368,41,14,1,-1,-1,-1
28,45480,508,383,123,68,1,-1,-1,-1
28,45477,153,365,41,6,1,-1,-1,-1
28,45472,0,383,13,35,1,-1,-1,-1
28,45465,1204,366,8,18,1,-1,-1,-1
28,45464,0,389,38,53,1,-1,-1,-1
28,45455,241,375,61,68,1,-1,-1,-1
28,45448,602,362,13,16,1,-1,-1,-1
29,45502,457,359,43,12,1,-1,-1,-1
29,45498,193,359,48,12,1,-1,-1,-1
29,45495,318,356,58,15,1,-1,-1,-1
29,45492,637,342,238,99,1,-1,-1,-1
29,45486,869,356,42,16,1,-1,-1,-1
29,45482,1213,368,39,15,1,-1,-1,-1
29,45480,498,383,126,68,1,-1,-1,-1
29,45477,153,366,41,5,1,-1,-1,-1
29,45475,1046,367,43,5,1,-1,-1,-1
29,45465,1211,370,6,13,1,-1,-1,-1
29,45464,0,399,28,44,1,-1,-1,-1
29,45455,235,376,62,69,1,-1,-1,-1
29,45448,604,362,12,16,1,-1,-1,-1
30,45502,455,359,43,12,1,-1,-1,-1
30,45498,190,359,43,12,1,-1,-1,-1
30,45495,315,356,59,15,1,-1,-1,-1
30,45492,637,342,242,100,1,-1,-1,-1
30,45486,873,356,35,16,1,-1,-1,-1
30,45482,1194,368,64,15,1,-1,-1,-1
30,45480,487,383,130,67,1,-1,-1,-1
30,45477,178,365,16,6,1,-1,-1,-1
30,45475,1050,366,43,6,1,-1,-1,-1
30,45465,1216,370,6,13,1,-1,-1,-1
30,45464,0,414,17,30,1,-1,-1,-1
30,45455,228,376,63,70,1,-1,-1,-1
30,45450,291,364,6,7,1,-1,-1,-1
30,45448,608,362,14,16,1,-1,-1,-1
31,45502,453,359,43,12,1,-1,-1,-1
31,45498,188,359,42,12,1,-1,-1,-1
31,45495,315,356,58,15,1,-1,-1,-1
31,45492,637,342,245,102,1,-1,-1,-1
31,45486,876,356,29,16,1,-1,-1,-1
31,45482,1197,368,67,15,1,-1,-1,-1
31,45480,475,382,134,68,1,-1,-1,-1
31,45477,174,365,20,6,1,-1,-1,-1
31,45475,1054,365,24,7,1,-1,-1,-1
31,45465,1203,371,23,12,1,-1,-1,-1
31,45455,220,376,64,72,1,-1,-1,-1
31,45450,290,364,9,7,1,-1,-1,-1
31,45448,612,368,13,10,1,-1,-1,-1
32,45502,450,359,44,12,1,-1,-1,-1
32,45498,186,359,42,12,1,-1,-1,-1
32,45495,312,356,57,15,1,-1,-1,-1
32,45492,637,341,249,104,1,-1,-1,-1
32,45486,880,356,22,16,1,-1,-1,-1
32,45482,1200,368,64,15,1,-1,-1,-1
32,45480,463,382,138,67,1,-1,-1,-1
32,45477,172,365,21,6,1,-1,-1,-1
32,45465,1207,371,24,12,1,-1,-1,-1
32,45455,213,377,65,72,1,-1,-1,-1
32,45450,291,364,7,7,1,-1,-1,-1
32,45449,65,363,9,8,1,-1,-1,-1
32,45448,615,362,14,16,1,-1,-1,-1
33,45502,448,359,44,12,1,-1,-1,-1
33,45498,183,359,43,12,1,-1,-1,-1
33,45495,302,356,64,15,1,-1,-1,-1
33,45492,637,341,253,106,1,-1,-1,-1
33,45486,884,356,16,16,1,-1,-1,-1
33,45482,1203,368,62,15,1,-1,-1,-1
33,45480,449,382,143,67,1,-1,-1,-1
33,45477,161,365,33,6,1,-1,-1,-1
33,45465,1211,372,24,10,1,-1,-1,-1
33,45455,205,377,66,74,1,-1,-1,-1
33,45450,292,364,6,7,1,-1,-1,-1
33,45449,62,363,9,8,1,-1,-1,-1
33,45448,622,362,8,10,1,-1,-1,-1
34,45502,446,359,44,12,1,-1,-1,-1
34,45498,181,359,43,13,1,-1,-1,-1
34,45495,299,356,65,16,1,-1,-1,-1
34,45492,637,341,257,107,1,-1,-1,-1
34,45486,888,356,9,16,1,-1,-1,-1
34,45482,1196,368,70,15,1,-1,-1,-1
34,45480,437,382,146,67,1,-1,-1,-1
34,45477,158,365,34,7,1,-1,-1,-1
34,45475,1065,365,20,7,1,-1,-1,-1
34,45465,1216,372,4,12,1,-1,-1,-1
34,45455,197,378,68,75,1,-1,-1,-1
34,45450,292,364,9,8,1,-1,-1,-1
34,45449,56,364,9,8,1,-1,-1,-1
34,45448,626,362,9,10,1,-1,-1,-1
35,45502,444,359,38,13,1,-1,-1,-1
35,45498,180,360,42,12,1,-1,-1,-1
35,45495,298,356,63,16,1,-1,-1,-1
35,45492,637,340,262,110,1,-1,-1,-1
35,45482,1197,368,70,15,1,-1,-1,-1
35,45480,423,382,150,67,1,-1,-1,-1
35,45477,156,365,32,7,1,-1,-1,-1
35,45475,1070,365,24,7,1,-1,-1,-1
35,45465,1222,372,6,12,1,-1,-1,-1
35,45455,190,378,69,77,1,-1,-1,-1
35,45450,294,364,7,8,1,-1,-1,-1
35,45449,51,364,10,8,1,-1,-1,-1
35,45448,628,362,9,10,1,-1,-1,-1
36,45502,442,359,40,13,1,-1,-1,-1
36,45498,178,359,41,13,1,-1,-1,-1
36,45495,293,355,66,17,1,-1,-1,-1
36,45492,638,340,266,112,1,-1,-1,-1
36,45482,1226,368,42,15,1,-1,-1,-1
36,45480,408,382,155,66,1,-1,-1,-1
36,45477,154,365,32,7,1,-1,-1,-1
36,45465,1229,372,6,12,1,-1,-1,-1
36,45455,182,378,70,79,1,-1,-1,-1
36,45450,297,364,3,8,1,-1,-1,-1
36,45449,50,364,5,8,1,-1,-1,-1
36,45448,630,362,9,10,1,-1,-1,-1
37,45502,440,359,42,12,1,-1,-1,-1
37,45498,168,359,48,13,1,-1,-1,-1
37,45495,291,355,66,17,1,-1,-1,-1
37,45492,638,340,271,113,1,-1,-1,-1
37,45480,393,382,159,66,1,-1,-1,-1
37,45477,163,365,18,7,1,-1,-1,-1
37,45475,1089,365,21,7,1,-1,-1,-1
37,45455,174,378,71,80,1,-1,-1,-1
37,45450,296,366,3,6,1,-1,-1,-1
37,45449,48,365,2,7,1,-1,-1,-1
37,45448,632,362,9,10,1,-1,-1,-1
38,45502,438,359,43,13,1,-1,-1,-1
38,45498,165,359,48,13,1,-1,-1,-1
38,45495,288,355,66,17,1,-1,-1,-1
38,45492,639,339,275,116,1,-1,-1,-1
38,45483,0,365,24,6,1,-1,-1,-1
38,45482,1205,368,45,15,1,-1,-1,-1
38,45480,377,382,163,66,1,-1,-1,-1
38,45477,161,365,16,7,1,-1,-1,-1
38,45475,1093,365,52,8,1,-1,-1,-1
38,45465,1240,369,10,15,1,-1,-1,-1
38,45455,165,379,73,81,1,-1,-1,-1
38,45450,297,370,9,2,1,-1,-1,-1
38,45448,634,362,6,10,1,-1,-1,-1
39,45502,436,360,45,12,1,-1,-1,-1
39,45498,160,360,49,12,1,-1,-1,-1
39,45495,286,356,66,16,1,-1,-1,-1
39,45492,639,339,280,118,1,-1,-1,-1
39,45483,0,364,29,8,1,-1,-1,-1
39,45482,1211,368,42,15,1,-1,-1,-1
39,45480,360,383,168,66,1,-1,-1,-1
39,45477,160,365,32,7,1,-1,-1,-1
39,45475,1094,366,57,8,1,-1,-1,-1
39,45465,1244,367,14,18,1,-1,-1,-1
39,45455,156,379,75,84,1,-1,-1,-1
39,45448,632,362,11,11,1,-1,-1,-1
40,45502,435,360,44,12,1,-1,-1,-1
40,45498,158,360,48,12,1,-1,-1,-1
40,45495,283,356,67,16,1,-1,-1,-1
40,45492,639,339,285,120,1,-1,-1,-1
40,45483,0,364,30,8,1,-1,-1,-1
40,45482,1218,368,44,15,1,-1,-1,-1
40,45480,342,383,172,66,1,-1,-1,-1
40,45477,158,365,32,7,1,-1,-1,-1
40,45475,1097,366,61,8,1,-1,-1,-1
40,45465,1248,366,17,19,1,-1,-1,-1
40,45455,147,380,76,85,1,-1,-1,-1
40,45449,28,364,4,5,1,-1,-1,-1
40,45448,638,362,4,10,1,-1,-1,-1
41,45502,435,359,40,13,1,-1,-1,-1
41,45498,156,359,45,13,1,-1,-1,-1
41,45495,280,355,67,17,1,-1,-1,-1
41,45492,639,338,290,123,1,-1,-1,-1
41,45483,0,363,25,7,1,-1,-1,-1
41,45482,1225,368,41,15,1,-1,-1,-1
41,45480,323,382,177,67,1,-1,-1,-1
41,45477,157,366,43,6,1,-1,-1,-1
41,45475,1101,365,61,9,1,-1,-1,-1
41,45465,1252,366,20,19,1,-1,-1,-1
41,45455,137,380,77,87,1,-1,-1,-1
41,45448,640,362,4,10,1,-1,-1,-1
42,45502,434,359,40,13,1,-1,-1,-1
42,45498,154,359,44,13,1,-1,-1,-1
42,45495,278,355,66,17,1,-1,-1,-1
42,45492,639,337,296,126,1,-1,-1,-1
42,45483,0,363,18,8,1,-1,-1,-1
42,45482,1208,368,62,15,1,-1,-1,-1
42,45480,303,382,182,68,1,-1,-1,-1
42,45477,157,365,42,7,1,-1,-1,-1
42,45475,1108,365,57,9,1,-1,-1,-1
42,45465,1255,366,24,20,1,-1,-1,-1
42,45455,127,380,79,89,1,-1,-1,-1
42,45448,642,362,2,10,1,-1,-1,-1
43,45502,433,359,38,12,1,-1,-1,-1
43,45498,152,359,33,12,1,-1,-1,-1
43,45495,275,355,67,16,1,-1,-1,-1
43,45492,640,337,300,128,1,-1,-1,-1
43,45483,7,363,35,8,1,-1,-1,-1
43,45482,1211,368,54,15,1,-1,-1,-1
43,45480,282,382,187,68,1,-1,-1,-1
43,45477,176,364,25,7,1,-1,-1,-1
43,45475,1112,365,28,8,1,-1,-1,-1
43,45465,1259,366,20,19,1,-1,-1,-1
43,45455,112,380,86,95,1,-1,-1,-1
43,45448,641,365,3,7,1,-1,-1,-1
44,45502,423,359,46,12,1,-1,-1,-1
44,45498,139,359,44,12,1,-1,-1,-1
44,45495,272,355,68,16,1,-1,-1,-1
44,45492,640,336,306,131,1,-1,-1,-1
44,45483,6,366,38,5,1,-1,-1,-1
44,45482,1214,367,55,15,1,-1,-1,-1
44,45480,259,382,194,68,1,-1,-1,-1
44,45477,172,364,30,7,1,-1,-1,-1
44,45475,1118,365,64,8,1,-1,-1,-1
44,45465,1263,365,16,21,1,-1,-1,-1
44,45455,106,380,83,92,1,-1,-1,-1
44,45450,310,368,4,3,1,-1,-1,-1
45,45502,421,358,45,13,1,-1,-1,-1
45,45498,137,358,45,9,1,-1,-1,-1
45,45495,272,354,65,17,1,-1,-1,-1
45,45492,640,335,311,134,1,-1,-1,-1
45,45483,29,365,18,6,1,-1,-1,-1
45,45482,1218,367,54,15,1,-1,-1,-1
45,45480,236,382,200,68,1,-1,-1,-1
45,45477,168,364,34,7,1,-1,-1,-1
45,45475,1130,365,57,8,1,-1,-1,-1
45,45465,1268,369,11,16,1,-1,-1,-1
45,45455,96,381,84,91,1,-1,-1,-1
45,45450,305,363,9,8,1,-1,-1,-1
46,45502,417,359,47,12,1,-1,-1,-1
46,45498,135,359,45,5,1,-1,-1,-1
46,45495,269,354,65,17,1,-1,-1,-1
46,45492,640,335,317,136,1,-1,-1,-1
46,45483,15,363,30,8,1,-1,-1,-1
46,45482,1205,367,71,15,1,-1,-1,-1
46,45480,212,382,206,69,1,-1,-1,-1
46,45477,164,364,38,7,1,-1,-1,-1
46,45475,1132,365,59,9,1,-1,-1,-1
46,45465,1273,372,6,13,1,-1,-1,-1
46,45455,85,381,86,93,1,-1,-1,-1
46,45450,305,363,10,8,1,-1,-1,-1
47,45502,414,359,47,12,1,-1,-1,-1
47,45498,133,359,44,9,1,-1,-1,-1
47,45495,269,355,62,16,1,-1,-1,-1
47,45492,640,335,322,139,1,-1,-1,-1
47,45483,9,363,34,8,1,-1,-1,-1
47,45482,1205,367,72,14,1,-1,-1,-1
47,45480,187,383,212,69,1,-1,-1,-1
47,45477,161,364,42,7,1,-1,-1,-1
47,45475,1135,365,60,9,1,-1,-1,-1
47,45455,73,382,89,95,1,-1,-1,-1
47,45450,307,363,7,8,1,-1,-1,-1
48,45502,411,359,47,12,1,-1,-1,-1
48,45498,122,359,51,12,1,-1,-1,-1
48,45495,266,355,62,16,1,-1,-1,-1
48,45492,639,334,329,142,1,-1,-1,-1
48,45483,2,362,50,9,1,-1,-1,-1
48,45482,1206,367,72,13,1,-1,-1,-1
48,45480,161,383,219,70,1,-1,-1,-1
48,45477,160,364,40,7,1,-1,-1,-1
48,45475,1137,365,61,9,1,-1,-1,-1
48,45455,62,382,90,98,1,-1,-1,-1
48,45450,308,363,5,8,1,-1,-1,-1
48,45448,657,361,7,11,1,-1,-1,-1
49,45502,408,358,42,13,1,-1,-1,-1
49,45498,119,358,51,13,1,-1,-1,-1
49,45495,256,354,61,17,1,-1,-1,-1
49,45492,638,333,335,146,1,-1,-1,-1
49,45483,1,362,37,9,1,-1,-1,-1
49,45482,1206,367,49,8,1,-1,-1,-1
49,45480,134,383,226,71,1,-1,-1,-1
49,45477,160,364,35,7,1,-1,-1,-1
49,45475,1139,365,41,8,1,-1,-1,-1
49,45455,50,382,93,100,1,-1,-1,-1
49,45450,308,366,3,5,1,-1,-1,-1
50,45502,405,357,43,13,1,-1,-1,-1
50,45498,127,357,39,13,1,-1,-1,-1
50,45495,253,353,63,17,1,-1,-1,-1
50,45492,638,332,340,148,1,-1,-1,-1
50,45483,1,361,35,9,1,-1,-1,-1
50,45482,1211,366,47,9,1,-1,-1,-1
50,45480,107,383,233,71,1,-1,-1,-1
50,45477,161,363,30,7,1,-1,-1,-1
50,45475,1141,364,44,8,1,-1,-1,-1
50,45455,40,382,94,102,1,-1,-1,-1
50,45448,661,360,7,11,1,-1,-1,-1
51,45502,402,357,45,13,1,-1,-1,-1
51,45498,115,357,48,13,1,-1,-1,-1
51,45495,249,353,65,17,1,-1,-1,-1
51,45492,636,330,346,152,1,-1,-1,-1
51,45483,1,360,58,10,1,-1,-1,-1
51,45482,1215,365,46,9,1,-1,-1,-1
51,45480,81,382,238,73,1,-1,-1,-1
51,45477,162,362,25,8,1,-1,-1,-1
51,45475,1143,363,46,9,1,-1,-1,-1
51,45455,30,382,96,104,1,-1,-1,-1
52,45502,399,356,47,13,1,-1,-1,-1
52,45498,111,356,49,13,1,-1,-1,-1
52,45495,245,352,68,17,1,-1,-1,-1
52,45492,635,329,351,155,1,-1,-1,-1
52,45483,2,360,57,9,1,-1,-1,-1
52,45482,1222,365,42,8,1,-1,-1,-1
52,45480,64,382,234,73,1,-1,-1,-1
52,45477,163,361,44,8,1,-1,-1,-1
52,45475,1147,363,45,8,1,-1,-1,-1
52,45455,21,381,98,106,1,-1,-1,-1
52,45448,666,365,7,5,1,-1,-1,-1
53,45502,398,355,46,13,1,-1,-1,-1
53,45498,109,355,48,13,1,-1,-1,-1
53,45495,242,351,70,17,1,-1,-1,-1
53,45492,633,328,356,158,1,-1,-1,-1
53,45483,12,359,45,9,1,-1,-1,-1
53,45482,1225,364,42,9,1,-1,-1,-1
53,45480,28,381,248,74,1,-1,-1,-1
53,45477,164,361,44,7,1,-1,-1,-1
53,45475,1152,362,42,9,1,-1,-1,-1
53,45455,13,381,100,108,1,-1,-1,-1
53,45448,666,358,7,11,1,-1,-1,-1
54,45502,398,355,42,13,1,-1,-1,-1
54,45498,107,355,46,13,1,-1,-1,-1
54,45495,238,351,71,17,1,-1,-1,-1
54,45492,631,327,361,160,1,-1,-1,-1
54,45483,11,359,45,9,1,-1,-1,-1
54,45482,1230,364,39,8,1,-1,-1,-1
54,45480,0,381,255,75,1,-1,-1,-1
54,45475,1154,362,42,8,1,-1,-1,-1
54,45455,7,381,101,109,1,-1,-1,-1
54,45450,321,359,3,9,1,-1,-1,-1
54,45448,666,358,7,11,1,-1,-1,-1
55,45502,389,354,49,13,1,-1,-1,-1
55,45498,105,354,44,13,1,-1,-1,-1
55,45495,235,350,71,17,1,-1,-1,-1
55,45492,629,326,366,163,1,-1,-1,-1
55,45483,8,359,47,8,1,-1,-1,-1
55,45482,1244,363,27,9,1,-1,-1,-1
55,45480,0,381,233,75,1,-1,-1,-1
55,45475,1158,361,40,9,1,-1,-1,-1
55,45455,2,381,103,111,1,-1,-1,-1
55,45450,320,359,6,8,1,-1,-1,-1
55,45448,667,357,6,11,1,-1,-1,-1
56,45502,386,354,48,13,1,-1,-1,-1
56,45498,103,354,43,13,1,-1,-1,-1
56,45495,232,350,71,17,1,-1,-1,-1
56,45492,627,326,370,165,1,-1,-1,-1
56,45483,9,358,44,9,1,-1,-1,-1
56,45482,1246,363,26,9,1,-1,-1,-1
56,45480,0,381,211,76,1,-1,-1,-1
56,45477,193,362,20,5,1,-1,-1,-1
56,45475,1161,361,39,9,1,-1,-1,-1
56,45455,0,381,105,113,1,-1,-1,-1
56,45450,319,359,9,8,1,-1,-1,-1
56,45448,668,357,7,11,1,-1,-1,-1
57,45502,383,354,49,13,1,-1,-1,-1
57,45498,101,354,35,13,1,-1,-1,-1
57,45495,228,350,71,17,1,-1,-1,-1
57,45492,624,325,374,168,1,-1,-1,-1
57,45483,34,358,18,9,1,-1,-1,-1
57,45482,1247,363,23,8,1,-1,-1,-1
57,45480,0,381,189,77,1,-1,-1,-1
57,45477,190,360,24,7,1,-1,-1,-1
57,45475,1164,361,36,8,1,-1,-1,-1
57,45455,0,381,104,114,1,-1,-1,-1
57,45450,320,358,6,9,1,-1,-1,-1
57,45448,670,359,15,9,1,-1,-1,-1
58,45502,379,352,48,13,1,-1,-1,-1
58,45498,98,352,35,13,1,-1,-1,-1
58,45495,226,348,69,17,1,-1,-1,-1
58,45492,620,323,376,169,1,-1,-1,-1
58,45483,31,355,18,10,1,-1,-1,-1
58,45482,1246,362,19,7,1,-1,-1,-1
58,45480,0,379,167,77,1,-1,-1,-1
58,45477,187,357,28,8,1,-1,-1,-1
58,45475,1166,359,33,8,1,-1,-1,-1
58,45455,0,379,106,115,1,-1,-1,-1
58,45450,320,360,4,5,1,-1,-1,-1
58,45448,671,361,15,5,1,-1,-1,-1
59,45502,376,349,49,13,1,-1,-1,-1
59,45498,98,349,35,13,1,-1,-1,-1
59,45495,226,345,66,17,1,-1,-1,-1
59,45492,617,320,377,171,1,-1,-1,-1
59,45483,30,353,19,9,1,-1,-1,-1
59,45482,1246,361,16,5,1,-1,-1,-1
59,45480,0,376,148,77,1,-1,-1,-1
59,45477,186,355,31,7,1,-1,-1,-1
59,45475,1167,356,32,9,1,-1,-1,-1
59,45455,6,377,106,115,1,-1,-1,-1
59,45448,672,358,13,5,1,-1,-1,-1
60,45502,373,349,49,14,1,-1,-1,-1
60,45498,98,350,34,13,1,-1,-1,-1
60,45495,217,345,72,18,1,-1,-1,-1
60,45492,614,320,377,172,1,-1,-1,-1
60,45483,31,353,18,10,1,-1,-1,-1
60,45480,0,377,129,77,1,-1,-1,-1
60,45477,186,355,31,8,1,-1,-1,-1
60,45475,1180,357,20,8,1,-1,-1,-1
60,45455,13,377,106,115,1,-1,-1,-1
60,45448,681,353,5,10,1,-1,-1,-1
61,45502,370,351,44,14,1,-1,-1,-1
61,45498,97,351,31,14,1,-1,-1,-1
61,45495,214,347,72,18,1,-1,-1,-1
61,45492,610,322,379,173,1,-1,-1,-1
61,45483,30,355,18,10,1,-1,-1,-1
61,45480,0,379,109,77,1,-1,-1,-1
61,45477,186,357,31,8,1,-1,-1,-1
61,45475,1180,358,20,9,1,-1,-1,-1
61,45455,16,379,106,115,1,-1,-1,-1
61,45448,682,354,6,11,1,-1,-1,-1
62,45502,368,353,46,14,1,-1,-1,-1
62,45498,97,354,28,13,1,-1,-1,-1
62,45495,214,349,69,18,1,-1,-1,-1
62,45492,607,324,381,174,1,-1,-1,-1
62,45483,30,357,18,10,1,-1,-1,-1
62,45480,0,381,89,63,1,-1,-1,-1
62,45477,186,359,31,8,1,-1,-1,-1
62,45475,1181,361,20,8,1,-1,-1,-1
62,45455,14,382,106,115,1,-1,-1,-1
62,45448,684,356,3,8,1,-1,-1,-1
63,45502,366,355,46,14,1,-1,-1,-1
63,45498,97,356,8,13,1,-1,-1,-1
63,45495,215,351,65,18,1,-1,-1,-1
63,45492,603,325,384,176,1,-1,-1,-1
63,45483,31,359,18,10,1,-1,-1,-1
63,45480,0,387,69,61,1,-1,-1,-1
63,45477,186,361,42,8,1,-1,-1,-1
63,45475,1182,362,20,9,1,-1,-1,-1
63,45455,13,384,107,116,1,-1,-1,-1
64,45502,367,357,43,13,1,-1,-1,-1
64,45495,213,353,64,17,1,-1,-1,-1
64,45492,599,326,387,178,1,-1,-1,-1
64,45483,30,361,19,9,1,-1,-1,-1
64,45480,0,394,39,56,1,-1,-1,-1
64,45477,186,363,45,7,1,-1,-1,-1
64,45475,1183,364,67,10,1,-1,-1,-1
64,45455,15,385,107,117,1,-1,-1,-1
65,45502,367,358,41,14,1,-1,-1,-1
65,45495,210,354,64,18,1,-1,-1,-1
65,45492,595,328,390,180,1,-1,-1,-1
65,45483,31,362,18,10,1,-1,-1,-1
65,45480,0,402,28,48,1,-1,-1,-1
65,45477,190,364,45,8,1,-1,-1,-1
65,45475,1187,365,68,10,1,-1,-1,-1
65,45455,18,387,108,118,1,-1,-1,-1
66,45502,358,359,47,14,1,-1,-1,-1
66,45495,207,355,64,18,1,-1,-1,-1
66,45492,591,328,394,183,1,-1,-1,-1
66,45483,31,363,18,10,1,-1,-1,-1
66,45482,1171,368,32,6,1,-1,-1,-1
66,45477,200,365,39,8,1,-1,-1,-1
66,45475,1192,367,68,9,1,-1,-1,-1
66,45455,21,388,109,119,1,-1,-1,-1
67,45502,354,359,47,14,1,-1,-1,-1
67,45495,198,355,68,18,1,-1,-1,-1
67,45492,585,328,397,185,1,-1,-1,-1
67,45483,28,363,19,10,1,-1,-1,-1
67,45482,1170,367,34,7,1,-1,-1,-1
67,45477,198,365,40,8,1,-1,-1,-1
67,45475,1192,366,68,10,1,-1,-1,-1
67,45455,20,388,110,119,1,-1,-1,-1
67,45450,345,364,4,9,1,-1,-1,-1
68,45502,351,357,50,13,1,-1,-1,-1
68,45495,188,353,74,17,1,-1,-1,-1
68,45492,580,325,398,187,1,-1,-1,-1
68,45483,28,361,18,9,1,-1,-1,-1
68,45482,1171,365,35,7,1,-1,-1,-1
68,45477,198,363,39,7,1,-1,-1,-1
68,45475,1194,364,69,10,1,-1,-1,-1
68,45455,19,386,110,119,1,-1,-1,-1
68,45450,345,361,6,9,1,-1,-1,-1
69,45502,349,356,48,13,1,-1,-1,-1
69,45495,185,351,73,18,1,-1,-1,-1
69,45492,575,324,399,188,1,-1,-1,-1
69,45483,29,360,17,9,1,-1,-1,-1
69,45482,1171,364,35,7,1,-1,-1,-1
69,45477,203,361,34,8,1,-1,-1,-1
69,45475,1196,363,70,10,1,-1,-1,-1
69,45455,20,384,111,120,1,-1,-1,-1
69,45450,345,360,9,9,1,-1,-1,-1
70,45502,345,356,49,13,1,-1,-1,-1
70,45495,181,351,74,18,1,-1,-1,-1
70,45492,569,324,401,189,1,-1,-1,-1
70,45483,29,360,17,9,1,-1,-1,-1
70,45482,1171,364,35,7,1,-1,-1,-1
70,45477,206,361,31,8,1,-1,-1,-1
70,45475,1199,364,68,9,1,-1,-1,-1
70,45455,25,384,110,120,1,-1,-1,-1
70,45450,346,360,10,9,1,-1,-1,-1
71,45502,345,356,41,13,1,-1,-1,-1
71,45495,179,352,72,17,1,-1,-1,-1
71,45492,564,324,402,191,1,-1,-1,-1
71,45483,29,360,17,9,1,-1,-1,-1
71,45482,1171,364,32,8,1,-1,-1,-1
71,45477,210,362,27,7,1,-1,-1,-1
71,45475,1202,365,70,9,1,-1,-1,-1
71,45455,31,384,110,121,1,-1,-1,-1
71,45450,349,361,8,8,1,-1,-1,-1
72,45502,344,356,41,14,1,-1,-1,-1
72,45498,31,357,15,8,1,-1,-1,-1
72,45495,179,352,69,18,1,-1,-1,-1
72,45492,558,324,404,192,1,-1,-1,-1
72,45483,30,361,16,9,1,-1,-1,-1
72,45482,1144,365,60,7,1,-1,-1,-1
72,45477,213,362,24,8,1,-1,-1,-1
72,45475,1204,366,70,8,1,-1,-1,-1
72,45455,37,385,111,120,1,-1,-1,-1
72,45450,351,361,6,9,1,-1,-1,-1
73,45502,344,357,40,13,1,-1,-1,-1
73,45498,29,357,17,13,1,-1,-1,-1
73,45495,179,353,65,17,1,-1,-1,-1
73,45492,552,324,406,194,1,-1,-1,-1
73,45483,32,361,14,9,1,-1,-1,-1
73,45482,1140,365,66,8,1,-1,-1,-1
73,45477,226,363,36,7,1,-1,-1,-1
73,45475,1218,367,60,8,1,-1,-1,-1
73,45455,44,386,110,120,1,-1,-1,-1
73,45450,352,362,5,8,1,-1,-1,-1
74,45502,344,358,36,13,1,-1,-1,-1
74,45498,28,357,21,14,1,-1,-1,-1
74,45495,179,353,62,18,1,-1,-1,-1
74,45492,546,325,407,195,1,-1,-1,-1
74,45483,34,362,12,9,1,-1,-1,-1
74,45477,226,363,39,8,1,-1,-1,-1
74,45475,1218,366,61,9,1,-1,-1,-1
74,45455,50,386,111,120,1,-1,-1,-1
75,45502,344,358,33,13,1,-1,-1,-1
75,45498,28,358,18,13,1,-1,-1,-1
75,45495,178,354,59,17,1,-1,-1,-1
75,45492,539,325,410,197,1,-1,-1,-1
75,45477,226,364,43,7,1,-1,-1,-1
75,45475,1218,366,61,10,1,-1,-1,-1
75,45455,54,387,111,119,1,-1,-1,-1
76,45502,344,358,29,13,1,-1,-1,-1
76,45498,18,358,31,13,1,-1,-1,-1
76,45495,173,354,61,17,1,-1,-1,-1
76,45492,533,325,411,199,1,-1,-1,-1
76,45482,1133,367,58,7,1,-1,-1,-1
76,45477,228,364,44,7,1,-1,-1,-1
76,45475,1218,366,61,10,1,-1,-1,-1
76,45455,54,387,111,120,1,-1,-1,-1
76,45450,366,363,3,8,1,-1,-1,-1
77,45502,319,359,51,13,1,-1,-1,-1
77,45498,15,358,34,14,1,-1,-1,-1
77,45495,156,354,75,18,1,-1,-1,-1
77,45492,526,325,414,201,1,-1,-1,-1
77,45483,42,364,58,8,1,-1,-1,-1
77,45482,1133,368,41,5,1,-1,-1,-1
77,45477,231,366,41,6,1,-1,-1,-1
77,45475,1255,366,24,10,1,-1,-1,-1
77,45455,54,388,111,119,1,-1,-1,-1
77,45450,366,363,3,9,1,-1,-1,-1
78,45502,316,359,41,13,1,-1,-1,-1
78,45498,11,359,35,13,1,-1,-1,-1
78,45495,152,355,75,17,1,-1,-1,-1
78,45492,519,325,416,203,1,-1,-1,-1
78,45482,1115,367,59,7,1,-1,-1,-1
78,45477,234,365,38,7,1,-1,-1,-1
78,45475,1255,367,24,10,1,-1,-1,-1
78,45455,54,388,111,119,1,-1,-1,-1
78,45450,367,363,7,9,1,-1,-1,-1
79,45502,315,359,42,13,1,-1,-1,-1
79,45498,8,359,38,13,1,-1,-1,-1
79,45495,149,355,74,17,1,-1,-1,-1
79,45492,512,325,418,205,1,-1,-1,-1
79,45477,237,365,44,7,1,-1,-1,-1
79,45475,1255,367,24,10,1,-1,-1,-1
79,45455,54,388,111,122,1,-1,-1,-1
79,45454,922,364,8,9,1,-1,-1,-1
79,45450,367,364,8,8,1,-1,-1,-1
80,45502,314,359,43,13,1,-1,-1,-1
80,45498,3,359,46,13,1,-1,-1,-1
80,45495,146,355,74,17,1,-1,-1,-1
80,45492,504,324,421,208,1,-1,-1,-1
80,45482,1105,367,40,6,1,-1,-1,-1
80,45477,260,365,24,7,1,-1,-1,-1
80,45475,1255,367,24,10,1,-1,-1,-1
80,45455,54,388,111,124,1,-1,-1,-1
80,45454,923,364,11,9,1,-1,-1,-1
80,45450,368,364,11,8,1,-1,-1,-1
81,45502,314,359,42,13,1,-1,-1,-1
81,45498,0,359,47,13,1,-1,-1,-1
81,45495,142,355,74,17,1,-1,-1,-1
81,45492,496,324,424,210,1,-1,-1,-1
81,45482,1099,367,46,7,1,-1,-1,-1
81,45477,260,365,26,7,1,-1,-1,-1
81,45475,1255,367,24,10,1,-1,-1,-1
81,45455,54,388,111,125,1,-1,-1,-1
81,45454,927,364,11,9,1,-1,-1,-1
81,45450,372,364,8,8,1,-1,-1,-1
82,45502,314,359,38,14,1,-1,-1,-1
82,45498,0,359,46,14,1,-1,-1,-1
82,45495,140,355,73,18,1,-1,-1,-1
82,45492,488,324,427,212,1,-1,-1,-1
82,45482,1099,367,46,7,1,-1,-1,-1
82,45477,260,365,29,8,1,-1,-1,-1
82,45475,1255,367,24,10,1,-1,-1,-1
82,45455,54,388,111,125,1,-1,-1,-1
82,45454,929,364,11,9,1,-1,-1,-1
82,45450,374,364,8,9,1,-1,-1,-1
83,45502,299,359,51,14,1,-1,-1,-1
83,45498,0,359,45,14,1,-1,-1,-1
83,45495,140,355,69,18,1,-1,-1,-1
83,45492,479,324,430,215,1,-1,-1,-1
83,45482,1099,367,46,7,1,-1,-1,-1
83,45477,260,365,31,8,1,-1,-1,-1
83,45475,1255,367,24,10,1,-1,-1,-1
83,45455,54,388,111,125,1,-1,-1,-1
83,45454,932,364,9,9,1,-1,-1,-1
83,45450,377,364,8,9,1,-1,-1,-1
84,45502,295,359,51,14,1,-1,-1,-1
84,45498,0,359,41,14,1,-1,-1,-1
84,45495,130,355,76,18,1,-1,-1,-1
84,45492,470,323,434,218,1,-1,-1,-1
84,45482,1099,367,45,7,1,-1,-1,-1
84,45477,260,365,33,8,1,-1,-1,-1
84,45475,1255,367,24,10,1,-1,-1,-1
84,45455,54,388,111,125,1,-1,-1,-1
84,45454,937,366,4,8,1,-1,-1,-1
84,45450,378,364,7,9,1,-1,-1,-1
85,45502,292,359,42,14,1,-1,-1,-1
85,45498,0,359,37,14,1,-1,-1,-1
85,45495,128,355,74,18,1,-1,-1,-1
85,45492,460,323,438,221,1,-1,-1,-1
85,45482,1099,367,38,7,1,-1,-1,-1
85,45477,260,365,34,8,1,-1,-1,-1
85,45475,1255,367,24,10,1,-1,-1,-1
85,45455,54,388,111,125,1,-1,-1,-1
85,45454,939,368,2,6,1,-1,-1,-1
85,45450,380,364,6,9,1,-1,-1,-1
86,45502,289,359,44,14,1,-1,-1,-1
86,45498,0,359,32,14,1,-1,-1,-1
86,45495,123,355,75,18,1,-1,-1,-1
86,45492,450,323,442,224,1,-1,-1,-1
86,45483,100,368,21,5,1,-1,-1,-1
86,45482,1099,367,35,7,1,-1,-1,-1
86,45477,260,365,36,8,1,-1,-1,-1
86,45475,1255,367,24,10,1,-1,-1,-1
86,45455,54,388,111,125,1,-1,-1,-1
86,45454,950,364,3,10,1,-1,-1,-1
86,45450,382,365,4,8,1,-1,-1,-1
87,45502,286,359,41,14,1,-1,-1,-1
87,45498,0,359,29,14,1,-1,-1,-1
87,45495,121,355,74,18,1,-1,-1,-1
87,45492,440,322,446,228,1,-1,-1,-1
87,45483,100,368,23,5,1,-1,-1,-1
87,45482,1099,367,19,7,1,-1,-1,-1
87,45477,260,365,38,8,1,-1,-1,-1
87,45475,1255,368,24,9,1,-1,-1,-1
87,45455,54,388,111,125,1,-1,-1,-1
87,45454,950,364,6,10,1,-1,-1,-1
87,45450,385,371,9,2,1,-1,-1,-1
88,45502,285,359,42,14,1,-1,-1,-1
88,45495,121,355,70,18,1,-1,-1,-1
88,45492,428,322,452,231,1,-1,-1,-1
88,45483,100,368,25,5,1,-1,-1,-1
88,45482,1099,367,19,7,1,-1,-1,-1
88,45477,260,365,39,8,1,-1,-1,-1
88,45475,1255,368,24,9,1,-1,-1,-1
88,45455,54,388,111,125,1,-1,-1,-1
88,45454,950,364,9,10,1,-1,-1,-1
89,45502,282,359,45,14,1,-1,-1,-1
89,45495,121,355,67,18,1,-1,-1,-1
89,45492,416,321,457,236,1,-1,-1,-1
89,45483,100,368,26,5,1,-1,-1,-1
89,45482,1059,367,59,7,1,-1,-1,-1
89,45477,260,365,41,8,1,-1,-1,-1
89,45475,1255,368,24,9,1,-1,-1,-1
89,45455,54,388,111,125,1,-1,-1,-1
89,45454,951,364,12,10,1,-1,-1,-1
89,45450,394,364,4,9,1,-1,-1,-1
90,45502,281,359,42,14,1,-1,-1,-1
90,45495,121,355,64,18,1,-1,-1,-1
90,45492,403,320,464,240,1,-1,-1,-1
90,45483,100,368,28,5,1,-1,-1,-1
90,45477,260,365,41,8,1,-1,-1,-1
90,45475,1257,368,22,9,1,-1,-1,-1
90,45467,1270,365,9,5,1,-1,-1,-1
90,45455,54,388,111,125,1,-1,-1,-1
90,45454,954,364,9,10,1,-1,-1,-1
90,45450,394,364,6,9,1,-1,-1,-1
91,45502,281,360,39,13,1,-1,-1,-1
91,45495,121,355,60,18,1,-1,-1,-1
91,45492,388,320,472,245,1,-1,-1,-1
91,45483,100,368,30,5,1,-1,-1,-1
91,45477,261,365,40,8,1,-1,-1,-1
91,45475,1260,369,19,8,1,-1,-1,-1
91,45467,1267,365,12,6,1,-1,-1,-1
91,45455,54,388,111,125,1,-1,-1,-1
91,45454,957,364,12,10,1,-1,-1,-1
91,45450,394,364,6,9,1,-1,-1,-1
92,45502,271,360,48,13,1,-1,-1,-1
92,45495,121,355,57,18,1,-1,-1,-1
92,45492,373,319,479,250,1,-1,-1,-1
92,45483,100,368,31,5,1,-1,-1,-1
92,45477,262,365,39,8,1,-1,-1,-1
92,45475,1263,370,16,7,1,-1,-1,-1
92,45467,1265,365,13,7,1,-1,-1,-1
92,45455,54,388,111,125,1,-1,-1,-1
92,45454,960,364,9,10,1,-1,-1,-1
92,45450,395,367,6,6,1,-1,-1,-1
93,45502,265,360,51,13,1,-1,-1,-1
93,45495,121,355,54,18,1,-1,-1,-1
93,45492,357,318,488,256,1,-1,-1,-1
93,45483,100,368,31,5,1,-1,-1,-1
93,45477,264,365,37,8,1,-1,-1,-1
93,45467,1262,365,12,12,1,-1,-1,-1
93,45455,54,388,111,125,1,-1,-1,-1
93,45454,963,364,8,10,1,-1,-1,-1
93,45450,398,368,3,5,1,-1,-1,-1
94,45502,261,360,40,13,1,-1,-1,-1
94,45495,121,355,50,18,1,-1,-1,-1
94,45492,340,317,497,263,1,-1,-1,-1
94,45483,100,367,31,6,1,-1,-1,-1
94,45482,1040,368,20,6,1,-1,-1,-1
94,45477,266,365,35,8,1,-1,-1,-1
94,45467,1259,365,14,12,1,-1,-1,-1
94,45455,54,388,111,125,1,-1,-1,-1
94,45454,967,366,4,8,1,-1,-1,-1
95,45502,260,360,41,13,1,-1,-1,-1
95,45495,121,355,47,18,1,-1,-1,-1
95,45492,321,316,508,270,1,-1,-1,-1
95,45483,100,367,31,6,1,-1,-1,-1
95,45482,1040,367,20,7,1,-1,-1,-1
95,45477,267,365,34,8,1,-1,-1,-1
95,45467,1256,365,16,12,1,-1,-1,-1
95,45455,54,388,111,125,1,-1,-1,-1
96,45502,260,359,41,14,1,-1,-1,-1
96,45495,121,355,45,18,1,-1,-1,-1
96,45492,300,316,520,276,1,-1,-1,-1
96,45483,100,366,31,7,1,-1,-1,-1
96,45482,1028,367,32,7,1,-1,-1,-1
96,45477,269,365,32,8,1,-1,-1,-1
96,45467,1255,365,17,12,1,-1,-1,-1
96,45455,54,388,111,125,1,-1,-1,-1
97,45502,257,359,44,14,1,-1,-1,-1
97,45495,121,355,42,18,1,-1,-1,-1
97,45492,278,314,533,286,1,-1,-1,-1
97,45483,100,365,40,8,1,-1,-1,-1
97,45482,1023,367,37,7,1,-1,-1,-1
97,45477,271,365,30,8,1,-1,-1,-1
97,45467,1255,365,15,12,1,-1,-1,-1
97,45455,54,388,111,125,1,-1,-1,-1
97,45448,803,369,6,5,1,-1,-1,-1
98,45502,255,359,44,14,1,-1,-1,-1
98,45495,99,355,62,18,1,-1,-1,-1
98,45492,253,313,549,295,1,-1,-1,-1
98,45483,100,365,42,8,1,-1,-1,-1
98,45482,1019,367,41,7,1,-1,-1,-1
98,45477,281,365,35,8,1,-1,-1,-1
98,45467,1255,365,12,12,1,-1,-1,-1
98,45455,54,388,111,125,1,-1,-1,-1
98,45448,801,363,12,11,1,-1,-1,-1
99,45502,255,359,41,14,1,-1,-1,-1
99,45495,97,355,62,18,1,-1,-1,-1
99,45492,226,312,566,306,1,-1,-1,-1
99,45483,100,364,43,9,1,-1,-1,-1
99,45482,1016,367,44,7,1,-1,-1,-1
99,45477,281,365,37,8,1,-1,-1,-1
99,45467,1255,366,10,11,1,-1,-1,-1
99,45455,54,388,111,125,1,-1,-1,-1
99,45448,803,363,8,11,1,-1,-1,-1
100,45502,255,359,39,14,1,-1,-1,-1
100,45495,95,355,62,18,1,-1,-1,-1
100,45492,197,310,585,318,1,-1,-1,-1
100,45483,100,364,45,9,1,-1,-1,-1
100,45482,1011,367,49,7,1,-1,-1,-1
100,45477,281,365,38,8,1,-1,-1,-1
100,45467,1255,368,7,9,1,-1,-1,-1
100,45455,54,388,111,125,1,-1,-1,-1
100,45448,806,363,7,11,1,-1,-1,-1
101,45502,255,359,38,14,1,-1,-1,-1
101,45495,95,355,60,18,1,-1,-1,-1
101,45492,164,309,608,331,1,-1,-1,-1
101,45483,100,364,47,9,1,-1,-1,-1
101,45482,1011,367,49,7,1,-1,-1,-1
101,45477,281,365,38,8,1,-1,-1,-1
101,45455,54,388,111,125,1,-1,-1,-1
101,45448,810,370,3,4,1,-1,-1,-1
102,45502,255,359,37,14,1,-1,-1,-1
102,45495,95,355,58,18,1,-1,-1,-1
102,45492,127,307,634,346,1,-1,-1,-1
102,45483,100,364,49,9,1,-1,-1,-1
102,45482,1011,367,49,7,1,-1,-1,-1
102,45477,281,365,38,8,1,-1,-1,-1
102,45455,54,388,98,125,1,-1,-1,-1
103,45502,255,359,36,14,1,-1,-1,-1
103,45495,94,355,58,18,1,-1,-1,-1
103,45492,86,305,664,363,1,-1,-1,-1
103,45483,100,364,51,9,1,-1,-1,-1
103,45482,1011,367,45,7,1,-1,-1,-1
103,45477,283,365,18,8,1,-1,-1,-1
103,45455,54,388,98,125,1,-1,-1,-1
104,45502,244,359,45,14,1,-1,-1,-1
104,45495,94,355,56,15,1,-1,-1,-1
104,45492,39,303,699,383,1,-1,-1,-1
104,45483,100,364,53,9,1,-1,-1,-1
104,45482,1011,367,41,7,1,-1,-1,-1
104,45455,60,388,92,86,1,-1,-1,-1
105,45502,237,359,50,13,1,-1,-1,-1
105,45495,94,355,54,14,1,-1,-1,-1
105,45492,0,300,726,407,1,-1,-1,-1
105,45483,100,364,55,9,1,-1,-1,-1
105,45482,1011,367,36,7,1,-1,-1,-1
105,45455,62,388,90,74,1,-1,-1,-1
106,45495,94,355,53,13,1,-1,-1,-1
106,45492,0,297,714,422,1,-1,-1,-1
106,45483,100,364,56,9,1,-1,-1,-1
106,45482,1011,367,32,7,1,-1,-1,-1
106,45455,62,388,77,68,1,-1,-1,-1
107,45495,94,355,51,15,1,-1,-1,-1
107,45492,0,294,700,425,1,-1,-1,-1
107,45483,100,364,56,9,1,-1,-1,-1
107,45482,1011,367,19,7,1,-1,-1,-1
107,45455,62,388,52,64,1,-1,-1,-1
107,45454,1010,364,3,10,1,-1,-1,-1
108,45495,94,355,49,18,1,-1,-1,-1
108,45492,0,290,686,429,1,-1,-1,-1
108,45483,121,364,21,9,1,-1,-1,-1
108,45482,1012,367,18,7,1,-1,-1,-1
108,45454,1010,364,4,10,1,-1,-1,-1
109,45495,94,355,47,8,1,-1,-1,-1
109,45492,0,286,672,433,1,-1,-1,-1
109,45482,1011,367,19,7,1,-1,-1,-1
109,45454,1011,364,8,10,1,-1,-1,-1
110,45492,0,281,657,438,1,-1,-1,-1
110,45454,1011,364,10,10,1,-1,-1,-1
111,45492,0,275,641,444,1,-1,-1,-1
111,45467,1205,368,13,7,1,-1,-1,-1
111,45454,1013,364,10,10,1,-1,-1,-1
112,45492,0,268,624,451,1,-1,-1,-1
112,45467,1202,370,16,5,1,-1,-1,-1
112,45454,1016,364,12,10,1,-1,-1,-1
112,45448,862,369,5,5,1,-1,-1,-1
113,45492,0,258,606,461,1,-1,-1,-1
113,45467,1197,365,8,10,1,-1,-1,-1
113,45454,1019,364,10,10,1,-1,-1,-1
113,45448,862,363,9,11,1,-1,-1,-1
114,45492,0,246,585,473,1,-1,-1,-1
114,45486,573,355,12,21,1,-1,-1,-1
114,45467,1193,365,12,10,1,-1,-1,-1
114,45454,1021,364,9,10,1,-1,-1,-1
114,45448,863,363,12,11,1,-1,-1,-1
115,45492,0,240,562,479,1,-1,-1,-1
115,45486,549,355,36,25,1,-1,-1,-1
115,45482,951,369,19,5,1,-1,-1,-1
115,45467,1188,365,17,10,1,-1,-1,-1
115,45454,1024,364,7,10,1,-1,-1,-1
115,45448,863,363,15,11,1,-1,-1,-1
116,45492,0,238,537,481,1,-1,-1,-1
116,45486,523,355,62,25,1,-1,-1,-1
116,45482,950,367,20,7,1,-1,-1,-1
116,45467,1186,365,16,10,1,-1,-1,-1
116,45454,1027,366,4,8,1,-1,-1,-1
116,45448,867,363,14,11,1,-1,-1,-1
117,45492,0,237,510,482,1,-1,-1,-1
117,45486,514,355,64,25,1,-1,-1,-1
117,45482,950,367,20,7,1,-1,-1,-1
117,45467,1186,365,11,10,1,-1,-1,-1
117,45454,1029,369,11,4,1,-1,-1,-1
117,45448,870,363,11,11,1,-1,-1,-1
118,45492,0,236,480,483,1,-1,-1,-1
118,45486,512,355,62,24,1,-1,-1,-1
118,45482,939,367,31,7,1,-1,-1,-1
118,45467,1174,368,19,7,1,-1,-1,-1
118,45448,874,363,7,11,1,-1,-1,-1
119,45492,0,235,446,484,1,-1,-1,-1
119,45486,512,355,58,21,1,-1,-1,-1
119,45482,935,367,35,7,1,-1,-1,-1
119,45467,1171,370,17,5,1,-1,-1,-1
119,45454,1040,365,6,9,1,-1,-1,-1
119,45450,457,364,8,9,1,-1,-1,-1
119,45448,878,363,12,11,1,-1,-1,-1
120,45492,0,235,407,484,1,-1,-1,-1
120,45486,512,355,55,21,1,-1,-1,-1
120,45482,929,367,41,7,1,-1,-1,-1
120,45467,1171,365,3,9,1,-1,-1,-1
120,45454,1040,364,7,10,1,-1,-1,-1
120,45450,458,364,10,9,1,-1,-1,-1
120,45448,881,369,9,5,1,-1,-1,-1
121,45492,0,235,363,484,1,-1,-1,-1
121,45486,498,356,67,20,1,-1,-1,-1
121,45482,927,367,43,7,1,-1,-1,-1
121,45477,345,366,12,7,1,-1,-1,-1
121,45467,1171,368,3,7,1,-1,-1,-1
121,45454,1043,364,8,10,1,-1,-1,-1
121,45450,462,364,8,9,1,-1,-1,-1
122,45492,0,236,311,483,1,-1,-1,-1
122,45486,495,356,66,20,1,-1,-1,-1
122,45482,922,367,48,7,1,-1,-1,-1
122,45477,345,366,12,7,1,-1,-1,-1
122,45454,1043,364,9,10,1,-1,-1,-1
122,45450,463,364,7,9,1,-1,-1,-1
123,45502,212,360,32,13,1,-1,-1,-1
123,45492,0,237,251,482,1,-1,-1,-1
123,45486,490,356,64,17,1,-1,-1,-1
123,45482,920,368,50,6,1,-1,-1,-1
123,45477,345,366,23,7,1,-1,-1,-1
123,45454,1046,364,10,10,1,-1,-1,-1
123,45450,465,365,5,8,1,-1,-1,-1
124,45502,204,360,49,13,1,-1,-1,-1
124,45492,0,239,177,480,1,-1,-1,-1
124,45486,487,356,63,18,1,-1,-1,-1
124,45483,150,365,58,9,1,-1,-1,-1
124,45482,922,368,46,6,1,-1,-1,-1
124,45477,345,366,25,8,1,-1,-1,-1
124,45455,128,423,41,86,1,-1,-1,-1
124,45454,1047,365,12,9,1,-1,-1,-1
125,45502,202,361,43,13,1,-1,-1,-1
125,45495,29,356,70,18,1,-1,-1,-1
125,45492,0,241,29,478,1,-1,-1,-1
125,45486,487,356,58,18,1,-1,-1,-1
125,45483,154,365,58,9,1,-1,-1,-1
125,45482,921,368,44,7,1,-1,-1,-1
125,45477,345,366,28,8,1,-1,-1,-1
125,45467,1141,369,6,6,1,-1,-1,-1
125,45455,60,389,110,121,1,-1,-1,-1
125,45454,1050,365,10,10,1,-1,-1,-1
126,45502,201,361,46,13,1,-1,-1,-1
126,45495,28,357,71,17,1,-1,-1,-1
126,45486,487,357,55,17,1,-1,-1,-1
126,45483,180,365,35,9,1,-1,-1,-1
126,45482,921,369,40,6,1,-1,-1,-1
126,45477,345,367,30,7,1,-1,-1,-1
126,45467,1134,366,12,9,1,-1,-1,-1
126,45455,62,390,110,121,1,-1,-1,-1
126,45454,1053,366,8,9,1,-1,-1,-1
127,45502,200,361,45,14,1,-1,-1,-1
127,45495,17,357,79,18,1,-1,-1,-1
127,45486,487,357,52,18,1,-1,-1,-1
127,45483,180,365,37,10,1,-1,-1,-1
127,45482,923,369,33,6,1,-1,-1,-1
127,45477,345,367,31,8,1,-1,-1,-1
127,45467,1135,366,9,9,1,-1,-1,-1
127,45455,64,390,111,121,1,-1,-1,-1
127,45454,1056,366,6,9,1,-1,-1,-1
128,45502,198,362,46,13,1,-1,-1,-1
128,45495,16,358,33,17,1,-1,-1,-1
128,45486,469,357,65,18,1,-1,-1,-1
128,45483,178,366,38,9,1,-1,-1,-1
128,45482,922,369,31,7,1,-1,-1,-1
128,45477,345,367,34,8,1,-1,-1,-1
128,45467,1135,369,5,6,1,-1,-1,-1
128,45455,65,391,112,121,1,-1,-1,-1
128,45454,1058,369,4,7,1,-1,-1,-1
129,45502,197,362,45,13,1,-1,-1,-1
129,45495,15,358,34,17,1,-1,-1,-1
129,45486,466,358,64,17,1,-1,-1,-1
129,45483,177,366,49,9,1,-1,-1,-1
129,45482,922,370,22,6,1,-1,-1,-1
129,45477,345,368,36,7,1,-1,-1,-1
129,45455,67,391,111,122,1,-1,-1,-1
129,45448,922,371,5,5,1,-1,-1,-1
130,45502,197,362,42,14,1,-1,-1,-1
130,45495,14,358,35,18,1,-1,-1,-1
130,45486,461,358,66,18,1,-1,-1,-1
130,45483,176,366,53,10,1,-1,-1,-1
130,45482,893,370,50,6,1,-1,-1,-1
130,45477,344,368,39,8,1,-1,-1,-1
130,45467,1114,367,8,10,1,-1,-1,-1
130,45455,68,392,112,123,1,-1,-1,-1
130,45450,487,367,4,9,1,-1,-1,-1
130,45448,923,365,5,11,1,-1,-1,-1
131,45502,197,363,40,11,1,-1,-1,-1
131,45495,13,358,36,18,1,-1,-1,-1
131,45486,458,358,65,18,1,-1,-1,-1
131,45483,178,367,56,9,1,-1,-1,-1
131,45477,345,368,41,8,1,-1,-1,-1
131,45467,1110,367,13,10,1,-1,-1,-1
131,45455,70,392,113,124,1,-1,-1,-1
131,45450,487,367,7,9,1,-1,-1,-1
131,45448,925,366,12,11,1,-1,-1,-1
132,45502,187,363,48,9,1,-1,-1,-1
132,45495,12,359,37,17,1,-1,-1,-1
132,45486,454,359,65,17,1,-1,-1,-1
132,45483,182,367,51,9,1,-1,-1,-1
132,45477,346,369,40,7,1,-1,-1,-1
132,45467,1107,368,16,9,1,-1,-1,-1
132,45455,72,393,114,125,1,-1,-1,-1
132,45450,487,367,9,9,1,-1,-1,-1
132,45448,926,366,14,11,1,-1,-1,-1
133,45502,182,363,50,14,1,-1,-1,-1
133,45495,8,359,41,18,1,-1,-1,-1
133,45486,452,359,64,17,1,-1,-1,-1
133,45483,186,367,46,10,1,-1,-1,-1
133,45477,350,369,36,7,1,-1,-1,-1
133,45467,1107,368,13,9,1,-1,-1,-1
133,45455,76,393,115,126,1,-1,-1,-1
133,45450,490,368,9,8,1,-1,-1,-1
133,45448,931,366,10,11,1,-1,-1,-1
134,45502,179,364,50,13,1,-1,-1,-1
134,45495,3,359,45,18,1,-1,-1,-1
134,45486,452,359,60,18,1,-1,-1,-1
134,45483,197,368,32,9,1,-1,-1,-1
134,45482,878,372,53,6,1,-1,-1,-1
134,45477,350,369,36,8,1,-1,-1,-1
134,45467,1108,368,9,10,1,-1,-1,-1
134,45456,7,373,3,4,1,-1,-1,-1
134,45455,79,394,116,127,1,-1,-1,-1
134,45450,492,368,8,9,1,-1,-1,-1
134,45448,933,366,14,12,1,-1,-1,-1
135,45502,176,364,51,13,1,-1,-1,-1
135,45495,0,360,48,17,1,-1,-1,-1
135,45486,441,359,63,18,1,-1,-1,-1
135,45483,196,368,33,9,1,-1,-1,-1
135,45482,875,372,34,6,1,-1,-1,-1
135,45477,353,369,33,8,1,-1,-1,-1
135,45456,5,367,10,10,1,-1,-1,-1
135,45455,81,394,118,129,1,-1,-1,-1
135,45450,494,368,6,9,1,-1,-1,-1
135,45448,938,367,10,11,1,-1,-1,-1
136,45502,174,364,50,13,1,-1,-1,-1
136,45495,0,360,47,17,1,-1,-1,-1
136,45486,438,360,65,17,1,-1,-1,-1
136,45483,198,368,57,9,1,-1,-1,-1
136,45482,875,372,36,6,1,-1,-1,-1
136,45477,355,370,41,7,1,-1,-1,-1
136,45456,9,367,8,10,1,-1,-1,-1
136,45455,83,395,119,131,1,-1,-1,-1
136,45450,497,371,3,6,1,-1,-1,-1
136,45448,941,367,8,11,1,-1,-1,-1
137,45502,170,364,48,14,1,-1,-1,-1
137,45495,0,360,46,18,1,-1,-1,-1
137,45486,433,360,67,18,1,-1,-1,-1
137,45483,202,368,56,10,1,-1,-1,-1
137,45482,876,372,37,6,1,-1,-1,-1
137,45477,357,370,29,8,1,-1,-1,-1
137,45456,12,367,4,11,1,-1,-1,-1
137,45455,84,396,121,132,1,-1,-1,-1
137,45448,950,369,2,9,1,-1,-1,-1
138,45502,168,364,47,14,1,-1,-1,-1
138,45495,0,360,45,18,1,-1,-1,-1
138,45486,430,360,66,18,1,-1,-1,-1
138,45483,205,369,57,9,1,-1,-1,-1
138,45482,877,372,39,7,1,-1,-1,-1
138,45477,366,370,20,8,1,-1,-1,-1
138,45467,1086,373,6,6,1,-1,-1,-1
138,45456,16,371,11,7,1,-1,-1,-1
138,45455,84,396,124,135,1,-1,-1,-1
138,45448,951,377,16,2,1,-1,-1,-1
139,45502,168,364,47,14,1,-1,-1,-1
139,45495,0,360,45,18,1,-1,-1,-1
139,45486,425,360,67,18,1,-1,-1,-1
139,45483,209,370,57,8,1,-1,-1,-1
139,45482,861,372,55,7,1,-1,-1,-1
139,45477,366,370,20,8,1,-1,-1,-1
139,45467,1088,369,9,10,1,-1,-1,-1
139,45456,25,368,6,10,1,-1,-1,-1
139,45455,85,397,125,137,1,-1,-1,-1
139,45448,965,374,7,5,1,-1,-1,-1
140,45502,166,365,48,13,1,-1,-1,-1
140,45495,0,360,43,18,1,-1,-1,-1
140,45486,423,360,66,18,1,-1,-1,-1
140,45482,860,372,45,7,1,-1,-1,-1
140,45477,366,370,20,8,1,-1,-1,-1
140,45467,1090,371,7,8,1,-1,-1,-1
140,45456,25,368,10,10,1,-1,-1,-1
140,45455,84,398,127,139,1,-1,-1,-1
140,45448,965,368,11,11,1,-1,-1,-1
141,45502,166,365,48,13,1,-1,-1,-1
141,45495,0,361,38,17,1,-1,-1,-1
141,45486,425,361,60,17,1,-1,-1,-1
141,45483,239,369,32,9,1,-1,-1,-1
141,45482,861,372,46,7,1,-1,-1,-1
141,45477,366,371,42,7,1,-1,-1,-1
141,45467,1078,373,16,6,1,-1,-1,-1
141,45456,30,368,7,10,1,-1,-1,-1
141,45455,83,399,130,143,1,-1,-1,-1
141,45450,514,369,5,9,1,-1,-1,-1
141,45448,969,368,11,11,1,-1,-1,-1
142,45502,156,365,55,14,1,-1,-1,-1
142,45495,0,361,33,18,1,-1,-1,-1
142,45486,413,361,58,18,1,-1,-1,-1
142,45483,236,369,35,10,1,-1,-1,-1
142,45482,863,373,44,6,1,-1,-1,-1
142,45477,368,371,42,8,1,-1,-1,-1
142,45467,1076,370,8,9,1,-1,-1,-1
142,45456,31,368,6,11,1,-1,-1,-1
142,45455,81,400,133,146,1,-1,-1,-1
142,45450,514,370,7,9,1,-1,-1,-1
142,45448,972,368,11,11,1,-1,-1,-1
143,45502,153,365,55,13,1,-1,-1,-1
143,45495,0,360,27,18,1,-1,-1,-1
143,45486,409,360,61,18,1,-1,-1,-1
143,45483,233,368,37,10,1,-1,-1,-1
143,45482,865,374,34,5,1,-1,-1,-1
143,45477,370,371,42,7,1,-1,-1,-1
143,45467,1074,369,12,10,1,-1,-1,-1
143,45455,78,400,137,151,1,-1,-1,-1
143,45450,514,369,10,9,1,-1,-1,-1
143,45448,976,368,14,11,1,-1,-1,-1
144,45502,150,364,54,14,1,-1,-1,-1
144,45495,0,359,22,18,1,-1,-1,-1
144,45486,406,359,63,19,1,-1,-1,-1
144,45483,230,368,40,9,1,-1,-1,-1
144,45482,868,372,33,6,1,-1,-1,-1
144,45477,372,370,42,8,1,-1,-1,-1
144,45467,1072,368,15,10,1,-1,-1,-1
144,45455,77,400,140,155,1,-1,-1,-1
144,45450,518,368,8,10,1,-1,-1,-1
144,45448,982,367,11,11,1,-1,-1,-1
145,45502,147,363,54,13,1,-1,-1,-1
145,45495,0,358,16,18,1,-1,-1,-1
145,45486,406,358,63,18,1,-1,-1,-1
145,45483,227,367,42,9,1,-1,-1,-1
145,45482,871,372,27,5,1,-1,-1,-1
145,45477,374,369,40,7,1,-1,-1,-1
145,45467,1072,367,13,10,1,-1,-1,-1
145,45455,75,400,144,158,1,-1,-1,-1
145,45450,519,367,10,9,1,-1,-1,-1
145,45448,984,366,11,11,1,-1,-1,-1
146,45502,143,362,54,13,1,-1,-1,-1
146,45495,0,357,10,18,1,-1,-1,-1
146,45486,406,357,59,18,1,-1,-1,-1
146,45483,223,366,46,9,1,-1,-1,-1
146,45477,376,368,38,7,1,-1,-1,-1
146,45467,1074,366,8,10,1,-1,-1,-1
146,45455,75,400,147,163,1,-1,-1,-1
146,45450,523,366,8,9,1,-1,-1,-1
146,45448,991,365,7,11,1,-1,-1,-1
147,45502,142,361,54,14,1,-1,-1,-1
147,45495,0,357,7,18,1,-1,-1,-1
147,45486,404,357,59,18,1,-1,-1,-1
147,45483,224,365,57,10,1,-1,-1,-1
147,45477,380,367,36,8,1,-1,-1,-1
147,45455,81,401,150,166,1,-1,-1,-1
147,45450,527,366,6,9,1,-1,-1,-1
147,45448,998,363,14,12,1,-1,-1,-1
148,45502,146,362,44,14,1,-1,-1,-1
148,45495,0,358,10,18,1,-1,-1,-1
148,45486,405,356,59,19,1,-1,-1,-1
148,45483,232,366,57,9,1,-1,-1,-1
148,45482,842,369,20,5,1,-1,-1,-1
148,45477,402,367,28,8,1,-1,-1,-1
148,45455,94,402,152,170,1,-1,-1,-1
148,45450,534,365,6,9,1,-1,-1,-1
148,45448,1008,370,14,4,1,-1,-1,-1
149,45502,153,362,47,14,1,-1,-1,-1
149,45495,0,358,17,18,1,-1,-1,-1
149,45486,408,356,59,18,1,-1,-1,-1
149,45483,243,365,55,10,1,-1,-1,-1
149,45482,846,366,26,7,1,-1,-1,-1
149,45477,408,366,32,9,1,-1,-1,-1
149,45455,110,403,154,172,1,-1,-1,-1
149,45454,1173,366,3,5,1,-1,-1,-1
149,45450,544,367,3,7,1,-1,-1,-1
149,45448,1033,368,3,4,1,-1,-1,-1
150,45502,161,361,47,14,1,-1,-1,-1
150,45495,0,358,22,18,1,-1,-1,-1
150,45486,415,355,54,19,1,-1,-1,-1
150,45483,251,365,53,9,1,-1,-1,-1
150,45482,847,365,35,8,1,-1,-1,-1
150,45477,415,366,33,8,1,-1,-1,-1
150,45467,1083,365,3,7,1,-1,-1,-1
150,45455,126,403,156,175,1,-1,-1,-1
150,45454,1188,365,4,5,1,-1,-1,-1
150,45450,552,370,9,2,1,-1,-1,-1
150,45448,1042,360,10,12,1,-1,-1,-1
151,45502,169,360,46,14,1,-1,-1,-1
151,45495,8,357,18,17,1,-1,-1,-1
151,45486,421,354,50,19,1,-1,-1,-1
151,45483,259,364,50,9,1,-1,-1,-1
151,45482,851,365,40,7,1,-1,-1,-1
151,45477,421,365,35,8,1,-1,-1,-1
151,45467,1088,361,12,10,1,-1,-1,-1
151,45455,143,402,157,179,1,-1,-1,-1
151,45454,1201,365,6,6,1,-1,-1,-1
151,45450,566,363,3,9,1,-1,-1,-1
151,45448,1052,359,9,12,1,-1,-1,-1
152,45502,166,359,53,14,1,-1,-1,-1
152,45495,0,361,29,12,1,-1,-1,-1
152,45486,404,354,68,18,1,-1,-1,-1
152,45483,268,363,36,9,1,-1,-1,-1
152,45482,857,364,41,8,1,-1,-1,-1
152,45477,426,364,37,8,1,-1,-1,-1
152,45467,1094,360,15,11,1,-1,-1,-1
152,45456,122,362,7,11,1,-1,-1,-1
152,45455,158,402,160,182,1,-1,-1,-1
152,45454,1215,365,4,6,1,-1,-1,-1
152,45450,571,362,5,10,1,-1,-1,-1
152,45448,1060,359,14,12,1,-1,-1,-1
153,45502,169,356,52,13,1,-1,-1,-1
153,45495,0,358,30,11,1,-1,-1,-1
153,45486,403,351,68,18,1,-1,-1,-1
153,45483,273,360,35,9,1,-1,-1,-1
153,45482,852,363,51,7,1,-1,-1,-1
153,45477,430,361,38,8,1,-1,-1,-1
153,45467,1099,359,11,11,1,-1,-1,-1
153,45456,129,359,9,10,1,-1,-1,-1
153,45455,175,399,161,184,1,-1,-1,-1
153,45450,575,360,8,9,1,-1,-1,-1
153,45448,1067,357,18,13,1,-1,-1,-1
154,45502,166,352,53,13,1,-1,-1,-1
154,45495,0,347,26,17,1,-1,-1,-1
154,45486,402,347,66,18,1,-1,-1,-1
154,45483,275,356,34,9,1,-1,-1,-1
154,45482,849,360,55,7,1,-1,-1,-1
154,45477,432,357,40,9,1,-1,-1,-1
154,45467,1102,363,4,5,1,-1,-1,-1
154,45456,135,355,4,10,1,-1,-1,-1
154,45455,192,396,162,184,1,-1,-1,-1
154,45450,577,357,8,9,1,-1,-1,-1
154,45448,1071,355,16,13,1,-1,-1,-1
155,45502,165,350,50,14,1,-1,-1,-1
155,45495,0,345,13,18,1,-1,-1,-1
155,45486,402,346,62,18,1,-1,-1,-1
155,45483,277,354,32,10,1,-1,-1,-1
155,45482,844,359,56,7,1,-1,-1,-1
155,45477,433,356,41,8,1,-1,-1,-1
155,45467,1086,361,16,6,1,-1,-1,-1
155,45456,136,353,7,10,1,-1,-1,-1
155,45455,209,394,163,185,1,-1,-1,-1
155,45450,579,355,9,10,1,-1,-1,-1
155,45448,1075,354,13,13,1,-1,-1,-1
156,45502,163,350,49,14,1,-1,-1,-1
156,45495,0,352,13,11,1,-1,-1,-1
156,45486,392,346,68,19,1,-1,-1,-1
156,45483,279,355,30,9,1,-1,-1,-1
156,45482,838,360,49,7,1,-1,-1,-1
156,45477,435,357,42,8,1,-1,-1,-1
156,45467,1080,357,8,10,1,-1,-1,-1
156,45455,227,395,163,185,1,-1,-1,-1
156,45450,581,356,7,9,1,-1,-1,-1
156,45448,1077,355,11,12,1,-1,-1,-1
157,45502,160,351,49,14,1,-1,-1,-1
157,45495,0,353,11,11,1,-1,-1,-1
157,45486,387,347,69,19,1,-1,-1,-1
157,45483,280,356,29,9,1,-1,-1,-1
157,45482,834,360,53,8,1,-1,-1,-1
157,45477,437,358,42,8,1,-1,-1,-1
157,45467,1075,358,10,10,1,-1,-1,-1
157,45455,244,395,164,187,1,-1,-1,-1
157,45450,584,357,9,9,1,-1,-1,-1
157,45448,1080,356,8,12,1,-1,-1,-1
158,45502,159,353,40,13,1,-1,-1,-1
158,45486,383,349,69,18,1,-1,-1,-1
158,45483,290,357,19,9,1,-1,-1,-1
158,45482,830,362,56,7,1,-1,-1,-1
158,45477,439,359,40,8,1,-1,-1,-1
158,45467,1070,359,16,10,1,-1,-1,-1
158,45455,261,397,165,186,1,-1,-1,-1
158,45450,588,358,7,9,1,-1,-1,-1
159,45502,159,354,40,13,1,-1,-1,-1
159,45486,380,350,68,18,1,-1,-1,-1
159,45483,290,358,19,10,1,-1,-1,-1
159,45482,830,363,50,7,1,-1,-1,-1
159,45477,442,360,37,8,1,-1,-1,-1
159,45467,1067,360,15,10,1,-1,-1,-1
159,45455,279,398,165,187,1,-1,-1,-1
159,45450,588,359,9,9,1,-1,-1,-1
160,45502,159,355,39,13,1,-1,-1,-1
160,45486,375,351,69,18,1,-1,-1,-1
160,45483,290,359,19,10,1,-1,-1,-1
160,45482,830,364,46,7,1,-1,-1,-1
160,45477,443,361,36,8,1,-1,-1,-1
160,45467,1067,361,10,10,1,-1,-1,-1
160,45456,159,358,6,8,1,-1,-1,-1
160,45455,297,399,166,188,1,-1,-1,-1
160,45450,590,360,15,17,1,-1,-1,-1
160,45448,1102,366,3,5,1,-1,-1,-1
161,45502,159,356,36,13,1,-1,-1,-1
161,45486,375,352,65,18,1,-1,-1,-1
161,45483,290,360,19,9,1,-1,-1,-1
161,45482,830,364,42,8,1,-1,-1,-1
161,45477,447,362,32,8,1,-1,-1,-1
161,45467,1067,364,6,8,1,-1,-1,-1
161,45456,159,359,7,9,1,-1,-1,-1
161,45455,315,400,167,188,1,-1,-1,-1
161,45450,593,361,14,17,1,-1,-1,-1
161,45448,1101,360,9,12,1,-1,-1,-1
162,45502,138,357,52,13,1,-1,-1,-1
162,45486,375,352,61,19,1,-1,-1,-1
162,45483,291,361,18,9,1,-1,-1,-1
162,45482,830,365,37,7,1,-1,-1,-1
162,45477,448,363,41,8,1,-1,-1,-1
162,45467,1051,366,17,7,1,-1,-1,-1
162,45456,160,360,6,10,1,-1,-1,-1
162,45455,334,401,167,188,1,-1,-1,-1
162,45450,595,367,13,12,1,-1,-1,-1
162,45448,1101,360,14,13,1,-1,-1,-1
163,45502,135,357,53,14,1,-1,-1,-1
163,45486,362,353,70,18,1,-1,-1,-1
163,45483,293,361,16,10,1,-1,-1,-1
163,45482,830,366,24,7,1,-1,-1,-1
163,45477,450,363,41,8,1,-1,-1,-1
163,45467,1046,363,9,10,1,-1,-1,-1
163,45456,161,360,7,11,1,-1,-1,-1
163,45455,352,402,169,189,1,-1,-1,-1
163,45450,603,362,5,18,1,-1,-1,-1
163,45448,1102,361,12,12,1,-1,-1,-1
164,45502,131,358,53,13,1,-1,-1,-1
164,45486,359,353,69,18,1,-1,-1,-1
164,45483,296,362,54,9,1,-1,-1,-1
164,45482,830,366,24,7,1,-1,-1,-1
164,45477,459,364,34,8,1,-1,-1,-1
164,45467,1042,363,13,11,1,-1,-1,-1
164,45456,161,361,7,10,1,-1,-1,-1
164,45455,371,402,169,189,1,-1,-1,-1
164,45450,603,363,5,16,1,-1,-1,-1
164,45448,1103,361,18,13,1,-1,-1,-1
165,45502,129,358,46,13,1,-1,-1,-1
165,45486,354,354,70,18,1,-1,-1,-1
165,45483,298,363,55,9,1,-1,-1,-1
165,45482,799,366,54,8,1,-1,-1,-1
165,45477,459,364,37,8,1,-1,-1,-1
165,45467,1042,363,12,11,1,-1,-1,-1
165,45456,163,361,5,10,1,-1,-1,-1
165,45455,391,403,170,190,1,-1,-1,-1
165,45450,603,363,5,17,1,-1,-1,-1
165,45448,1106,362,15,12,1,-1,-1,-1
166,45502,129,358,43,14,1,-1,-1,-1
166,45486,350,354,70,18,1,-1,-1,-1
166,45483,301,363,54,9,1,-1,-1,-1
166,45482,797,367,50,7,1,-1,-1,-1
166,45477,459,364,39,8,1,-1,-1,-1
166,45467,1042,369,6,5,1,-1,-1,-1
166,45456,165,361,5,11,1,-1,-1,-1
166,45455,410,403,171,191,1,-1,-1,-1
166,45450,603,366,5,15,1,-1,-1,-1
166,45448,1109,362,12,12,1,-1,-1,-1
167,45502,129,359,43,13,1,-1,-1,-1
167,45486,349,354,66,18,1,-1,-1,-1
167,45483,304,364,54,8,1,-1,-1,-1
167,45477,459,365,41,8,1,-1,-1,-1
167,45456,165,362,7,10,1,-1,-1,-1
167,45455,430,403,172,191,1,-1,-1,-1
167,45450,605,370,3,11,1,-1,-1,-1
167,45448,1111,362,10,13,1,-1,-1,-1
168,45502,129,359,41,13,1,-1,-1,-1
168,45486,349,355,62,18,1,-1,-1,-1
168,45483,307,367,53,6,1,-1,-1,-1
168,45477,461,365,40,8,1,-1,-1,-1
168,45456,165,362,7,10,1,-1,-1,-1
168,45455,451,404,172,191,1,-1,-1,-1
168,45450,607,377,16,4,1,-1,-1,-1
168,45448,1114,362,8,13,1,-1,-1,-1
169,45502,129,359,37,13,1,-1,-1,-1
169,45486,349,355,58,18,1,-1,-1,-1
169,45483,309,367,54,6,1,-1,-1,-1
169,45477,463,365,38,8,1,-1,-1,-1
169,45456,166,362,6,10,1,-1,-1,-1
169,45455,471,404,173,192,1,-1,-1,-1
169,45450,623,376,3,5,1,-1,-1,-1
169,45448,1117,362,8,13,1,-1,-1,-1
170,45502,129,359,31,13,1,-1,-1,-1
170,45486,349,355,54,18,1,-1,-1,-1
170,45483,349,366,14,7,1,-1,-1,-1
170,45482,777,367,53,8,1,-1,-1,-1
170,45477,466,365,35,8,1,-1,-1,-1
170,45456,165,362,7,11,1,-1,-1,-1
170,45455,492,404,173,192,1,-1,-1,-1
170,45450,623,370,4,12,1,-1,-1,-1
171,45502,129,359,20,13,1,-1,-1,-1
171,45486,349,355,50,18,1,-1,-1,-1
171,45483,349,364,14,9,1,-1,-1,-1
171,45482,772,367,30,8,1,-1,-1,-1
171,45477,468,365,33,8,1,-1,-1,-1
171,45467,1008,369,4,6,1,-1,-1,-1
171,45456,167,362,5,11,1,-1,-1,-1
171,45455,513,404,174,193,1,-1,-1,-1
171,45450,623,370,4,12,1,-1,-1,-1
172,45502,129,359,20,14,1,-1,-1,-1
172,45486,349,355,46,18,1,-1,-1,-1
172,45483,349,364,14,9,1,-1,-1,-1
172,45482,768,367,34,8,1,-1,-1,-1
172,45477,471,365,30,8,1,-1,-1,-1
172,45467,1004,368,8,7,1,-1,-1,-1
172,45456,168,362,4,11,1,-1,-1,-1
172,45455,534,405,175,193,1,-1,-1,-1
172,45450,623,365,4,15,1,-1,-1,-1
173,45502,129,359,19,14,1,-1,-1,-1
173,45486,335,355,56,18,1,-1,-1,-1
173,45483,349,364,26,9,1,-1,-1,-1
173,45482,764,367,38,8,1,-1,-1,-1
173,45477,472,365,29,8,1,-1,-1,-1
173,45467,999,364,13,11,1,-1,-1,-1
173,45455,556,405,176,194,1,-1,-1,-1
173,45450,623,364,4,18,1,-1,-1,-1
174,45502,129,359,17,14,1,-1,-1,-1
174,45486,330,355,57,18,1,-1,-1,-1
174,45483,349,364,29,9,1,-1,-1,-1
174,45482,764,368,38,7,1,-1,-1,-1
174,45477,474,365,27,8,1,-1,-1,-1
174,45467,997,364,14,11,1,-1,-1,-1
174,45455,578,405,177,194,1,-1,-1,-1
174,45450,623,367,4,15,1,-1,-1,-1
175,45502,129,359,17,14,1,-1,-1,-1
175,45486,326,355,57,18,1,-1,-1,-1
175,45483,349,364,32,9,1,-1,-1,-1
175,45482,764,368,38,7,1,-1,-1,-1
175,45477,477,365,40,8,1,-1,-1,-1
175,45467,997,365,9,10,1,-1,-1,-1
175,45455,600,405,178,195,1,-1,-1,-1
175,45450,624,370,16,12,1,-1,-1,-1
176,45502,129,359,17,14,1,-1,-1,-1
176,45486,309,355,70,18,1,-1,-1,-1
176,45483,349,364,34,9,1,-1,-1,-1
176,45482,764,368,38,7,1,-1,-1,-1
176,45477,479,365,40,8,1,-1,-1,-1
176,45467,985,370,17,5,1,-1,-1,-1
176,45455,622,405,179,196,1,-1,-1,-1
176,45450,626,376,16,6,1,-1,-1,-1
176,45448,1144,363,8,12,1,-1,-1,-1
177,45502,129,358,16,15,1,-1,-1,-1
177,45486,306,355,69,18,1,-1,-1,-1
177,45483,349,364,38,9,1,-1,-1,-1
177,45482,744,368,53,7,1,-1,-1,-1
177,45477,488,365,34,8,1,-1,-1,-1
177,45467,980,365,17,10,1,-1,-1,-1
177,45456,182,368,3,5,1,-1,-1,-1
177,45455,645,405,180,196,1,-1,-1,-1
177,45450,639,370,3,12,1,-1,-1,-1
177,45448,1146,363,9,12,1,-1,-1,-1
178,45502,129,358,16,15,1,-1,-1,-1
178,45486,301,355,62,18,1,-1,-1,-1
178,45483,349,364,42,9,1,-1,-1,-1
178,45482,740,368,47,7,1,-1,-1,-1
178,45477,488,365,36,9,1,-1,-1,-1
178,45467,977,365,9,10,1,-1,-1,-1
178,45456,181,363,6,10,1,-1,-1,-1
178,45455,668,406,181,196,1,-1,-1,-1
178,45450,639,365,8,16,1,-1,-1,-1
178,45448,1149,363,9,12,1,-1,-1,-1
179,45502,129,358,15,15,1,-1,-1,-1
179,45486,297,355,66,18,1,-1,-1,-1
179,45483,349,364,44,9,1,-1,-1,-1
179,45482,735,368,52,7,1,-1,-1,-1
179,45477,488,365,37,9,1,-1,-1,-1
179,45467,977,365,9,10,1,-1,-1,-1
179,45456,181,363,7,10,1,-1,-1,-1
179,45455,692,406,181,197,1,-1,-1,-1
179,45450,639,364,11,18,1,-1,-1,-1
179,45448,1152,363,7,12,1,-1,-1,-1
180,45502,129,359,15,14,1,-1,-1,-1
180,45486,293,355,70,18,1,-1,-1,-1
180,45483,349,364,44,9,1,-1,-1,-1
180,45482,732,368,52,7,1,-1,-1,-1
180,45477,488,366,37,8,1,-1,-1,-1
180,45467,977,367,6,8,1,-1,-1,-1
180,45456,181,363,9,10,1,-1,-1,-1
180,45455,715,406,183,197,1,-1,-1,-1
180,45450,639,364,13,18,1,-1,-1,-1
180,45448,1152,363,7,12,1,-1,-1,-1
181,45502,91,359,52,14,1,-1,-1,-1
181,45486,290,355,70,18,1,-1,-1,-1
181,45483,349,364,44,9,1,-1,-1,-1
181,45482,732,369,47,6,1,-1,-1,-1
181,45477,490,366,35,8,1,-1,-1,-1
181,45467,964,370,14,5,1,-1,-1,-1
181,45456,182,363,8,10,1,-1,-1,-1
181,45455,739,406,184,198,1,-1,-1,-1
181,45450,639,365,15,17,1,-1,-1,-1
181,45448,1155,363,5,13,1,-1,-1,-1
182,45502,91,359,51,14,1,-1,-1,-1
182,45486,290,355,66,18,1,-1,-1,-1
182,45483,352,364,52,9,1,-1,-1,-1
182,45482,724,368,50,7,1,-1,-1,-1
182,45477,492,366,40,8,1,-1,-1,-1
182,45467,964,365,2,10,1,-1,-1,-1
182,45456,183,363,10,10,1,-1,-1,-1
182,45455,763,406,186,199,1,-1,-1,-1
182,45450,640,364,17,18,1,-1,-1,-1
182,45448,1155,365,19,11,1,-1,-1,-1
183,45502,91,359,50,14,1,-1,-1,-1
183,45486,290,355,62,18,1,-1,-1,-1
183,45483,354,364,53,9,1,-1,-1,-1
183,45482,724,368,46,7,1,-1,-1,-1
183,45477,495,366,40,8,1,-1,-1,-1
183,45467,954,369,12,6,1,-1,-1,-1
183,45456,185,363,9,10,1,-1,-1,-1
183,45455,788,406,186,199,1,-1,-1,-1
183,45450,646,364,13,18,1,-1,-1,-1
183,45448,1157,372,19,4,1,-1,-1,-1
184,45502,91,360,50,13,1,-1,-1,-1
184,45486,277,355,63,18,1,-1,-1,-1
184,45483,357,364,52,10,1,-1,-1,-1
184,45482,724,368,41,7,1,-1,-1,-1
184,45477,496,366,41,8,1,-1,-1,-1
184,45456,187,363,8,10,1,-1,-1,-1
184,45455,813,407,187,199,1,-1,-1,-1
184,45450,647,365,15,17,1,-1,-1,-1
184,45448,1160,370,20,6,1,-1,-1,-1
185,45502,92,360,48,13,1,-1,-1,-1
185,45486,274,356,66,18,1,-1,-1,-1
185,45483,358,364,52,10,1,-1,-1,-1
185,45482,732,368,16,7,1,-1,-1,-1
185,45477,500,366,39,8,1,-1,-1,-1
185,45456,186,363,11,10,1,-1,-1,-1
185,45455,838,407,189,200,1,-1,-1,-1
185,45450,648,365,15,17,1,-1,-1,-1
185,45448,1171,363,12,13,1,-1,-1,-1
186,45502,88,360,51,13,1,-1,-1,-1
186,45486,270,356,70,18,1,-1,-1,-1
186,45483,359,364,51,10,1,-1,-1,-1
186,45482,732,368,16,7,1,-1,-1,-1
186,45477,501,366,37,8,1,-1,-1,-1
186,45456,186,363,13,10,1,-1,-1,-1
186,45455,864,407,190,201,1,-1,-1,-1
186,45450,650,365,13,17,1,-1,-1,-1
186,45448,1172,363,14,13,1,-1,-1,-1
187,45502,88,360,52,13,1,-1,-1,-1
187,45486,266,356,71,18,1,-1,-1,-1
187,45483,361,364,49,10,1,-1,-1,-1
187,45482,725,368,24,7,1,-1,-1,-1
187,45477,518,366,20,8,1,-1,-1,-1
187,45456,188,363,13,11,1,-1,-1,-1
187,45455,890,407,192,203,1,-1,-1,-1
187,45450,653,365,11,17,1,-1,-1,-1
187,45448,1173,363,17,13,1,-1,-1,-1
188,45502,88,361,53,13,1,-1,-1,-1
188,45486,264,356,70,18,1,-1,-1,-1
188,45483,362,364,49,10,1,-1,-1,-1
188,45482,701,370,48,6,1,-1,-1,-1
188,45477,518,366,21,8,1,-1,-1,-1
188,45456,194,364,7,10,1,-1,-1,-1
188,45455,917,408,194,203,1,-1,-1,-1
188,45450,656,365,8,18,1,-1,-1,-1
188,45448,1175,364,18,12,1,-1,-1,-1
189,45502,87,361,54,13,1,-1,-1,-1
189,45486,265,357,65,18,1,-1,-1,-1
189,45483,364,365,47,10,1,-1,-1,-1
189,45477,519,367,21,8,1,-1,-1,-1
189,45456,193,364,9,10,1,-1,-1,-1
189,45455,945,409,196,205,1,-1,-1,-1
189,45450,659,368,12,15,1,-1,-1,-1
189,45448,1182,364,17,13,1,-1,-1,-1
190,45502,88,362,53,13,1,-1,-1,-1
190,45486,257,357,71,18,1,-1,-1,-1
190,45483,377,365,35,10,1,-1,-1,-1
190,45477,520,367,33,8,1,-1,-1,-1
190,45456,201,365,3,10,1,-1,-1,-1
190,45455,975,409,199,208,1,-1,-1,-1
190,45450,663,372,11,12,1,-1,-1,-1
190,45448,1183,364,19,13,1,-1,-1,-1
191,45502,89,363,54,12,1,-1,-1,-1
191,45486,257,358,68,18,1,-1,-1,-1
191,45483,379,366,34,10,1,-1,-1,-1
191,45477,522,368,34,8,1,-1,-1,-1
191,45456,202,367,3,9,1,-1,-1,-1
191,45455,1006,410,203,210,1,-1,-1,-1
191,45450,667,367,12,17,1,-1,-1,-1
191,45448,1188,365,16,12,1,-1,-1,-1
192,45502,90,363,53,13,1,-1,-1,-1
192,45486,258,358,65,18,1,-1,-1,-1
192,45483,380,366,35,10,1,-1,-1,-1
192,45482,686,372,45,5,1,-1,-1,-1
192,45477,523,368,38,8,1,-1,-1,-1
192,45456,205,369,2,7,1,-1,-1,-1
192,45455,1039,411,207,213,1,-1,-1,-1
192,45450,675,367,8,10,1,-1,-1,-1
192,45448,1194,365,14,13,1,-1,-1,-1
193,45502,91,364,54,12,1,-1,-1,-1
193,45486,260,359,62,17,1,-1,-1,-1
193,45483,382,367,33,9,1,-1,-1,-1
193,45482,684,370,25,7,1,-1,-1,-1
193,45477,525,368,40,9,1,-1,-1,-1
193,45456,209,372,11,4,1,-1,-1,-1
193,45455,1074,412,205,217,1,-1,-1,-1
193,45450,677,367,9,10,1,-1,-1,-1
193,45448,1202,365,10,13,1,-1,-1,-1
194,45502,93,364,53,13,1,-1,-1,-1
194,45486,261,359,60,18,1,-1,-1,-1
194,45483,385,367,32,10,1,-1,-1,-1
194,45482,681,371,32,7,1,-1,-1,-1
194,45477,529,369,40,8,1,-1,-1,-1
194,45456,212,372,12,5,1,-1,-1,-1
194,45455,1113,413,166,219,1,-1,-1,-1
194,45450,682,367,9,11,1,-1,-1,-1
194,45448,1212,368,5,10,1,-1,-1,-1
195,45502,95,364,53,13,1,-1,-1,-1
195,45486,263,359,57,18,1,-1,-1,-1
195,45483,387,367,33,10,1,-1,-1,-1
195,45482,681,371,35,7,1,-1,-1,-1
195,45477,533,369,41,8,1,-1,-1,-1
195,45467,915,367,7,11,1,-1,-1,-1
195,45456,224,366,4,11,1,-1,-1,-1
195,45455,1153,414,126,222,1,-1,-1,-1
195,45450,687,368,10,10,1,-1,-1,-1
196,45502,99,364,51,13,1,-1,-1,-1
196,45486,262,359,58,18,1,-1,-1,-1
196,45483,391,367,31,10,1,-1,-1,-1
196,45482,676,371,43,11,1,-1,-1,-1
196,45477,546,369,33,8,1,-1,-1,-1
196,45467,916,367,10,11,1,-1,-1,-1
196,45456,227,367,7,10,1,-1,-1,-1
196,45455,1197,423,82,220,1,-1,-1,-1
196,45450,692,368,9,10,1,-1,-1,-1
197,45502,102,364,14,13,1,-1,-1,-1
197,45486,262,359,57,18,1,-1,-1,-1
197,45483,392,368,32,9,1,-1,-1,-1
197,45482,674,371,48,13,1,-1,-1,-1
197,45477,548,369,36,8,1,-1,-1,-1
197,45467,920,368,8,10,1,-1,-1,-1
197,45456,231,367,8,10,1,-1,-1,-1
197,45455,1244,493,35,156,1,-1,-1,-1
197,45450,697,368,10,10,1,-1,-1,-1
198,45502,105,365,15,12,1,-1,-1,-1
198,45486,262,360,57,17,1,-1,-1,-1
198,45483,397,368,29,10,1,-1,-1,-1
198,45482,672,371,52,14,1,-1,-1,-1
198,45477,551,370,37,8,1,-1,-1,-1
198,45467,911,372,17,7,1,-1,-1,-1
198,45456,233,367,8,10,1,-1,-1,-1
198,45450,703,368,10,11,1,-1,-1,-1
199,45502,109,365,15,13,1,-1,-1,-1
199,45486,263,360,57,18,1,-1,-1,-1
199,45483,402,368,52,10,1,-1,-1,-1
199,45482,672,372,44,13,1,-1,-1,-1
199,45477,554,370,37,8,1,-1,-1,-1
199,45467,911,368,8,11,1,-1,-1,-1
199,45456,241,367,4,11,1,-1,-1,-1
199,45450,708,368,7,11,1,-1,-1,-1
200,45502,114,365,14,13,1,-1,-1,-1
200,45486,267,360,54,18,1,-1,-1,-1
200,45483,408,368,52,10,1,-1,-1,-1
200,45482,670,372,51,13,1,-1,-1,-1
200,45477,561,370,34,8,1,-1,-1,-1
200,45467,910,368,14,11,1,-1,-1,-1
200,45456,247,368,4,9,1,-1,-1,-1
200,45450,714,369,7,10,1,-1,-1,-1
201,45502,118,365,14,13,1,-1,-1,-1
201,45486,270,360,52,18,1,-1,-1,-1
201,45483,412,369,53,9,1,-1,-1,-1
201,45482,671,372,49,13,1,-1,-1,-1
201,45477,565,370,41,9,1,-1,-1,-1
201,45467,911,369,16,11,1,-1,-1,-1
201,45450,720,369,5,10,1,-1,-1,-1
202,45502,114,366,22,12,1,-1,-1,-1
202,45486,272,361,52,17,1,-1,-1,-1
202,45483,418,369,53,10,1,-1,-1,-1
202,45482,674,372,46,14,1,-1,-1,-1
202,45477,571,371,41,8,1,-1,-1,-1
202,45467,910,369,16,11,1,-1,-1,-1
202,45450,727,374,10,6,1,-1,-1,-1
203,45502,117,366,20,13,1,-1,-1,-1
203,45486,269,361,57,18,1,-1,-1,-1
203,45483,424,369,52,10,1,-1,-1,-1
203,45482,678,373,41,12,1,-1,-1,-1
203,45477,587,371,31,8,1,-1,-1,-1
203,45467,913,369,14,11,1,-1,-1,-1
203,45450,733,378,10,2,1,-1,-1,-1
204,45502,119,366,22,13,1,-1,-1,-1
204,45486,271,361,57,18,1,-1,-1,-1
204,45483,429,370,53,9,1,-1,-1,-1
204,45482,668,373,50,14,1,-1,-1,-1
204,45477,590,371,35,9,1,-1,-1,-1
204,45467,918,370,10,11,1,-1,-1,-1
204,45450,745,370,5,11,1,-1,-1,-1
205,45502,122,367,21,12,1,-1,-1,-1
205,45488,0,368,30,11,1,-1,-1,-1
205,45486,274,362,56,18,1,-1,-1,-1
205,45483,435,370,53,10,1,-1,-1,-1
205,45482,673,374,45,13,1,-1,-1,-1
205,45477,594,372,36,8,1,-1,-1,-1
205,45467,911,377,18,4,1,-1,-1,-1
205,45450,749,370,7,11,1,-1,-1,-1
206,45502,126,367,18,13,1,-1,-1,-1
206,45488,0,361,36,20,1,-1,-1,-1
206,45486,276,362,56,18,1,-1,-1,-1
206,45483,441,370,51,10,1,-1,-1,-1
206,45482,677,374,38,14,1,-1,-1,-1
206,45477,597,372,41,8,1,-1,-1,-1
206,45467,915,370,5,12,1,-1,-1,-1
206,45450,754,371,10,10,1,-1,-1,-1
207,45502,131,368,18,13,1,-1,-1,-1
207,45488,0,362,60,19,1,-1,-1,-1
207,45486,281,363,56,18,1,-1,-1,-1
207,45483,466,371,36,10,1,-1,-1,-1
207,45482,684,374,36,14,1,-1,-1,-1
207,45477,605,372,41,9,1,-1,-1,-1
207,45456,295,371,6,10,1,-1,-1,-1
207,45450,762,370,11,11,1,-1,-1,-1
208,45502,139,369,10,12,1,-1,-1,-1
208,45488,0,363,78,20,1,-1,-1,-1
208,45486,289,363,55,18,1,-1,-1,-1
208,45483,469,371,41,10,1,-1,-1,-1
208,45482,670,374,53,14,1,-1,-1,-1
208,45477,615,372,42,9,1,-1,-1,-1
208,45456,303,371,7,10,1,-1,-1,-1
208,45450,773,370,11,11,1,-1,-1,-1
209,45502,147,370,12,12,1,-1,-1,-1
209,45488,11,364,82,19,1,-1,-1,-1
209,45486,293,364,58,17,1,-1,-1,-1
209,45483,477,371,40,10,1,-1,-1,-1
209,45482,673,376,54,12,1,-1,-1,-1
209,45477,627,372,41,9,1,-1,-1,-1
209,45456,311,371,8,10,1,-1,-1,-1
209,45450,784,370,11,11,1,-1,-1,-1
210,45502,158,370,13,12,1,-1,-1,-1
210,45488,32,365,71,18,1,-1,-1,-1
210,45486,300,364,60,18,1,-1,-1,-1
210,45483,485,371,42,10,1,-1,-1,-1
210,45482,683,378,49,10,1,-1,-1,-1
210,45477,639,372,39,9,1,-1,-1,-1
210,45467,935,373,7,8,1,-1,-1,-1
210,45456,325,372,7,10,1,-1,-1,-1
210,45450,798,370,9,11,1,-1,-1,-1
211,45502,173,370,32,13,1,-1,-1,-1
211,45488,56,366,66,19,1,-1,-1,-1
211,45486,311,365,60,17,1,-1,-1,-1
211,45483,495,371,43,10,1,-1,-1,-1
211,45482,695,376,43,10,1,-1,-1,-1
211,45477,654,372,44,15,1,-1,-1,-1
211,45467,951,368,10,12,1,-1,-1,-1
211,45456,339,372,9,10,1,-1,-1,-1
211,45450,814,369,11,12,1,-1,-1,-1
212,45502,187,370,31,12,1,-1,-1,-1
212,45488,79,365,75,19,1,-1,-1,-1
212,45486,323,364,56,18,1,-1,-1,-1
212,45483,509,371,52,10,1,-1,-1,-1
212,45482,709,373,13,13,1,-1,-1,-1
212,45477,677,371,36,18,1,-1,-1,-1
212,45467,953,373,19,7,1,-1,-1,-1
212,45456,350,371,11,10,1,-1,-1,-1
212,45450,829,369,11,11,1,-1,-1,-1
213,45502,202,369,30,12,1,-1,-1,-1
213,45488,102,364,71,18,1,-1,-1,-1
213,45486,334,363,57,18,1,-1,-1,-1
213,45483,523,370,52,10,1,-1,-1,-1
213,45482,721,372,16,12,1,-1,-1,-1
213,45477,689,370,39,18,1,-1,-1,-1
213,45467,963,367,20,12,1,-1,-1,-1
213,45456,368,370,7,11,1,-1,-1,-1
213,45450,845,368,9,11,1,-1,-1,-1
214,45502,219,368,30,13,1,-1,-1,-1
214,45495,2,366,22,21,1,-1,-1,-1
214,45488,131,364,69,17,1,-1,-1,-1
214,45486,349,363,55,17,1,-1,-1,-1
214,45483,539,369,52,10,1,-1,-1,-1
214,45482,733,371,21,14,1,-1,-1,-1
214,45477,703,369,44,18,1,-1,-1,-1
214,45467,976,365,15,13,1,-1,-1,-1
214,45456,385,370,4,10,1,-1,-1,-1
214,45450,864,366,8,12,1,-1,-1,-1
215,45502,227,367,37,13,1,-1,-1,-1
215,45495,0,366,42,21,1,-1,-1,-1
215,45488,151,363,70,18,1,-1,-1,-1
215,45486,355,362,62,17,1,-1,-1,-1
215,45483,554,368,53,10,1,-1,-1,-1
215,45482,718,370,52,12,1,-1,-1,-1
215,45477,719,368,46,18,1,-1,-1,-1
215,45467,989,364,20,13,1,-1,-1,-1
215,45450,883,366,5,12,1,-1,-1,-1
216,45502,243,367,38,12,1,-1,-1,-1
216,45495,10,366,53,20,1,-1,-1,-1
216,45488,176,363,67,17,1,-1,-1,-1
216,45486,369,361,61,18,1,-1,-1,-1
216,45483,571,367,52,11,1,-1,-1,-1
216,45482,731,374,53,10,1,-1,-1,-1
216,45477,739,367,46,18,1,-1,-1,-1
216,45467,1003,363,21,13,1,-1,-1,-1
216,45450,903,371,14,6,1,-1,-1,-1
217,45502,261,369,39,11,1,-1,-1,-1
217,45495,0,368,86,22,1,-1,-1,-1
217,45488,203,364,63,18,1,-1,-1,-1
217,45486,386,362,60,18,1,-1,-1,-1
217,45483,596,368,47,10,1,-1,-1,-1
217,45482,748,375,34,10,1,-1,-1,-1
217,45477,760,368,47,18,1,-1,-1,-1
217,45467,1025,363,18,13,1,-1,-1,-1
217,45450,927,371,14,6,1,-1,-1,-1
218,45502,285,371,37,11,1,-1,-1,-1
218,45495,30,370,82,22,1,-1,-1,-1
218,45488,232,366,53,18,1,-1,-1,-1
218,45486,407,364,57,17,1,-1,-1,-1
218,45483,615,369,50,10,1,-1,-1,-1
218,45482,756,370,32,8,1,-1,-1,-1
218,45477,785,368,48,18,1,-1,-1,-1
218,45467,1055,363,12,13,1,-1,-1,-1
218,45450,964,364,7,13,1,-1,-1,-1
219,45502,327,372,19,11,1,-1,-1,-1
219,45495,73,372,70,20,1,-1,-1,-1
219,45488,265,367,45,18,1,-1,-1,-1
219,45486,427,365,58,17,1,-1,-1,-1
219,45483,638,369,48,11,1,-1,-1,-1
219,45482,775,370,40,8,1,-1,-1,-1
219,45477,813,368,50,19,1,-1,-1,-1
219,45450,994,363,9,14,1,-1,-1,-1
220,45502,352,372,20,12,1,-1,-1,-1
220,45495,92,373,83,22,1,-1,-1,-1
220,45488,298,368,58,17,1,-1,-1,-1
220,45486,451,365,57,18,1,-1,-1,-1
220,45483,665,369,46,11,1,-1,-1,-1
220,45482,796,370,48,8,1,-1,-1,-1
220,45477,844,367,50,19,1,-1,-1,-1
220,45450,1030,362,13,14,1,-1,-1,-1
221,45502,378,372,20,11,1,-1,-1,-1
221,45495,127,373,80,21,1,-1,-1,-1
221,45488,330,368,57,17,1,-1,-1,-1
221,45486,475,365,56,17,1,-1,-1,-1
221,45483,693,368,55,11,1,-1,-1,-1
221,45482,828,369,49,8,1,-1,-1,-1
221,45477,877,366,51,20,1,-1,-1,-1
221,45467,1138,359,13,15,1,-1,-1,-1
221,45450,1071,360,15,15,1,-1,-1,-1
222,45502,408,372,18,11,1,-1,-1,-1
222,45495,180,373,61,18,1,-1,-1,-1
222,45488,364,368,53,17,1,-1,-1,-1
222,45486,501,364,56,18,1,-1,-1,-1
222,45483,725,367,56,11,1,-1,-1,-1
222,45482,851,368,56,8,1,-1,-1,-1
222,45477,917,364,49,21,1,-1,-1,-1
222,45467,1180,356,29,16,1,-1,-1,-1
222,45450,1117,358,20,15,1,-1,-1,-1
223,45495,217,374,57,17,1,-1,-1,-1
223,45488,399,368,47,16,1,-1,-1,-1
223,45486,529,364,54,17,1,-1,-1,-1
223,45483,758,366,58,11,1,-1,-1,-1
223,45482,887,367,48,8,1,-1,-1,-1
223,45477,955,362,53,22,1,-1,-1,-1
223,45467,1227,354,31,16,1,-1,-1,-1
223,45450,1172,355,21,16,1,-1,-1,-1
224,45498,5,388,12,18,1,-1,-1,-1
224,45495,254,378,54,13,1,-1,-1,-1
224,45488,437,367,48,15,1,-1,-1,-1
224,45486,557,363,54,18,1,-1,-1,-1
224,45485,17,381,22,24,1,-1,-1,-1
224,45483,794,364,61,12,1,-1,-1,-1
224,45482,902,365,69,9,1,-1,-1,-1
224,45477,1000,360,56,22,1,-1,-1,-1
224,45450,1236,352,23,17,1,-1,-1,-1
225,45498,57,386,19,17,1,-1,-1,-1
225,45495,284,378,55,14,1,-1,-1,-1
225,45488,470,366,48,15,1,-1,-1,-1
225,45486,586,362,54,18,1,-1,-1,-1
225,45485,76,381,100,12,1,-1,-1,-1
225,45483,831,362,64,13,1,-1,-1,-1
225,45482,941,363,66,9,1,-1,-1,-1
225,45477,1050,357,58,23,1,-1,-1,-1
226,45498,108,386,18,16,1,-1,-1,-1
226,45495,321,377,55,15,1,-1,-1,-1
226,45488,507,365,46,15,1,-1,-1,-1
226,45486,618,360,53,18,1,-1,-1,-1
226,45485,189,384,34,14,1,-1,-1,-1
226,45483,880,360,59,13,1,-1,-1,-1
226,45482,1011,361,37,9,1,-1,-1,-1
226,45477,1106,354,43,25,1,-1,-1,-1
227,45498,154,385,13,15,1,-1,-1,-1
227,45495,354,372,56,18,1,-1,-1,-1
227,45488,557,363,27,16,1,-1,-1,-1
227,45486,651,358,51,19,1,-1,-1,-1
227,45485,228,382,33,14,1,-1,-1,-1
227,45483,921,357,64,13,1,-1,-1,-1
227,45482,1013,358,74,10,1,-1,-1,-1
227,45480,0,402,40,27,1,-1,-1,-1
227,45477,1167,350,77,27,1,-1,-1,-1
228,45498,199,383,9,16,1,-1,-1,-1
228,45495,388,371,55,17,1,-1,-1,-1
228,45488,591,361,27,16,1,-1,-1,-1
228,45486,685,356,50,18,1,-1,-1,-1
228,45485,266,375,48,19,1,-1,-1,-1
228,45483,965,354,70,14,1,-1,-1,-1
228,45480,43,399,50,30,1,-1,-1,-1
228,45477,1237,346,42,28,1,-1,-1,-1
228,45472,38,397,35,25,1,-1,-1,-1
229,45495,425,368,53,18,1,-1,-1,-1
229,45490,0,389,41,31,1,-1,-1,-1
229,45488,626,358,28,16,1,-1,-1,-1
229,45486,714,353,57,19,1,-1,-1,-1
229,45485,306,373,51,19,1,-1,-1,-1
229,45483,1015,349,78,15,1,-1,-1,-1
229,45482,1111,350,42,11,1,-1,-1,-1
229,45480,98,397,52,28,1,-1,-1,-1
229,45476,0,406,25,47,1,-1,-1,-1
229,45472,97,395,32,24,1,-1,-1,-1
229,45456,816,357,3,4,1,-1,-1,-1
229,45449,35,396,25,21,1,-1,-1,-1
230,45495,461,366,52,17,1,-1,-1,-1
230,45490,0,384,103,33,1,-1,-1,-1
230,45488,663,355,28,16,1,-1,-1,-1
230,45486,758,349,50,20,1,-1,-1,-1
230,45485,345,371,52,18,1,-1,-1,-1
230,45483,1071,345,86,15,1,-1,-1,-1
230,45482,1159,346,64,12,1,-1,-1,-1
230,45481,0,417,43,84,1,-1,-1,-1
230,45480,153,394,47,27,1,-1,-1,-1
230,45476,14,403,68,46,1,-1,-1,-1
230,45472,152,391,29,24,1,-1,-1,-1
230,45449,95,393,19,20,1,-1,-1,-1
231,45495,496,363,51,17,1,-1,-1,-1
231,45490,43,381,115,32,1,-1,-1,-1
231,45488,701,352,27,16,1,-1,-1,-1
231,45486,796,346,51,20,1,-1,-1,-1
231,45485,385,368,62,19,1,-1,-1,-1
231,45483,1130,340,99,15,1,-1,-1,-1
231,45482,1225,341,54,13,1,-1,-1,-1
231,45481,0,414,93,84,1,-1,-1,-1
231,45480,202,391,44,26,1,-1,-1,-1
231,45476,66,400,67,45,1,-1,-1,-1
231,45472,202,389,28,22,1,-1,-1,-1
231,45456,908,350,3,4,1,-1,-1,-1
231,45449,138,390,24,19,1,-1,-1,-1
232,45502,704,357,17,7,1,-1,-1,-1
232,45495,532,361,48,17,1,-1,-1,-1
232,45490,103,378,106,31,1,-1,-1,-1
232,45488,739,349,26,17,1,-1,-1,-1
232,45486,836,343,50,20,1,-1,-1,-1
232,45485,424,366,67,18,1,-1,-1,-1
232,45483,1196,336,71,17,1,-1,-1,-1
232,45481,0,411,139,93,1,-1,-1,-1
232,45480,248,388,42,26,1,-1,-1,-1
232,45476,114,397,67,44,1,-1,-1,-1
232,45472,249,385,26,19,1,-1,-1,-1
232,45456,952,347,8,13,1,-1,-1,-1
232,45449,185,387,22,19,1,-1,-1,-1
233,45502,737,354,20,11,1,-1,-1,-1
233,45495,565,358,47,18,1,-1,-1,-1
233,45490,156,375,99,30,1,-1,-1,-1
233,45488,778,346,24,17,1,-1,-1,-1
233,45486,867,340,59,20,1,-1,-1,-1
233,45485,464,364,61,17,1,-1,-1,-1
233,45483,1267,334,12,16,1,-1,-1,-1
233,45481,19,408,162,94,1,-1,-1,-1
233,45480,290,385,40,26,1,-1,-1,-1
233,45476,159,394,65,44,1,-1,-1,-1
233,45472,291,383,24,15,1,-1,-1,-1
233,45456,1007,344,4,13,1,-1,-1,-1
233,45449,227,401,11,2,1,-1,-1,-1
234,45502,771,352,28,11,1,-1,-1,-1
234,45495,598,356,40,18,1,-1,-1,-1
234,45490,204,373,93,29,1,-1,-1,-1
234,45488,817,344,22,17,1,-1,-1,-1
234,45486,899,338,67,21,1,-1,-1,-1
234,45485,503,365,55,13,1,-1,-1,-1
234,45481,62,405,157,93,1,-1,-1,-1
234,45480,329,383,38,25,1,-1,-1,-1
234,45476,201,391,63,44,1,-1,-1,-1
234,45472,330,380,24,13,1,-1,-1,-1
234,45458,0,441,10,126,1,-1,-1,-1
234,45456,1060,345,15,10,1,-1,-1,-1
234,45449,265,398,14,2,1,-1,-1,-1
235,45502,805,350,34,11,1,-1,-1,-1
235,45498,461,368,8,16,1,-1,-1,-1
235,45495,614,355,57,18,1,-1,-1,-1
235,45490,251,371,86,28,1,-1,-1,-1
235,45488,858,342,19,17,1,-1,-1,-1
235,45486,938,335,70,22,1,-1,-1,-1
235,45485,540,363,50,13,1,-1,-1,-1
235,45481,101,404,154,91,1,-1,-1,-1
235,45480,365,381,37,25,1,-1,-1,-1
235,45476,239,390,62,43,1,-1,-1,-1
235,45472,367,379,27,9,1,-1,-1,-1
235,45458,0,416,40,159,1,-1,-1,-1
235,45456,1114,346,18,7,1,-1,-1,-1
235,45449,302,396,16,2,1,-1,-1,-1
236,45502,844,348,33,11,1,-1,-1,-1
236,45498,494,367,9,15,1,-1,-1,-1
236,45495,646,353,57,18,1,-1,-1,-1
236,45490,295,370,82,27,1,-1,-1,-1
236,45488,903,339,16,11,1,-1,-1,-1
236,45486,981,331,75,24,1,-1,-1,-1
236,45485,578,355,64,18,1,-1,-1,-1
236,45481,141,402,151,91,1,-1,-1,-1
236,45480,402,380,36,24,1,-1,-1,-1
236,45476,279,388,60,43,1,-1,-1,-1
236,45472,405,377,26,8,1,-1,-1,-1
236,45458,0,415,75,192,1,-1,-1,-1
236,45456,1188,333,10,16,1,-1,-1,-1
236,45449,337,394,16,2,1,-1,-1,-1
237,45502,870,346,37,12,1,-1,-1,-1
237,45495,677,351,57,19,1,-1,-1,-1
237,45490,335,368,79,26,1,-1,-1,-1
237,45488,951,337,11,12,1,-1,-1,-1
237,45486,1028,329,78,25,1,-1,-1,-1
237,45485,618,354,61,19,1,-1,-1,-1
237,45481,177,401,149,90,1,-1,-1,-1
237,45480,438,378,35,24,1,-1,-1,-1
237,45476,315,386,59,43,1,-1,-1,-1
237,45472,440,375,25,7,1,-1,-1,-1
237,45458,0,414,104,202,1,-1,-1,-1
237,45456,1256,330,22,18,1,-1,-1,-1
237,45449,371,392,17,3,1,-1,-1,-1
238,45502,906,345,39,12,1,-1,-1,-1
238,45498,553,364,9,19,1,-1,-1,-1
238,45495,709,350,54,19,1,-1,-1,-1
238,45490,371,366,77,26,1,-1,-1,-1
238,45488,1001,335,43,19,1,-1,-1,-1
238,45486,1075,328,81,25,1,-1,-1,-1
238,45485,652,352,63,20,1,-1,-1,-1
238,45481,208,399,149,90,1,-1,-1,-1
238,45480,469,376,34,24,1,-1,-1,-1
238,45476,347,385,58,43,1,-1,-1,-1
238,45472,471,374,26,8,1,-1,-1,-1
238,45458,6,413,122,208,1,-1,-1,-1
238,45449,400,391,17,2,1,-1,-1,-1
239,45502,935,344,45,13,1,-1,-1,-1
239,45498,578,363,10,19,1,-1,-1,-1
239,45495,737,349,42,19,1,-1,-1,-1
239,45490,401,364,75,27,1,-1,-1,-1
239,45486,1121,327,83,26,1,-1,-1,-1
239,45485,681,351,64,20,1,-1,-1,-1
239,45481,233,397,149,91,1,-1,-1,-1
239,45480,495,375,35,24,1,-1,-1,-1
239,45476,373,383,58,44,1,-1,-1,-1
239,45472,499,372,25,7,1,-1,-1,-1
239,45458,12,411,132,216,1,-1,-1,-1
239,45449,429,389,11,2,1,-1,-1,-1
240,45502,964,344,45,8,1,-1,-1,-1
240,45498,599,361,13,20,1,-1,-1,-1
240,45495,762,348,45,19,1,-1,-1,-1
240,45490,428,363,74,28,1,-1,-1,-1
240,45488,1060,334,68,21,1,-1,-1,-1
240,45486,1165,327,85,26,1,-1,-1,-1
240,45485,709,350,66,19,1,-1,-1,-1
240,45481,252,396,151,91,1,-1,-1,-1
240,45480,519,373,35,24,1,-1,-1,-1
240,45476,396,382,58,45,1,-1,-1,-1
240,45472,522,371,25,6,1,-1,-1,-1
240,45458,9,410,145,226,1,-1,-1,-1
241,45502,987,344,48,15,1,-1,-1,-1
241,45498,618,360,18,21,1,-1,-1,-1
241,45495,788,348,42,18,1,-1,-1,-1
241,45490,449,361,74,29,1,-1,-1,-1
241,45488,1098,334,73,22,1,-1,-1,-1
241,45486,1206,327,73,27,1,-1,-1,-1
241,45485,734,350,63,20,1,-1,-1,-1
241,45481,266,394,154,93,1,-1,-1,-1
241,45480,539,372,34,24,1,-1,-1,-1
241,45476,414,380,58,47,1,-1,-1,-1
241,45472,542,370,25,6,1,-1,-1,-1
241,45458,0,409,157,240,1,-1,-1,-1
242,45502,1012,344,42,14,1,-1,-1,-1
242,45498,631,359,23,21,1,-1,-1,-1
242,45495,812,348,36,18,1,-1,-1,-1
242,45490,468,360,73,28,1,-1,-1,-1
242,45488,1132,334,85,22,1,-1,-1,-1
242,45486,1216,330,63,26,1,-1,-1,-1
242,45485,757,349,70,21,1,-1,-1,-1
242,45481,275,393,159,95,1,-1,-1,-1
242,45480,556,371,34,24,1,-1,-1,-1
242,45476,428,379,60,48,1,-1,-1,-1
242,45472,559,369,25,6,1,-1,-1,-1
242,45458,0,409,154,255,1,-1,-1,-1
243,45502,1024,345,52,14,1,-1,-1,-1
243,45498,643,358,27,21,1,-1,-1,-1
243,45495,833,348,29,18,1,-1,-1,-1
243,45490,483,358,73,29,1,-1,-1,-1
243,45488,1163,334,92,23,1,-1,-1,-1
243,45485,777,349,70,18,1,-1,-1,-1
243,45481,280,392,164,97,1,-1,-1,-1
243,45480,570,370,34,24,1,-1,-1,-1
243,45476,439,378,61,49,1,-1,-1,-1
243,45472,573,368,25,6,1,-1,-1,-1
243,45458,0,409,144,263,1,-1,-1,-1
244,45502,1041,347,52,12,1,-1,-1,-1
244,45498,653,358,30,21,1,-1,-1,-1
244,45495,858,348,16,15,1,-1,-1,-1
244,45490,497,357,72,29,1,-1,-1,-1
244,45488,1193,335,17,16,1,-1,-1,-1
244,45485,801,349,66,18,1,-1,-1,-1
244,45481,283,391,169,100,1,-1,-1,-1
244,45480,581,370,35,24,1,-1,-1,-1
244,45476,447,377,63,50,1,-1,-1,-1
244,45472,585,367,25,6,1,-1,-1,-1
244,45458,0,410,129,243,1,-1,-1,-1
244,45449,495,374,14,9,1,-1,-1,-1
245,45502,1053,348,54,12,1,-1,-1,-1
245,45498,661,357,34,22,1,-1,-1,-1
245,45495,871,348,13,13,1,-1,-1,-1
245,45490,507,356,73,29,1,-1,-1,-1
245,45488,1220,336,11,15,1,-1,-1,-1
245,45485,813,349,72,20,1,-1,-1,-1
245,45481,281,391,177,102,1,-1,-1,-1
245,45480,591,369,34,24,1,-1,-1,-1
245,45476,453,376,64,51,1,-1,-1,-1
245,45472,594,366,25,7,1,-1,-1,-1
245,45458,0,411,106,240,1,-1,-1,-1
245,45449,501,367,6,11,1,-1,-1,-1
246,45502,1060,349,47,11,1,-1,-1,-1
246,45498,667,357,36,22,1,-1,-1,-1
246,45495,823,348,68,15,1,-1,-1,-1
246,45490,516,356,73,28,1,-1,-1,-1
246,45488,1245,337,10,16,1,-1,-1,-1
246,45485,825,349,76,20,1,-1,-1,-1
246,45481,277,391,184,105,1,-1,-1,-1
246,45480,597,369,36,24,1,-1,-1,-1
246,45476,457,376,66,52,1,-1,-1,-1
246,45472,602,366,26,6,1,-1,-1,-1
246,45458,0,443,77,223,1,-1,-1,-1
246,45449,504,366,11,11,1,-1,-1,-1
247,45502,1070,350,50,15,1,-1,-1,-1
247,45498,671,357,42,22,1,-1,-1,-1
247,45495,831,349,66,15,1,-1,-1,-1
247,45490,523,355,73,29,1,-1,-1,-1
247,45488,1268,338,7,25,1,-1,-1,-1
247,45485,838,349,74,20,1,-1,-1,-1
247,45481,270,391,193,109,1,-1,-1,-1
247,45480,603,369,37,24,1,-1,-1,-1
247,45476,458,376,69,53,1,-1,-1,-1
247,45472,608,366,25,6,1,-1,-1,-1
247,45458,0,545,37,131,1,-1,-1,-1
247,45449,505,366,13,11,1,-1,-1,-1
248,45502,1081,351,51,15,1,-1,-1,-1
248,45498,674,357,45,22,1,-1,-1,-1
248,45495,838,357,11,14,1,-1,-1,-1
248,45490,529,355,74,29,1,-1,-1,-1
248,45485,849,349,71,21,1,-1,-1,-1
248,45481,260,391,203,114,1,-1,-1,-1
248,45480,609,369,35,25,1,-1,-1,-1
248,45476,458,376,71,55,1,-1,-1,-1
248,45472,613,366,26,6,1,-1,-1,-1
248,45449,505,366,14,12,1,-1,-1,-1
249,45502,1086,352,50,15,1,-1,-1,-1
249,45498,676,358,44,22,1,-1,-1,-1
249,45495,846,357,13,14,1,-1,-1,-1
249,45490,535,355,72,29,1,-1,-1,-1
249,45485,859,350,79,21,1,-1,-1,-1
249,45481,247,392,214,118,1,-1,-1,-1
249,45480,612,369,37,25,1,-1,-1,-1
249,45476,457,376,73,57,1,-1,-1,-1
249,45472,616,366,26,6,1,-1,-1,-1
249,45449,503,366,15,12,1,-1,-1,-1
250,45502,1082,353,58,16,1,-1,-1,-1
250,45498,677,358,46,22,1,-1,-1,-1
250,45495,837,358,32,14,1,-1,-1,-1
250,45490,538,355,74,29,1,-1,-1,-1
250,45485,870,350,78,22,1,-1,-1,-1
250,45481,232,393,227,124,1,-1,-1,-1
250,45480,614,369,38,26,1,-1,-1,-1
250,45476,455,376,76,59,1,-1,-1,-1
250,45472,619,366,27,7,1,-1,-1,-1
250,45449,501,366,13,10,1,-1,-1,-1
251,45502,1083,354,59,10,1,-1,-1,-1
251,45498,677,358,41,23,1,-1,-1,-1
251,45495,838,352,39,21,1,-1,-1,-1
251,45490,540,355,76,29,1,-1,-1,-1
251,45485,878,351,81,21,1,-1,-1,-1
251,45481,213,394,242,130,1,-1,-1,-1
251,45480,617,370,37,25,1,-1,-1,-1
251,45476,451,377,79,60,1,-1,-1,-1
251,45472,621,367,27,6,1,-1,-1,-1
251,45449,498,366,13,10,1,-1,-1,-1
252,45502,1082,355,55,16,1,-1,-1,-1
252,45498,677,359,44,22,1,-1,-1,-1
252,45495,842,353,44,21,1,-1,-1,-1
252,45490,541,355,79,30,1,-1,-1,-1
252,45485,887,352,82,21,1,-1,-1,-1
252,45481,192,395,258,137,1,-1,-1,-1
252,45480,618,370,39,26,1,-1,-1,-1
252,45476,447,377,83,62,1,-1,-1,-1
252,45472,623,367,27,6,1,-1,-1,-1
252,45449,496,366,13,11,1,-1,-1,-1
253,45502,1087,356,54,16,1,-1,-1,-1
253,45498,676,359,47,23,1,-1,-1,-1
253,45495,848,353,46,21,1,-1,-1,-1
253,45490,544,355,78,30,1,-1,-1,-1
253,45485,895,352,83,22,1,-1,-1,-1
253,45481,167,396,277,145,1,-1,-1,-1
253,45480,620,370,37,27,1,-1,-1,-1
253,45476,441,378,87,64,1,-1,-1,-1
253,45472,624,367,28,6,1,-1,-1,-1
253,45449,489,366,13,11,1,-1,-1,-1
254,45502,1092,356,53,17,1,-1,-1,-1
254,45498,676,359,49,23,1,-1,-1,-1
254,45495,854,353,49,22,1,-1,-1,-1
254,45490,546,355,80,30,1,-1,-1,-1
254,45485,904,352,82,22,1,-1,-1,-1
254,45481,138,397,300,154,1,-1,-1,-1
254,45480,621,370,39,27,1,-1,-1,-1
254,45476,435,378,92,66,1,-1,-1,-1
254,45472,626,367,27,7,1,-1,-1,-1
254,45449,487,366,13,11,1,-1,-1,-1
255,45502,1084,357,61,17,1,-1,-1,-1
255,45498,675,359,51,23,1,-1,-1,-1
255,45495,843,353,68,22,1,-1,-1,-1
255,45490,548,355,80,30,1,-1,-1,-1
255,45485,912,353,69,22,1,-1,-1,-1
255,45481,105,399,326,164,1,-1,-1,-1
255,45480,620,370,40,27,1,-1,-1,-1
255,45476,429,378,96,69,1,-1,-1,-1
255,45472,626,367,28,7,1,-1,-1,-1
255,45449,482,366,11,11,1,-1,-1,-1
256,45502,1084,357,61,17,1,-1,-1,-1
256,45498,674,359,53,24,1,-1,-1,-1
256,45495,849,354,70,21,1,-1,-1,-1
256,45490,550,355,80,30,1,-1,-1,-1
256,45485,920,353,74,22,1,-1,-1,-1
256,45481,66,400,357,178,1,-1,-1,-1
256,45480,622,370,39,28,1,-1,-1,-1
256,45476,423,378,100,71,1,-1,-1,-1
256,45472,627,367,28,7,1,-1,-1,-1
256,45449,475,365,13,12,1,-1,-1,-1
257,45502,1079,358,58,11,1,-1,-1,-1
257,45498,672,359,53,24,1,-1,-1,-1
257,45495,859,354,62,22,1,-1,-1,-1
257,45490,552,355,79,30,1,-1,-1,-1
257,45485,927,353,70,23,1,-1,-1,-1
257,45481,20,402,393,193,1,-1,-1,-1
257,45480,622,370,40,28,1,-1,-1,-1
257,45476,417,378,103,73,1,-1,-1,-1
257,45472,627,367,28,7,1,-1,-1,-1
257,45449,468,365,14,13,1,-1,-1,-1
258,45502,1078,358,59,17,1,-1,-1,-1
258,45498,672,359,53,24,1,-1,-1,-1
258,45495,876,354,46,22,1,-1,-1,-1
258,45490,554,354,77,31,1,-1,-1,-1
258,45485,943,353,59,23,1,-1,-1,-1
258,45481,0,404,402,211,1,-1,-1,-1
258,45480,622,370,40,29,1,-1,-1,-1
258,45476,410,379,107,74,1,-1,-1,-1
258,45472,627,367,28,7,1,-1,-1,-1
258,45449,463,365,14,13,1,-1,-1,-1
259,45502,1082,358,56,18,1,-1,-1,-1
259,45498,670,359,54,24,1,-1,-1,-1
259,45495,877,354,45,22,1,-1,-1,-1
259,45490,555,354,76,31,1,-1,-1,-1
259,45485,945,353,74,23,1,-1,-1,-1
259,45481,0,406,390,233,1,-1,-1,-1
259,45480,621,370,42,29,1,-1,-1,-1
259,45476,403,379,111,77,1,-1,-1,-1
259,45472,627,367,28,7,1,-1,-1,-1
259,45449,458,365,16,13,1,-1,-1,-1
260,45502,1086,358,50,18,1,-1,-1,-1
260,45498,669,359,52,24,1,-1,-1,-1
260,45495,885,354,38,22,1,-1,-1,-1
260,45490,558,354,74,31,1,-1,-1,-1
260,45485,949,353,85,23,1,-1,-1,-1
260,45481,0,409,378,258,1,-1,-1,-1
260,45480,620,370,43,29,1,-1,-1,-1
260,45476,396,380,115,79,1,-1,-1,-1
260,45472,627,367,29,7,1,-1,-1,-1
260,45449,456,365,13,14,1,-1,-1,-1
261,45502,1090,358,46,18,1,-1,-1,-1
261,45498,668,359,54,24,1,-1,-1,-1
261,45495,896,361,27,16,1,-1,-1,-1
261,45490,559,354,73,32,1,-1,-1,-1
261,45485,956,353,88,24,1,-1,-1,-1
261,45481,0,412,363,291,1,-1,-1,-1
261,45480,621,371,42,29,1,-1,-1,-1
261,45476,387,380,120,82,1,-1,-1,-1
261,45472,626,367,29,7,1,-1,-1,-1
261,45449,444,367,18,12,1,-1,-1,-1
262,45502,1096,361,41,16,1,-1,-1,-1
262,45498,668,359,54,25,1,-1,-1,-1
262,45495,906,361,18,16,1,-1,-1,-1
262,45490,562,354,72,32,1,-1,-1,-1
262,45485,964,353,84,24,1,-1,-1,-1
262,45481,0,416,348,303,1,-1,-1,-1
262,45480,620,371,43,29,1,-1,-1,-1
262,45476,379,381,125,84,1,-1,-1,-1
262,45472,627,367,29,7,1,-1,-1,-1
262,45449,438,365,19,15,1,-1,-1,-1
263,45502,1070,361,53,16,1,-1,-1,-1
263,45498,667,359,56,25,1,-1,-1,-1
263,45490,563,354,73,32,1,-1,-1,-1
263,45485,972,354,93,23,1,-1,-1,-1
263,45481,0,420,330,299,1,-1,-1,-1
263,45480,620,371,44,30,1,-1,-1,-1
263,45476,369,382,131,87,1,-1,-1,-1
263,45472,626,367,30,7,1,-1,-1,-1
263,45449,431,365,19,16,1,-1,-1,-1
264,45502,1069,361,59,16,1,-1,-1,-1
264,45498,668,359,56,25,1,-1,-1,-1
264,45490,566,354,73,32,1,-1,-1,-1
264,45485,980,354,93,24,1,-1,-1,-1
264,45481,0,424,311,295,1,-1,-1,-1
264,45480,619,371,44,31,1,-1,-1,-1
264,45476,360,382,136,91,1,-1,-1,-1
264,45472,626,368,30,7,1,-1,-1,-1
264,45449,426,365,15,16,1,-1,-1,-1
265,45502,1071,361,60,17,1,-1,-1,-1
265,45498,668,359,56,25,1,-1,-1,-1
265,45490,568,354,86,33,1,-1,-1,-1
265,45485,987,354,95,24,1,-1,-1,-1
265,45481,0,430,288,289,1,-1,-1,-1
265,45480,618,372,46,30,1,-1,-1,-1
265,45476,349,383,143,94,1,-1,-1,-1
265,45472,626,368,30,7,1,-1,-1,-1
265,45449,421,365,16,17,1,-1,-1,-1
266,45502,1075,361,40,17,1,-1,-1,-1
266,45498,668,359,57,26,1,-1,-1,-1
266,45490,571,354,87,33,1,-1,-1,-1
266,45485,995,354,97,24,1,-1,-1,-1
266,45481,0,436,264,283,1,-1,-1,-1
266,45480,621,372,41,31,1,-1,-1,-1
266,45476,337,384,151,98,1,-1,-1,-1
266,45472,626,368,30,7,1,-1,-1,-1
266,45449,415,365,16,18,1,-1,-1,-1
267,45502,1082,361,45,17,1,-1,-1,-1
267,45498,668,359,57,26,1,-1,-1,-1
267,45490,574,354,88,33,1,-1,-1,-1
267,45485,1003,354,98,24,1,-1,-1,-1
267,45481,0,444,234,275,1,-1,-1,-1
267,45480,621,372,41,32,1,-1,-1,-1
267,45476,324,385,159,102,1,-1,-1,-1
267,45472,625,368,31,7,1,-1,-1,-1
267,45449,408,365,16,19,1,-1,-1,-1
268,45502,1091,361,38,15,1,-1,-1,-1
268,45498,668,359,58,26,1,-1,-1,-1
268,45490,577,354,88,33,1,-1,-1,-1
268,45485,1011,354,87,25,1,-1,-1,-1
268,45481,0,454,200,265,1,-1,-1,-1
268,45480,621,372,41,32,1,-1,-1,-1
268,45476,311,386,167,106,1,-1,-1,-1
268,45472,625,368,32,8,1,-1,-1,-1
268,45449,399,365,19,20,1,-1,-1,-1
269,45502,1099,361,27,5,1,-1,-1,-1
269,45498,669,359,57,26,1,-1,-1,-1
269,45495,844,361,21,16,1,-1,-1,-1
269,45490,579,354,90,34,1,-1,-1,-1
269,45485,1028,354,79,25,1,-1,-1,-1
269,45481,0,469,159,250,1,-1,-1,-1
269,45480,620,372,42,33,1,-1,-1,-1
269,45476,295,387,177,111,1,-1,-1,-1
269,45472,625,368,31,8,1,-1,-1,-1
269,45449,395,365,15,18,1,-1,-1,-1
270,45498,669,359,58,26,1,-1,-1,-1
270,45495,848,361,34,14,1,-1,-1,-1
270,45490,582,354,91,34,1,-1,-1,-1
270,45485,1055,354,61,25,1,-1,-1,-1
270,45481,0,486,110,233,1,-1,-1,-1
270,45480,620,372,43,34,1,-1,-1,-1
270,45476,279,387,187,117,1,-1,-1,-1
270,45472,625,368,32,8,1,-1,-1,-1
270,45449,383,365,16,17,1,-1,-1,-1
271,45498,670,359,57,27,1,-1,-1,-1
271,45495,834,361,65,13,1,-1,-1,-1
271,45490,585,354,91,34,1,-1,-1,-1
271,45485,1086,354,37,25,1,-1,-1,-1
271,45481,0,502,50,217,1,-1,-1,-1
271,45480,619,372,43,34,1,-1,-1,-1
271,45476,261,389,198,122,1,-1,-1,-1
271,45472,624,368,32,8,1,-1,-1,-1
271,45449,378,368,14,14,1,-1,-1,-1
272,45498,671,359,57,27,1,-1,-1,-1
272,45495,833,361,86,18,1,-1,-1,-1
272,45490,589,354,92,34,1,-1,-1,-1
272,45485,1122,361,26,18,1,-1,-1,-1
272,45480,619,373,44,34,1,-1,-1,-1
272,45476,241,390,212,129,1,-1,-1,-1
272,45472,624,368,33,8,1,-1,-1,-1
272,45449,375,365,10,19,1,-1,-1,-1
273,45498,672,359,57,27,1,-1,-1,-1
273,45495,836,361,83,19,1,-1,-1,-1
273,45490,592,353,93,36,1,-1,-1,-1
273,45480,618,373,45,35,1,-1,-1,-1
273,45476,218,391,227,136,1,-1,-1,-1
273,45472,623,368,33,8,1,-1,-1,-1
274,45498,674,359,56,27,1,-1,-1,-1
274,45495,840,354,78,26,1,-1,-1,-1
274,45490,596,353,94,36,1,-1,-1,-1
274,45480,618,373,45,35,1,-1,-1,-1
274,45476,194,392,244,145,1,-1,-1,-1
274,45472,623,368,34,8,1,-1,-1,-1
275,45498,675,359,55,27,1,-1,-1,-1
275,45495,843,354,74,26,1,-1,-1,-1
275,45490,600,353,92,36,1,-1,-1,-1
275,45480,617,373,46,36,1,-1,-1,-1
275,45476,166,394,263,153,1,-1,-1,-1
275,45472,623,368,34,8,1,-1,-1,-1
276,45498,678,359,53,28,1,-1,-1,-1
276,45495,826,354,90,26,1,-1,-1,-1
276,45490,604,353,95,36,1,-1,-1,-1
276,45480,617,373,47,37,1,-1,-1,-1
276,45476,135,396,286,163,1,-1,-1,-1
276,45472,623,369,34,8,1,-1,-1,-1
277,45502,1067,361,18,20,1,-1,-1,-1
277,45498,679,359,52,28,1,-1,-1,-1
277,45495,829,354,86,27,1,-1,-1,-1
277,45490,608,353,97,37,1,-1,-1,-1
277,45485,1086,354,9,27,1,-1,-1,-1
277,45480,617,374,47,37,1,-1,-1,-1
277,45476,98,397,312,176,1,-1,-1,-1
277,45472,622,369,35,8,1,-1,-1,-1
278,45502,1073,360,22,21,1,-1,-1,-1
278,45498,681,359,52,28,1,-1,-1,-1
278,45495,843,354,70,27,1,-1,-1,-1
278,45490,614,353,97,37,1,-1,-1,-1
278,45485,1096,353,66,28,1,-1,-1,-1
278,45480,616,374,49,38,1,-1,-1,-1
278,45476,57,400,343,189,1,-1,-1,-1
278,45472,622,369,35,8,1,-1,-1,-1
279,45502,1075,360,29,21,1,-1,-1,-1
279,45498,681,360,52,28,1,-1,-1,-1
279,45495,822,354,91,27,1,-1,-1,-1
279,45490,618,353,98,37,1,-1,-1,-1
279,45485,1105,353,102,28,1,-1,-1,-1
279,45480,616,374,49,39,1,-1,-1,-1
279,45476,8,402,380,205,1,-1,-1,-1
279,45472,622,369,35,8,1,-1,-1,-1
280,45502,1078,359,36,22,1,-1,-1,-1
280,45498,681,360,53,28,1,-1,-1,-1
280,45495,820,354,93,27,1,-1,-1,-1
280,45490,629,353,94,38,1,-1,-1,-1
280,45485,1115,353,98,28,1,-1,-1,-1
280,45480,616,374,49,40,1,-1,-1,-1
280,45476,0,404,375,224,1,-1,-1,-1
280,45472,622,369,36,9,1,-1,-1,-1
281,45502,1075,359,49,23,1,-1,-1,-1
281,45498,681,360,54,28,1,-1,-1,-1
281,45495,822,354,90,28,1,-1,-1,-1
281,45490,634,353,95,38,1,-1,-1,-1
281,45485,1124,353,119,29,1,-1,-1,-1
281,45480,615,375,50,40,1,-1,-1,-1
281,45476,0,407,360,246,1,-1,-1,-1
281,45472,621,369,37,9,1,-1,-1,-1
282,45502,1077,359,57,23,1,-1,-1,-1
282,45498,682,360,52,28,1,-1,-1,-1
282,45495,825,354,87,27,1,-1,-1,-1
282,45490,640,353,97,38,1,-1,-1,-1
282,45485,1135,353,118,29,1,-1,-1,-1
282,45480,615,375,51,40,1,-1,-1,-1
282,45476,0,410,344,274,1,-1,-1,-1
282,45472,621,369,37,9,1,-1,-1,-1
283,45502,1079,359,64,23,1,-1,-1,-1
283,45498,682,359,52,30,1,-1,-1,-1
283,45495,828,354,83,27,1,-1,-1,-1
283,45490,646,353,98,39,1,-1,-1,-1
283,45485,1144,353,122,29,1,-1,-1,-1
283,45480,614,375,52,41,1,-1,-1,-1
283,45476,0,414,325,305,1,-1,-1,-1
283,45472,621,369,37,9,1,-1,-1,-1
284,45502,1080,360,72,22,1,-1,-1,-1
284,45498,684,359,51,30,1,-1,-1,-1
284,45495,815,354,96,28,1,-1,-1,-1
284,45490,653,353,98,39,1,-1,-1,-1
284,45485,1155,353,124,29,1,-1,-1,-1
284,45480,614,375,53,43,1,-1,-1,-1
284,45476,0,418,305,301,1,-1,-1,-1
284,45472,621,369,37,9,1,-1,-1,-1
285,45502,1087,360,70,23,1,-1,-1,-1
285,45498,691,359,38,30,1,-1,-1,-1
285,45495,816,353,95,30,1,-1,-1,-1
285,45490,659,353,97,39,1,-1,-1,-1
285,45485,1165,353,114,30,1,-1,-1,-1
285,45480,613,376,54,43,1,-1,-1,-1
285,45476,0,423,281,289,1,-1,-1,-1
285,45472,620,370,38,9,1,-1,-1,-1
286,45502,1089,360,75,23,1,-1,-1,-1
286,45495,819,353,96,30,1,-1,-1,-1
286,45490,662,353,96,40,1,-1,-1,-1
286,45485,1176,353,103,30,1,-1,-1,-1
286,45480,613,376,55,44,1,-1,-1,-1
286,45476,0,429,254,281,1,-1,-1,-1
286,45472,620,370,39,9,1,-1,-1,-1
287,45502,1093,360,73,23,1,-1,-1,-1
287,45498,671,372,59,18,1,-1,-1,-1
287,45495,822,353,90,30,1,-1,-1,-1
287,45490,668,353,91,40,1,-1,-1,-1
287,45485,1186,353,93,30,1,-1,-1,-1
287,45480,612,376,56,45,1,-1,-1,-1
287,45476,0,436,223,274,1,-1,-1,-1
287,45472,619,370,40,9,1,-1,-1,-1
288,45502,1099,361,69,22,1,-1,-1,-1
288,45498,671,362,60,28,1,-1,-1,-1
288,45495,825,353,88,30,1,-1,-1,-1
288,45490,675,353,107,40,1,-1,-1,-1
288,45485,1198,353,75,30,1,-1,-1,-1
288,45480,611,376,58,46,1,-1,-1,-1
288,45476,0,446,186,264,1,-1,-1,-1
288,45472,619,370,40,9,1,-1,-1,-1
289,45502,1089,363,78,21,1,-1,-1,-1
289,45498,671,360,60,30,1,-1,-1,-1
289,45495,828,353,86,31,1,-1,-1,-1
289,45490,682,352,102,42,1,-1,-1,-1
289,45485,1209,352,70,32,1,-1,-1,-1
289,45480,611,377,58,46,1,-1,-1,-1
289,45476,0,459,142,254,1,-1,-1,-1
289,45472,619,370,40,10,1,-1,-1,-1
290,45502,1091,363,79,21,1,-1,-1,-1
290,45498,671,360,61,31,1,-1,-1,-1
290,45495,813,353,103,31,1,-1,-1,-1
290,45490,690,352,110,42,1,-1,-1,-1
290,45485,1221,352,58,32,1,-1,-1,-1
290,45480,610,377,60,48,1,-1,-1,-1
290,45476,0,477,89,242,1,-1,-1,-1
290,45472,619,370,41,10,1,-1,-1,-1
291,45502,1094,363,83,21,1,-1,-1,-1
291,45498,671,360,29,31,1,-1,-1,-1
291,45495,835,353,82,31,1,-1,-1,-1
291,45490,697,352,105,43,1,-1,-1,-1
291,45485,1233,352,46,32,1,-1,-1,-1
291,45480,609,377,61,49,1,-1,-1,-1
291,45476,0,553,22,162,1,-1,-1,-1
291,45472,618,370,41,10,1,-1,-1,-1
292,45502,1099,363,80,22,1,-1,-1,-1
292,45498,671,360,58,31,1,-1,-1,-1
292,45495,840,353,79,32,1,-1,-1,-1
292,45490,704,352,102,43,1,-1,-1,-1
292,45485,1245,352,34,17,1,-1,-1,-1
292,45480,609,378,62,50,1,-1,-1,-1
292,45472,618,371,42,10,1,-1,-1,-1
293,45502,1100,362,81,23,1,-1,-1,-1
293,45498,671,360,62,32,1,-1,-1,-1
293,45495,838,353,83,31,1,-1,-1,-1
293,45490,712,352,97,43,1,-1,-1,-1
293,45485,1257,352,22,33,1,-1,-1,-1
293,45480,608,378,63,51,1,-1,-1,-1
293,45472,618,371,42,10,1,-1,-1,-1
294,45502,1097,362,73,23,1,-1,-1,-1
294,45498,671,360,63,32,1,-1,-1,-1
294,45495,839,353,85,32,1,-1,-1,-1
294,45490,720,352,92,43,1,-1,-1,-1
294,45480,607,378,65,53,1,-1,-1,-1
294,45472,618,371,42,10,1,-1,-1,-1
295,45502,1097,361,80,25,1,-1,-1,-1
295,45498,670,360,64,32,1,-1,-1,-1
295,45495,841,353,85,33,1,-1,-1,-1
295,45490,727,352,93,44,1,-1,-1,-1
295,45480,606,379,67,53,1,-1,-1,-1
295,45472,617,371,43,10,1,-1,-1,-1
296,45502,1099,360,85,26,1,-1,-1,-1
296,45498,670,360,69,33,1,-1,-1,-1
296,45495,840,353,90,33,1,-1,-1,-1
296,45490,735,352,106,44,1,-1,-1,-1
296,45480,606,379,68,55,1,-1,-1,-1
296,45472,617,371,44,11,1,-1,-1,-1
297,45502,1104,360,87,27,1,-1,-1,-1
297,45498,669,360,76,33,1,-1,-1,-1
297,45495,845,353,88,33,1,-1,-1,-1
297,45490,743,352,123,43,1,-1,-1,-1
297,45480,605,380,69,56,1,-1,-1,-1
297,45472,616,371,45,11,1,-1,-1,-1
298,45502,1111,360,83,27,1,-1,-1,-1
298,45498,668,360,77,33,1,-1,-1,-1
298,45495,850,352,86,34,1,-1,-1,-1
298,45490,752,352,124,39,1,-1,-1,-1
298,45480,604,380,71,58,1,-1,-1,-1
298,45472,616,371,45,11,1,-1,-1,-1
299,45502,1115,360,81,27,1,-1,-1,-1
299,45498,667,360,78,34,1,-1,-1,-1
299,45495,856,352,83,35,1,-1,-1,-1
299,45490,760,351,126,40,1,-1,-1,-1
299,45480,603,381,73,59,1,-1,-1,-1
299,45472,616,371,45,11,1,-1,-1,-1
300,45502,1104,359,93,28,1,-1,-1,-1
300,45498,667,359,78,35,1,-1,-1,-1
300,45495,861,352,69,35,1,-1,-1,-1
300,45490,769,351,123,40,1,-1,-1,-1
300,45480,602,381,75,61,1,-1,-1,-1
300,45472,616,371,46,11,1,-1,-1,-1
301,45502,1106,359,94,28,1,-1,-1,-1
301,45498,665,359,80,35,1,-1,-1,-1
301,45495,871,352,77,35,1,-1,-1,-1
301,45490,778,351,117,39,1,-1,-1,-1
301,45480,601,381,77,62,1,-1,-1,-1
301,45472,615,371,47,11,1,-1,-1,-1
302,45502,1106,358,91,29,1,-1,-1,-1
302,45498,665,358,80,36,1,-1,-1,-1
302,45495,883,351,70,36,1,-1,-1,-1
302,45490,793,350,106,37,1,-1,-1,-1
302,45480,600,381,79,64,1,-1,-1,-1
302,45472,615,370,47,12,1,-1,-1,-1
303,45502,1106,357,89,30,1,-1,-1,-1
303,45498,663,357,81,36,1,-1,-1,-1
303,45495,893,350,64,37,1,-1,-1,-1
303,45490,801,349,101,38,1,-1,-1,-1
303,45480,599,381,81,65,1,-1,-1,-1
303,45472,615,370,47,11,1,-1,-1,-1
304,45502,1110,357,87,30,1,-1,-1,-1
304,45498,663,357,81,36,1,-1,-1,-1
304,45495,923,349,37,37,1,-1,-1,-1
304,45490,811,348,95,39,1,-1,-1,-1
304,45480,598,380,84,68,1,-1,-1,-1
304,45472,615,369,48,12,1,-1,-1,-1
305,45502,1114,356,85,31,1,-1,-1,-1
305,45498,661,356,82,37,1,-1,-1,-1
305,45495,927,349,36,37,1,-1,-1,-1
305,45490,820,348,132,39,1,-1,-1,-1
305,45480,597,381,85,69,1,-1,-1,-1
305,45472,614,369,49,12,1,-1,-1,-1
306,45502,1115,356,91,31,1,-1,-1,-1
306,45498,660,356,83,37,1,-1,-1,-1
306,45495,939,348,23,23,1,-1,-1,-1
306,45490,831,347,137,40,1,-1,-1,-1
306,45480,596,381,88,71,1,-1,-1,-1
306,45472,614,369,49,12,1,-1,-1,-1
307,45502,1112,355,96,31,1,-1,-1,-1
307,45498,658,355,84,37,1,-1,-1,-1
307,45490,840,346,136,40,1,-1,-1,-1
307,45480,594,380,90,73,1,-1,-1,-1
307,45472,613,368,50,12,1,-1,-1,-1
308,45502,1118,353,90,31,1,-1,-1,-1
308,45498,657,353,84,38,1,-1,-1,-1
308,45490,850,344,130,40,1,-1,-1,-1
308,45480,594,379,92,74,1,-1,-1,-1
308,45472,613,366,50,13,1,-1,-1,-1
309,45502,1117,350,92,32,1,-1,-1,-1
309,45498,656,350,85,38,1,-1,-1,-1
309,45490,855,341,149,41,1,-1,-1,-1
309,45480,594,377,93,75,1,-1,-1,-1
309,45472,614,363,50,14,1,-1,-1,-1
310,45502,1107,347,97,32,1,-1,-1,-1
310,45498,657,347,84,38,1,-1,-1,-1
310,45490,867,338,150,41,1,-1,-1,-1
310,45480,595,374,95,76,1,-1,-1,-1
310,45472,615,360,51,14,1,-1,-1,-1
311,45502,1107,344,98,32,1,-1,-1,-1
311,45498,657,344,80,38,1,-1,-1,-1
311,45495,863,345,20,31,1,-1,-1,-1
311,45490,884,335,146,41,1,-1,-1,-1
311,45480,597,371,95,77,1,-1,-1,-1
311,45472,617,357,51,14,1,-1,-1,-1
312,45502,1105,343,98,33,1,-1,-1,-1
312,45498,656,343,82,38,1,-1,-1,-1
312,45495,865,335,28,40,1,-1,-1,-1
312,45490,894,334,146,41,1,-1,-1,-1
312,45480,597,370,96,77,1,-1,-1,-1
312,45472,618,356,51,14,1,-1,-1,-1
313,45502,1101,345,95,32,1,-1,-1,-1
313,45498,653,344,85,39,1,-1,-1,-1
313,45495,865,337,37,40,1,-1,-1,-1
313,45490,899,335,152,42,1,-1,-1,-1
313,45480,597,371,96,78,1,-1,-1,-1
313,45472,618,358,51,14,1,-1,-1,-1
314,45502,1099,348,94,32,1,-1,-1,-1
314,45498,650,347,85,39,1,-1,-1,-1
314,45495,866,339,44,40,1,-1,-1,-1
314,45490,911,338,147,42,1,-1,-1,-1
314,45480,597,374,96,78,1,-1,-1,-1
314,45472,618,360,51,15,1,-1,-1,-1
315,45502,1101,353,89,30,1,-1,-1,-1
315,45498,648,350,85,39,1,-1,-1,-1
315,45495,867,342,52,40,1,-1,-1,-1
315,45490,918,341,142,42,1,-1,-1,-1
315,45480,596,377,97,78,1,-1,-1,-1
315,45472,617,363,51,15,1,-1,-1,-1
316,45502,1099,356,91,30,1,-1,-1,-1
316,45498,645,353,85,38,1,-1,-1,-1
316,45495,868,345,60,40,1,-1,-1,-1
316,45490,929,343,133,43,1,-1,-1,-1
316,45480,596,380,97,78,1,-1,-1,-1
316,45472,617,366,51,14,1,-1,-1,-1
317,45502,1096,358,95,30,1,-1,-1,-1
317,45498,642,355,85,39,1,-1,-1,-1
317,45495,869,347,68,40,1,-1,-1,-1
317,45490,955,346,110,42,1,-1,-1,-1
317,45480,595,382,98,79,1,-1,-1,-1
317,45472,616,368,52,15,1,-1,-1,-1
318,45502,1094,360,99,30,1,-1,-1,-1
318,45498,638,357,87,39,1,-1,-1,-1
318,45495,871,349,67,41,1,-1,-1,-1
318,45490,957,348,112,42,1,-1,-1,-1
318,45480,595,384,98,79,1,-1,-1,-1
318,45472,616,371,52,14,1,-1,-1,-1
319,45502,1093,362,99,30,1,-1,-1,-1
319,45498,634,359,88,39,1,-1,-1,-1
319,45495,855,351,85,41,1,-1,-1,-1
319,45490,959,349,113,43,1,-1,-1,-1
319,45480,594,386,99,80,1,-1,-1,-1
319,45472,615,372,53,15,1,-1,-1,-1
320,45502,1094,364,95,30,1,-1,-1,-1
320,45498,630,360,89,40,1,-1,-1,-1
320,45495,857,352,109,42,1,-1,-1,-1
320,45490,964,351,131,43,1,-1,-1,-1
320,45480,594,388,99,80,1,-1,-1,-1
320,45472,615,374,52,15,1,-1,-1,-1
321,45502,1104,365,87,28,1,-1,-1,-1
321,45498,627,361,89,40,1,-1,-1,-1
321,45495,855,353,121,42,1,-1,-1,-1
321,45490,972,352,135,43,1,-1,-1,-1
321,45480,593,389,100,80,1,-1,-1,-1
321,45472,614,375,53,15,1,-1,-1,-1
322,45502,1116,365,73,31,1,-1,-1,-1
322,45498,621,361,92,41,1,-1,-1,-1
322,45495,856,353,130,43,1,-1,-1,-1
322,45490,984,352,134,44,1,-1,-1,-1
322,45480,593,389,100,81,1,-1,-1,-1
322,45472,614,375,53,15,1,-1,-1,-1
323,45502,1128,365,61,30,1,-1,-1,-1
323,45498,617,361,92,41,1,-1,-1,-1
323,45495,856,353,134,42,1,-1,-1,-1
323,45490,998,351,133,44,1,-1,-1,-1
323,45480,592,389,101,81,1,-1,-1,-1
323,45472,613,375,54,14,1,-1,-1,-1
324,45502,1140,364,50,28,1,-1,-1,-1
324,45498,612,360,94,41,1,-1,-1,-1
324,45495,857,352,134,43,1,-1,-1,-1
324,45490,1008,351,134,44,1,-1,-1,-1
324,45480,592,388,101,81,1,-1,-1,-1
324,45472,613,374,54,15,1,-1,-1,-1
325,45498,608,359,95,42,1,-1,-1,-1
325,45495,856,351,137,43,1,-1,-1,-1
325,45490,1019,350,135,44,1,-1,-1,-1
325,45480,591,387,102,82,1,-1,-1,-1
325,45472,612,374,55,14,1,-1,-1,-1
326,45498,604,359,95,41,1,-1,-1,-1
326,45495,856,350,138,44,1,-1,-1,-1
326,45490,1029,349,128,45,1,-1,-1,-1
326,45480,591,387,102,82,1,-1,-1,-1
326,45472,612,373,55,15,1,-1,-1,-1
327,45498,600,359,96,41,1,-1,-1,-1
327,45495,857,350,139,44,1,-1,-1,-1
327,45490,1040,349,120,45,1,-1,-1,-1
327,45480,590,387,103,83,1,-1,-1,-1
327,45472,612,373,55,15,1,-1,-1,-1
328,45498,596,359,96,42,1,-1,-1,-1
328,45495,859,350,139,44,1,-1,-1,-1
328,45490,1050,349,142,45,1,-1,-1,-1
328,45480,589,388,105,84,1,-1,-1,-1
328,45472,611,373,56,15,1,-1,-1,-1
329,45498,591,359,98,40,1,-1,-1,-1
329,45495,861,351,138,44,1,-1,-1,-1
329,45490,1061,349,143,46,1,-1,-1,-1
329,45480,588,388,107,86,1,-1,-1,-1
329,45472,611,374,56,15,1,-1,-1,-1
330,45498,587,360,98,42,1,-1,-1,-1
330,45495,862,351,133,45,1,-1,-1,-1
330,45490,1072,350,146,46,1,-1,-1,-1
330,45480,588,389,107,88,1,-1,-1,-1
330,45472,611,375,56,15,1,-1,-1,-1
331,45498,583,360,98,43,1,-1,-1,-1
331,45495,864,352,131,45,1,-1,-1,-1
331,45490,1084,350,147,47,1,-1,-1,-1
331,45480,586,390,110,89,1,-1,-1,-1
331,45472,610,375,57,16,1,-1,-1,-1
332,45498,578,360,99,44,1,-1,-1,-1
332,45495,866,352,130,45,1,-1,-1,-1
332,45490,1095,350,149,47,1,-1,-1,-1
332,45480,585,391,112,90,1,-1,-1,-1
332,45472,610,375,57,16,1,-1,-1,-1
333,45502,1073,361,33,31,1,-1,-1,-1
333,45498,573,360,100,44,1,-1,-1,-1
333,45495,868,351,128,46,1,-1,-1,-1
333,45490,1107,350,147,47,1,-1,-1,-1
333,45480,584,391,114,92,1,-1,-1,-1
333,45472,609,375,59,17,1,-1,-1,-1
334,45502,1073,360,43,33,1,-1,-1,-1
334,45498,569,359,100,46,1,-1,-1,-1
334,45495,870,351,126,46,1,-1,-1,-1
334,45490,1119,350,139,47,1,-1,-1,-1
334,45480,583,391,116,93,1,-1,-1,-1
334,45472,609,375,59,17,1,-1,-1,-1
335,45502,1073,359,57,34,1,-1,-1,-1
335,45498,564,359,100,47,1,-1,-1,-1
335,45495,854,350,141,47,1,-1,-1,-1
335,45490,1131,350,132,47,1,-1,-1,-1
335,45480,582,391,117,95,1,-1,-1,-1
335,45472,609,375,59,17,1,-1,-1,-1
336,45502,1074,359,68,38,1,-1,-1,-1
336,45498,559,359,100,48,1,-1,-1,-1
336,45495,854,350,130,47,1,-1,-1,-1
336,45490,1143,362,124,35,1,-1,-1,-1
336,45480,581,391,119,96,1,-1,-1,-1
336,45472,608,374,60,18,1,-1,-1,-1
337,45502,1076,359,78,38,1,-1,-1,-1
337,45498,554,359,100,48,1,-1,-1,-1
337,45495,855,350,132,47,1,-1,-1,-1
337,45490,1155,362,117,35,1,-1,-1,-1
337,45480,580,391,121,98,1,-1,-1,-1
337,45472,608,375,60,18,1,-1,-1,-1
338,45502,1078,359,88,39,1,-1,-1,-1
338,45498,550,359,100,49,1,-1,-1,-1
338,45495,857,350,134,48,1,-1,-1,-1
338,45490,1167,362,107,36,1,-1,-1,-1
338,45480,579,392,123,100,1,-1,-1,-1
338,45472,608,375,60,18,1,-1,-1,-1
339,45502,1081,359,98,40,1,-1,-1,-1
339,45498,545,359,101,50,1,-1,-1,-1
339,45495,859,351,134,48,1,-1,-1,-1
339,45490,1180,363,99,36,1,-1,-1,-1
339,45480,578,393,125,102,1,-1,-1,-1
339,45472,608,376,60,18,1,-1,-1,-1
340,45502,1085,360,106,39,1,-1,-1,-1
340,45498,540,360,101,51,1,-1,-1,-1
340,45495,860,351,137,48,1,-1,-1,-1
340,45490,1192,363,87,36,1,-1,-1,-1
340,45480,577,394,127,104,1,-1,-1,-1
340,45472,607,376,62,19,1,-1,-1,-1
341,45502,1088,360,108,40,1,-1,-1,-1
341,45498,534,360,103,51,1,-1,-1,-1
341,45495,862,351,135,49,1,-1,-1,-1
341,45490,1205,364,74,36,1,-1,-1,-1
341,45480,576,395,130,105,1,-1,-1,-1
341,45472,607,376,62,20,1,-1,-1,-1
342,45502,1092,359,107,41,1,-1,-1,-1
342,45498,529,359,103,53,1,-1,-1,-1
342,45495,864,351,133,49,1,-1,-1,-1
342,45490,1218,364,61,36,1,-1,-1,-1
342,45480,574,395,133,108,1,-1,-1,-1
342,45472,607,376,62,20,1,-1,-1,-1
343,45502,1096,359,106,41,1,-1,-1,-1
343,45498,524,359,104,53,1,-1,-1,-1
343,45495,866,350,131,50,1,-1,-1,-1
343,45490,1251,364,28,36,1,-1,-1,-1
343,45480,573,395,135,110,1,-1,-1,-1
343,45472,606,376,63,20,1,-1,-1,-1
344,45502,1100,359,104,41,1,-1,-1,-1
344,45498,520,359,103,54,1,-1,-1,-1
344,45495,868,350,132,50,1,-1,-1,-1
344,45490,1256,364,23,36,1,-1,-1,-1
344,45480,572,395,137,112,1,-1,-1,-1
344,45472,606,376,63,20,1,-1,-1,-1
345,45502,1103,359,104,41,1,-1,-1,-1
345,45498,515,358,104,55,1,-1,-1,-1
345,45495,845,349,156,51,1,-1,-1,-1
345,45490,1260,363,19,37,1,-1,-1,-1
345,45480,570,396,141,114,1,-1,-1,-1
345,45472,606,376,63,21,1,-1,-1,-1
346,45502,1107,359,103,41,1,-1,-1,-1
346,45498,510,358,105,57,1,-1,-1,-1
346,45495,844,350,151,50,1,-1,-1,-1
346,45480,569,396,143,117,1,-1,-1,-1
346,45472,605,376,65,22,1,-1,-1,-1
347,45502,1112,359,108,42,1,-1,-1,-1
347,45498,506,359,105,57,1,-1,-1,-1
347,45495,843,350,152,51,1,-1,-1,-1
347,45480,567,397,146,119,1,-1,-1,-1
347,45472,605,376,65,22,1,-1,-1,-1
348,45502,1117,360,105,42,1,-1,-1,-1
348,45498,501,359,106,58,1,-1,-1,-1
348,45495,841,350,154,52,1,-1,-1,-1
348,45480,566,398,149,122,1,-1,-1,-1
348,45472,605,377,65,23,1,-1,-1,-1
349,45502,1122,360,104,42,1,-1,-1,-1
349,45498,496,359,108,60,1,-1,-1,-1
349,45495,840,350,154,53,1,-1,-1,-1
349,45480,564,399,153,125,1,-1,-1,-1
349,45472,604,377,66,24,1,-1,-1,-1
350,45502,1126,360,103,43,1,-1,-1,-1
350,45498,492,359,108,61,1,-1,-1,-1
350,45495,839,350,155,54,1,-1,-1,-1
350,45480,562,400,156,127,1,-1,-1,-1
350,45472,604,378,67,23,1,-1,-1,-1
351,45502,1131,360,100,43,1,-1,-1,-1
351,45498,488,359,107,62,1,-1,-1,-1
351,45495,837,350,162,54,1,-1,-1,-1
351,45480,561,401,159,129,1,-1,-1,-1
351,45472,604,377,67,25,1,-1,-1,-1
352,45502,1105,359,128,44,1,-1,-1,-1
352,45498,483,359,108,62,1,-1,-1,-1
352,45495,836,349,162,56,1,-1,-1,-1
352,45480,559,401,163,133,1,-1,-1,-1
352,45472,603,377,68,25,1,-1,-1,-1
353,45502,1106,359,128,44,1,-1,-1,-1
353,45498,479,358,108,64,1,-1,-1,-1
353,45495,834,349,162,57,1,-1,-1,-1
353,45480,557,401,167,136,1,-1,-1,-1
353,45472,603,377,68,26,1,-1,-1,-1
354,45502,1107,359,130,44,1,-1,-1,-1
354,45498,475,358,107,65,1,-1,-1,-1
354,45495,832,349,164,57,1,-1,-1,-1
354,45480,555,402,171,139,1,-1,-1,-1
354,45472,603,377,69,26,1,-1,-1,-1
355,45502,1110,359,129,41,1,-1,-1,-1
355,45498,470,358,108,67,1,-1,-1,-1
355,45495,830,349,163,58,1,-1,-1,-1
355,45480,553,403,175,142,1,-1,-1,-1
355,45472,602,377,70,27,1,-1,-1,-1
356,45502,1111,359,130,41,1,-1,-1,-1
356,45498,465,359,108,68,1,-1,-1,-1
356,45495,829,349,166,59,1,-1,-1,-1
356,45480,551,404,179,146,1,-1,-1,-1
356,45472,602,378,70,27,1,-1,-1,-1
357,45502,1110,360,121,44,1,-1,-1,-1
357,45498,460,360,108,69,1,-1,-1,-1
357,45495,827,350,163,58,1,-1,-1,-1
357,45480,549,405,183,150,1,-1,-1,-1
357,45472,602,379,71,27,1,-1,-1,-1
358,45502,1111,360,122,46,1,-1,-1,-1
358,45498,455,360,109,71,1,-1,-1,-1
358,45495,824,350,168,59,1,-1,-1,-1
358,45480,547,406,187,153,1,-1,-1,-1
358,45472,601,379,72,29,1,-1,-1,-1
359,45502,1112,360,123,46,1,-1,-1,-1
359,45498,450,360,109,73,1,-1,-1,-1
359,45495,822,350,163,59,1,-1,-1,-1
359,45480,544,407,192,157,1,-1,-1,-1
359,45472,601,379,73,29,1,-1,-1,-1
360,45502,1114,360,122,46,1,-1,-1,-1
360,45498,444,359,110,76,1,-1,-1,-1
360,45495,820,349,163,60,1,-1,-1,-1
360,45480,542,407,197,162,1,-1,-1,-1
360,45472,600,378,74,31,1,-1,-1,-1
361,45502,1113,359,123,46,1,-1,-1,-1
361,45498,439,358,110,78,1,-1,-1,-1
361,45495,818,348,163,60,1,-1,-1,-1
361,45480,540,407,201,166,1,-1,-1,-1
361,45472,600,378,74,31,1,-1,-1,-1
362,45502,1113,363,127,42,1,-1,-1,-1
362,45498,433,357,111,81,1,-1,-1,-1
362,45495,820,347,159,61,1,-1,-1,-1
362,45480,537,408,207,169,1,-1,-1,-1
362,45472,600,377,75,32,1,-1,-1,-1
363,45502,1119,362,122,43,1,-1,-1,-1
363,45498,427,356,113,83,1,-1,-1,-1
363,45495,811,346,165,61,1,-1,-1,-1
363,45480,535,408,211,173,1,-1,-1,-1
363,45472,599,376,76,33,1,-1,-1,-1
364,45502,1123,362,119,42,1,-1,-1,-1
364,45498,421,356,115,85,1,-1,-1,-1
364,45495,807,345,171,61,1,-1,-1,-1
364,45480,533,407,215,177,1,-1,-1,-1
364,45472,599,376,76,33,1,-1,-1,-1
365,45502,1121,359,126,43,1,-1,-1,-1
365,45498,414,353,117,88,1,-1,-1,-1
365,45495,803,343,172,61,1,-1,-1,-1
365,45480,532,405,216,177,1,-1,-1,-1
365,45472,599,373,76,34,1,-1,-1,-1
366,45502,1119,356,125,43,1,-1,-1,-1
366,45498,408,350,120,90,1,-1,-1,-1
366,45495,798,340,173,61,1,-1,-1,-1
366,45480,533,402,215,176,1,-1,-1,-1
366,45472,599,370,76,34,1,-1,-1,-1
367,45502,1115,356,126,43,1,-1,-1,-1
367,45498,402,350,122,92,1,-1,-1,-1
367,45495,794,339,170,61,1,-1,-1,-1
367,45480,534,401,213,175,1,-1,-1,-1
367,45472,599,370,76,33,1,-1,-1,-1
368,45502,1113,356,124,43,1,-1,-1,-1
368,45498,396,350,125,95,1,-1,-1,-1
368,45495,789,340,171,61,1,-1,-1,-1
368,45480,534,402,212,173,1,-1,-1,-1
368,45472,598,370,77,33,1,-1,-1,-1
369,45502,1111,357,123,43,1,-1,-1,-1
369,45498,389,351,129,98,1,-1,-1,-1
369,45495,784,341,169,61,1,-1,-1,-1
369,45480,536,402,208,172,1,-1,-1,-1
369,45472,598,371,76,33,1,-1,-1,-1
370,45502,1111,359,119,43,1,-1,-1,-1
370,45498,381,352,133,101,1,-1,-1,-1
370,45495,779,342,164,62,1,-1,-1,-1
370,45480,537,403,206,169,1,-1,-1,-1
370,45472,598,372,76,32,1,-1,-1,-1
371,45502,1102,360,124,43,1,-1,-1,-1
371,45498,372,353,139,104,1,-1,-1,-1
371,45495,773,344,165,61,1,-1,-1,-1
371,45480,537,404,206,168,1,-1,-1,-1
371,45472,598,373,76,32,1,-1,-1,-1
372,45502,1099,361,121,43,1,-1,-1,-1
372,45498,363,354,144,108,1,-1,-1,-1
372,45495,768,345,164,61,1,-1,-1,-1
372,45480,537,405,205,167,1,-1,-1,-1
372,45472,598,374,75,32,1,-1,-1,-1
373,45502,1099,361,120,43,1,-1,-1,-1
373,45498,353,355,151,111,1,-1,-1,-1
373,45495,762,345,164,62,1,-1,-1,-1
373,45480,538,405,203,167,1,-1,-1,-1
373,45472,598,375,75,32,1,-1,-1,-1
374,45502,1099,362,116,43,1,-1,-1,-1
374,45498,342,356,158,115,1,-1,-1,-1
374,45495,757,346,168,62,1,-1,-1,-1
374,45480,539,406,201,164,1,-1,-1,-1
374,45472,598,376,74,31,1,-1,-1,-1
375,45502,1099,363,111,43,1,-1,-1,-1
375,45498,330,356,166,120,1,-1,-1,-1
375,45495,751,347,169,61,1,-1,-1,-1
375,45480,540,406,199,162,1,-1,-1,-1
375,45472,598,376,74,31,1,-1,-1,-1
376,45502,1084,362,120,42,1,-1,-1,-1
376,45498,317,357,175,123,1,-1,-1,-1
376,45495,746,347,166,62,1,-1,-1,-1
376,45480,542,406,195,160,1,-1,-1,-1
376,45472,598,376,73,31,1,-1,-1,-1
377,45502,1067,361,133,43,1,-1,-1,-1
377,45498,303,357,184,129,1,-1,-1,-1
377,45495,740,347,162,62,1,-1,-1,-1
377,45480,543,405,193,158,1,-1,-1,-1
377,45472,598,377,73,30,1,-1,-1,-1
378,45502,1062,360,133,42,1,-1,-1,-1
378,45498,287,357,196,134,1,-1,-1,-1
378,45495,735,348,148,61,1,-1,-1,-1
378,45480,545,405,189,155,1,-1,-1,-1
378,45472,598,377,73,30,1,-1,-1,-1
379,45502,1057,360,134,44,1,-1,-1,-1
379,45498,271,357,207,140,1,-1,-1,-1
379,45495,730,348,153,61,1,-1,-1,-1
379,45480,547,405,186,152,1,-1,-1,-1
379,45472,598,377,72,30,1,-1,-1,-1
380,45502,1054,360,107,47,1,-1,-1,-1
380,45498,252,357,220,147,1,-1,-1,-1
380,45495,726,348,157,62,1,-1,-1,-1
380,45480,548,404,183,149,1,-1,-1,-1
380,45472,597,377,72,29,1,-1,-1,-1
381,45502,1048,359,113,48,1,-1,-1,-1
381,45498,232,357,235,154,1,-1,-1,-1
381,45495,721,348,162,62,1,-1,-1,-1
381,45480,550,404,179,146,1,-1,-1,-1
381,45472,597,377,71,29,1,-1,-1,-1
382,45502,1043,359,118,49,1,-1,-1,-1
382,45498,209,357,252,161,1,-1,-1,-1
382,45495,716,348,167,62,1,-1,-1,-1
382,45480,552,403,175,143,1,-1,-1,-1
382,45472,597,377,71,28,1,-1,-1,-1
383,45502,1038,359,123,47,1,-1,-1,-1
383,45498,184,357,270,170,1,-1,-1,-1
383,45495,711,348,166,62,1,-1,-1,-1
383,45480,554,402,172,141,1,-1,-1,-1
383,45472,597,377,70,28,1,-1,-1,-1
384,45502,1033,359,128,48,1,-1,-1,-1
384,45498,156,357,291,179,1,-1,-1,-1
384,45495,706,349,166,61,1,-1,-1,-1
384,45480,555,402,170,138,1,-1,-1,-1
384,45472,597,377,70,28,1,-1,-1,-1
385,45502,1029,359,131,48,1,-1,-1,-1
385,45498,124,357,316,190,1,-1,-1,-1
385,45495,701,349,165,61,1,-1,-1,-1
385,45480,556,402,168,136,1,-1,-1,-1
385,45472,597,377,69,27,1,-1,-1,-1
386,45502,1023,359,132,48,1,-1,-1,-1
386,45498,86,357,346,201,1,-1,-1,-1
386,45495,695,349,166,61,1,-1,-1,-1
386,45480,557,402,166,135,1,-1,-1,-1
386,45472,597,377,69,28,1,-1,-1,-1
387,45502,1021,359,129,49,1,-1,-1,-1
387,45498,43,357,380,214,1,-1,-1,-1
387,45495,690,349,165,62,1,-1,-1,-1
387,45480,557,402,166,136,1,-1,-1,-1
387,45472,597,377,69,29,1,-1,-1,-1
388,45502,1022,360,122,49,1,-1,-1,-1
388,45498,0,357,413,230,1,-1,-1,-1
388,45495,684,349,165,62,1,-1,-1,-1
388,45480,557,402,166,136,1,-1,-1,-1
388,45472,597,377,69,28,1,-1,-1,-1
389,45502,1019,360,119,49,1,-1,-1,-1
389,45498,0,358,402,249,1,-1,-1,-1
389,45495,678,350,165,62,1,-1,-1,-1
389,45480,557,403,166,134,1,-1,-1,-1
389,45472,597,378,69,29,1,-1,-1,-1
390,45502,1014,361,119,49,1,-1,-1,-1
390,45498,0,358,389,274,1,-1,-1,-1
390,45495,672,350,165,62,1,-1,-1,-1
390,45480,558,403,164,134,1,-1,-1,-1
390,45472,597,379,69,28,1,-1,-1,-1
391,45502,1009,361,109,50,1,-1,-1,-1
391,45498,0,358,375,298,1,-1,-1,-1
391,45495,666,351,165,62,1,-1,-1,-1
391,45480,558,403,164,134,1,-1,-1,-1
391,45472,597,379,69,29,1,-1,-1,-1
392,45502,1005,362,103,49,1,-1,-1,-1
392,45498,0,359,359,332,1,-1,-1,-1
392,45495,661,351,159,62,1,-1,-1,-1
392,45480,558,404,163,133,1,-1,-1,-1
392,45472,596,380,70,28,1,-1,-1,-1
393,45502,1000,362,108,50,1,-1,-1,-1
393,45498,0,359,340,360,1,-1,-1,-1
393,45495,655,352,163,62,1,-1,-1,-1
393,45480,559,404,162,132,1,-1,-1,-1
393,45472,596,380,70,29,1,-1,-1,-1
394,45502,981,362,113,50,1,-1,-1,-1
394,45498,0,358,318,361,1,-1,-1,-1
394,45495,653,352,158,62,1,-1,-1,-1
394,45480,559,404,162,131,1,-1,-1,-1
394,45472,596,380,70,29,1,-1,-1,-1
395,45502,977,362,119,49,1,-1,-1,-1
395,45498,0,358,293,332,1,-1,-1,-1
395,45495,651,352,153,62,1,-1,-1,-1
395,45480,559,404,162,131,1,-1,-1,-1
395,45472,596,380,70,29,1,-1,-1,-1
396,45502,972,362,119,50,1,-1,-1,-1
396,45498,0,357,263,333,1,-1,-1,-1
396,45495,645,352,152,62,1,-1,-1,-1
396,45480,558,404,163,133,1,-1,-1,-1
396,45472,596,380,70,29,1,-1,-1,-1
397,45502,966,362,120,51,1,-1,-1,-1
397,45498,0,357,227,333,1,-1,-1,-1
397,45495,639,352,151,63,1,-1,-1,-1
397,45480,557,405,165,134,1,-1,-1,-1
397,45472,596,381,71,29,1,-1,-1,-1
398,45502,966,363,120,50,1,-1,-1,-1
398,45498,0,357,182,362,1,-1,-1,-1
398,45495,633,352,150,63,1,-1,-1,-1
398,45480,556,405,167,137,1,-1,-1,-1
398,45472,595,381,72,29,1,-1,-1,-1
399,45502,969,363,118,51,1,-1,-1,-1
399,45498,0,361,125,358,1,-1,-1,-1
399,45495,622,352,154,64,1,-1,-1,-1
399,45480,555,406,170,138,1,-1,-1,-1
399,45472,595,381,72,30,1,-1,-1,-1
400,45502,965,363,119,52,1,-1,-1,-1
400,45498,0,466,50,226,1,-1,-1,-1
400,45495,601,352,167,64,1,-1,-1,-1
400,45480,554,407,172,140,1,-1,-1,-1
400,45472,595,382,72,29,1,-1,-1,-1
401,45502,946,363,134,52,1,-1,-1,-1
401,45495,592,353,167,64,1,-1,-1,-1
401,45480,552,408,176,143,1,-1,-1,-1
401,45472,595,382,73,29,1,-1,-1,-1
402,45502,942,364,131,51,1,-1,-1,-1
402,45495,582,353,168,64,1,-1,-1,-1
402,45480,550,409,179,146,1,-1,-1,-1
402,45472,594,383,74,30,1,-1,-1,-1
403,45502,938,364,133,52,1,-1,-1,-1
403,45495,572,353,169,65,1,-1,-1,-1
403,45480,548,410,184,150,1,-1,-1,-1
403,45472,594,383,74,30,1,-1,-1,-1
404,45502,938,364,119,50,1,-1,-1,-1
404,45495,561,353,170,66,1,-1,-1,-1
404,45480,546,411,188,155,1,-1,-1,-1
404,45472,593,384,76,30,1,-1,-1,-1
405,45502,942,364,111,51,1,-1,-1,-1
405,45495,550,353,171,66,1,-1,-1,-1
405,45480,543,412,194,159,1,-1,-1,-1
405,45472,593,384,76,31,1,-1,-1,-1
406,45502,939,363,113,55,1,-1,-1,-1
406,45495,539,352,172,66,1,-1,-1,-1
406,45480,540,412,200,164,1,-1,-1,-1
406,45472,593,383,77,33,1,-1,-1,-1
407,45502,937,362,119,55,1,-1,-1,-1
407,45495,527,351,173,67,1,-1,-1,-1
407,45480,537,412,206,169,1,-1,-1,-1
407,45472,592,382,79,33,1,-1,-1,-1
408,45502,916,361,123,55,1,-1,-1,-1
408,45495,515,350,174,67,1,-1,-1,-1
408,45480,534,412,212,174,1,-1,-1,-1
408,45472,592,381,79,34,1,-1,-1,-1
409,45502,909,360,126,55,1,-1,-1,-1
409,45495,503,348,175,68,1,-1,-1,-1
409,45480,532,412,216,178,1,-1,-1,-1
409,45472,591,380,80,35,1,-1,-1,-1
410,45502,903,358,133,56,1,-1,-1,-1
410,45495,491,347,168,68,1,-1,-1,-1
410,45480,529,412,222,182,1,-1,-1,-1
410,45472,591,379,81,36,1,-1,-1,-1
411,45502,898,357,139,53,1,-1,-1,-1
411,45495,479,346,169,68,1,-1,-1,-1
411,45480,526,411,228,189,1,-1,-1,-1
411,45472,591,378,81,36,1,-1,-1,-1
412,45502,900,355,131,53,1,-1,-1,-1
412,45495,467,344,169,68,1,-1,-1,-1
412,45480,525,410,231,192,1,-1,-1,-1
412,45472,590,376,83,37,1,-1,-1,-1
413,45502,887,352,139,56,1,-1,-1,-1
413,45495,455,341,170,68,1,-1,-1,-1
413,45480,524,407,232,193,1,-1,-1,-1
413,45472,590,373,82,37,1,-1,-1,-1
414,45502,881,350,128,57,1,-1,-1,-1
414,45495,443,339,172,69,1,-1,-1,-1
414,45480,524,405,232,194,1,-1,-1,-1
414,45472,590,371,83,37,1,-1,-1,-1
415,45502,876,350,127,57,1,-1,-1,-1
415,45495,432,339,172,69,1,-1,-1,-1
415,45480,524,406,232,193,1,-1,-1,-1
415,45472,590,371,83,38,1,-1,-1,-1
416,45502,871,351,127,57,1,-1,-1,-1
416,45495,421,340,175,69,1,-1,-1,-1
416,45480,524,406,232,194,1,-1,-1,-1
416,45472,590,372,83,37,1,-1,-1,-1
417,45502,867,352,126,57,1,-1,-1,-1
417,45495,410,341,181,69,1,-1,-1,-1
417,45480,524,408,232,193,1,-1,-1,-1
417,45472,590,373,83,37,1,-1,-1,-1
418,45502,862,353,129,57,1,-1,-1,-1
418,45495,398,342,182,69,1,-1,-1,-1
418,45480,524,409,232,193,1,-1,-1,-1
418,45472,590,374,83,37,1,-1,-1,-1
419,45502,859,354,132,57,1,-1,-1,-1
419,45495,387,343,183,69,1,-1,-1,-1
419,45480,524,409,232,194,1,-1,-1,-1
419,45472,590,375,83,37,1,-1,-1,-1
420,45502,855,354,136,58,1,-1,-1,-1
420,45495,376,344,183,69,1,-1,-1,-1
420,45480,524,410,232,194,1,-1,-1,-1
420,45472,590,376,83,37,1,-1,-1,-1
421,45502,851,355,132,57,1,-1,-1,-1
421,45495,365,345,184,68,1,-1,-1,-1
421,45480,524,411,232,193,1,-1,-1,-1
421,45472,590,377,82,37,1,-1,-1,-1
422,45502,847,356,135,57,1,-1,-1,-1
422,45495,353,345,186,69,1,-1,-1,-1
422,45480,524,412,232,193,1,-1,-1,-1
422,45472,590,377,82,37,1,-1,-1,-1
423,45502,843,357,136,57,1,-1,-1,-1
423,45495,342,346,186,68,1,-1,-1,-1
423,45480,524,412,232,193,1,-1,-1,-1
423,45472,590,378,82,37,1,-1,-1,-1
424,45502,839,357,134,57,1,-1,-1,-1
424,45495,331,346,187,69,1,-1,-1,-1
424,45480,524,412,232,194,1,-1,-1,-1
424,45472,590,378,83,37,1,-1,-1,-1
425,45502,835,358,136,56,1,-1,-1,-1
425,45495,320,346,187,69,1,-1,-1,-1
425,45480,524,413,232,193,1,-1,-1,-1
425,45472,590,378,82,38,1,-1,-1,-1
426,45502,831,358,123,57,1,-1,-1,-1
426,45495,308,347,189,68,1,-1,-1,-1
426,45480,524,413,232,193,1,-1,-1,-1
426,45472,590,379,82,37,1,-1,-1,-1
427,45502,826,358,103,57,1,-1,-1,-1
427,45495,297,347,190,69,1,-1,-1,-1
427,45480,524,413,232,193,1,-1,-1,-1
427,45472,590,379,82,37,1,-1,-1,-1
428,45502,822,358,107,57,1,-1,-1,-1
428,45495,286,347,190,69,1,-1,-1,-1
428,45480,524,413,232,193,1,-1,-1,-1
428,45472,590,379,82,37,1,-1,-1,-1
429,45502,818,359,111,56,1,-1,-1,-1
429,45495,274,347,191,69,1,-1,-1,-1
429,45480,524,413,232,193,1,-1,-1,-1
429,45472,590,379,82,37,1,-1,-1,-1
430,45502,814,359,115,56,1,-1,-1,-1
430,45495,262,347,193,69,1,-1,-1,-1
430,45480,524,413,232,193,1,-1,-1,-1
430,45472,589,379,83,37,1,-1,-1,-1
431,45502,809,359,120,56,1,-1,-1,-1
431,45495,251,347,193,69,1,-1,-1,-1
431,45480,525,413,230,192,1,-1,-1,-1
431,45472,589,379,83,38,1,-1,-1,-1
432,45502,805,358,124,57,1,-1,-1,-1
432,45495,239,347,194,69,1,-1,-1,-1
432,45480,525,413,230,191,1,-1,-1,-1
432,45472,589,379,83,37,1,-1,-1,-1
433,45502,801,358,128,57,1,-1,-1,-1
433,45495,231,347,191,69,1,-1,-1,-1
433,45486,1242,378,17,33,1,-1,-1,-1
433,45480,526,413,228,190,1,-1,-1,-1
433,45472,589,379,82,37,1,-1,-1,-1
434,45502,797,359,132,56,1,-1,-1,-1
434,45495,215,347,196,69,1,-1,-1,-1
434,45486,1235,371,24,41,1,-1,-1,-1
434,45480,527,412,226,189,1,-1,-1,-1
434,45472,588,379,83,37,1,-1,-1,-1
435,45502,793,358,133,57,1,-1,-1,-1
435,45495,212,347,188,69,1,-1,-1,-1
435,45486,1228,370,31,42,1,-1,-1,-1
435,45480,528,412,224,186,1,-1,-1,-1
435,45472,588,379,82,37,1,-1,-1,-1
436,45502,788,358,131,57,1,-1,-1,-1
436,45495,190,347,198,69,1,-1,-1,-1
436,45486,1223,367,36,45,1,-1,-1,-1
436,45480,529,412,222,184,1,-1,-1,-1
436,45472,587,379,83,37,1,-1,-1,-1
437,45502,784,358,133,57,1,-1,-1,-1
437,45495,178,347,199,69,1,-1,-1,-1
437,45486,1213,366,46,46,1,-1,-1,-1
437,45480,530,411,220,181,1,-1,-1,-1
437,45472,587,379,82,37,1,-1,-1,-1
438,45502,780,358,132,57,1,-1,-1,-1
438,45495,165,347,200,69,1,-1,-1,-1
438,45486,1206,366,53,47,1,-1,-1,-1
438,45480,532,411,216,178,1,-1,-1,-1
438,45472,586,379,83,38,1,-1,-1,-1
439,45502,776,358,132,57,1,-1,-1,-1
439,45495,153,347,201,68,1,-1,-1,-1
439,45486,1198,366,61,49,1,-1,-1,-1
439,45480,533,410,215,176,1,-1,-1,-1
439,45472,586,378,83,39,1,-1,-1,-1
440,45502,772,358,131,57,1,-1,-1,-1
440,45495,140,347,202,69,1,-1,-1,-1
440,45486,1190,366,69,49,1,-1,-1,-1
440,45480,534,410,212,174,1,-1,-1,-1
440,45472,585,378,83,40,1,-1,-1,-1
441,45502,767,358,121,57,1,-1,-1,-1
441,45495,127,347,203,69,1,-1,-1,-1
441,45486,1184,366,75,49,1,-1,-1,-1
441,45480,536,409,209,172,1,-1,-1,-1
441,45472,585,378,82,40,1,-1,-1,-1
442,45502,763,358,125,57,1,-1,-1,-1
442,45495,114,347,204,69,1,-1,-1,-1
442,45486,1184,365,75,50,1,-1,-1,-1
442,45480,537,409,206,169,1,-1,-1,-1
442,45472,584,378,82,41,1,-1,-1,-1
443,45502,759,358,129,57,1,-1,-1,-1
443,45495,101,347,204,69,1,-1,-1,-1
443,45486,1184,348,75,67,1,-1,-1,-1
443,45480,539,408,202,166,1,-1,-1,-1
443,45472,583,378,82,43,1,-1,-1,-1
444,45502,755,358,131,57,1,-1,-1,-1
444,45495,87,347,206,69,1,-1,-1,-1
444,45486,1183,348,76,67,1,-1,-1,-1
444,45480,540,407,200,164,1,-1,-1,-1
444,45472,583,378,82,43,1,-1,-1,-1
445,45502,751,358,130,57,1,-1,-1,-1
445,45495,74,347,207,68,1,-1,-1,-1
445,45486,1144,348,115,67,1,-1,-1,-1
445,45480,542,407,196,161,1,-1,-1,-1
445,45472,582,378,82,45,1,-1,-1,-1
446,45502,747,358,131,57,1,-1,-1,-1
446,45495,60,347,208,68,1,-1,-1,-1
446,45486,1138,348,121,67,1,-1,-1,-1
446,45480,542,407,196,160,1,-1,-1,-1
446,45472,581,378,82,47,1,-1,-1,-1
447,45502,744,358,130,57,1,-1,-1,-1
447,45495,46,347,209,68,1,-1,-1,-1
447,45486,1138,347,121,66,1,-1,-1,-1
447,45480,542,407,196,160,1,-1,-1,-1
447,45472,580,377,82,48,1,-1,-1,-1
448,45502,741,358,130,57,1,-1,-1,-1
448,45495,32,347,211,69,1,-1,-1,-1
448,45486,1138,347,121,65,1,-1,-1,-1
448,45480,542,407,195,160,1,-1,-1,-1
448,45472,577,377,84,50,1,-1,-1,-1
449,45502,738,358,130,57,1,-1,-1,-1
449,45495,18,347,205,69,1,-1,-1,-1
449,45486,1138,347,121,66,1,-1,-1,-1
449,45480,543,407,194,159,1,-1,-1,-1
449,45472,575,377,85,50,1,-1,-1,-1
450,45502,735,358,130,57,1,-1,-1,-1
450,45495,4,347,212,69,1,-1,-1,-1
450,45486,1137,347,122,68,1,-1,-1,-1
450,45480,544,406,192,158,1,-1,-1,-1
450,45472,573,377,86,49,1,-1,-1,-1
451,45502,734,358,130,57,1,-1,-1,-1
451,45495,0,347,201,69,1,-1,-1,-1
451,45486,1129,347,130,68,1,-1,-1,-1
451,45480,544,406,191,157,1,-1,-1,-1
451,45472,571,377,86,49,1,-1,-1,-1
452,45502,733,357,130,58,1,-1,-1,-1
452,45495,0,347,189,69,1,-1,-1,-1
452,45486,1086,347,173,69,1,-1,-1,-1
452,45480,545,406,189,155,1,-1,-1,-1
452,45472,569,377,87,48,1,-1,-1,-1
453,45502,733,357,130,58,1,-1,-1,-1
453,45495,0,347,176,69,1,-1,-1,-1
453,45486,1078,347,181,69,1,-1,-1,-1
453,45480,546,405,187,153,1,-1,-1,-1
453,45472,567,376,87,49,1,-1,-1,-1
454,45502,733,357,130,58,1,-1,-1,-1
454,45495,0,347,163,69,1,-1,-1,-1
454,45486,1074,347,185,69,1,-1,-1,-1
454,45480,547,405,185,151,1,-1,-1,-1
454,45472,565,376,88,48,1,-1,-1,-1
455,45502,733,357,130,58,1,-1,-1,-1
455,45495,0,347,149,69,1,-1,-1,-1
455,45486,1072,347,187,69,1,-1,-1,-1
455,45480,549,404,182,149,1,-1,-1,-1
455,45472,563,376,88,49,1,-1,-1,-1
456,45502,733,357,130,58,1,-1,-1,-1
456,45495,0,347,135,69,1,-1,-1,-1
456,45486,1072,347,187,69,1,-1,-1,-1
456,45480,550,404,179,146,1,-1,-1,-1
456,45472,561,376,88,51,1,-1,-1,-1
457,45502,733,358,130,57,1,-1,-1,-1
457,45495,0,347,121,69,1,-1,-1,-1
457,45486,1072,347,187,69,1,-1,-1,-1
457,45480,551,403,177,144,1,-1,-1,-1
457,45472,559,376,88,53,1,-1,-1,-1
458,45502,733,358,130,57,1,-1,-1,-1
458,45495,0,347,107,69,1,-1,-1,-1
458,45486,1072,347,185,69,1,-1,-1,-1
458,45480,553,403,173,141,1,-1,-1,-1
458,45472,555,376,90,54,1,-1,-1,-1
459,45502,733,358,130,57,1,-1,-1,-1
459,45495,0,347,93,68,1,-1,-1,-1
459,45486,1072,347,185,69,1,-1,-1,-1
459,45480,555,402,169,139,1,-1,-1,-1
459,45472,552,376,91,53,1,-1,-1,-1
460,45502,734,358,130,58,1,-1,-1,-1
460,45495,0,348,79,64,1,-1,-1,-1
460,45486,1072,347,183,69,1,-1,-1,-1
460,45480,556,401,167,136,1,-1,-1,-1
460,45472,548,376,92,52,1,-1,-1,-1
461,45502,734,359,130,57,1,-1,-1,-1
461,45495,0,348,64,64,1,-1,-1,-1
461,45486,1038,347,212,69,1,-1,-1,-1
461,45480,558,401,163,132,1,-1,-1,-1
461,45472,545,376,93,54,1,-1,-1,-1
462,45502,734,359,130,57,1,-1,-1,-1
462,45495,0,348,49,64,1,-1,-1,-1
462,45486,1034,348,212,68,1,-1,-1,-1
462,45480,560,400,159,130,1,-1,-1,-1
462,45472,542,376,93,53,1,-1,-1,-1
463,45502,734,360,130,56,1,-1,-1,-1
463,45495,0,349,34,56,1,-1,-1,-1
463,45486,1030,348,210,69,1,-1,-1,-1
463,45480,562,400,155,126,1,-1,-1,-1
463,45472,537,376,95,53,1,-1,-1,-1
464,45502,734,360,130,57,1,-1,-1,-1
464,45495,0,350,19,54,1,-1,-1,-1
464,45486,1027,349,210,68,1,-1,-1,-1
464,45480,564,400,151,123,1,-1,-1,-1
464,45472,533,376,96,53,1,-1,-1,-1
465,45502,734,360,130,57,1,-1,-1,-1
465,45486,1029,349,204,66,1,-1,-1,-1
465,45480,566,399,147,120,1,-1,-1,-1
465,45472,527,377,99,52,1,-1,-1,-1
466,45502,734,361,131,57,1,-1,-1,-1
466,45486,1030,350,195,64,1,-1,-1,-1
466,45480,568,399,144,117,1,-1,-1,-1
466,45472,523,377,100,52,1,-1,-1,-1
467,45502,735,361,131,58,1,-1,-1,-1
467,45486,1032,350,194,65,1,-1,-1,-1
467,45480,570,399,140,114,1,-1,-1,-1
467,45472,517,377,102,52,1,-1,-1,-1
468,45502,735,362,131,57,1,-1,-1,-1
468,45486,1034,350,189,68,1,-1,-1,-1
468,45480,571,398,138,112,1,-1,-1,-1
468,45472,512,377,104,51,1,-1,-1,-1
469,45502,735,362,132,58,1,-1,-1,-1
469,45486,1037,350,183,69,1,-1,-1,-1
469,45480,573,398,134,109,1,-1,-1,-1
469,45472,505,378,107,50,1,-1,-1,-1
470,45502,736,362,132,58,1,-1,-1,-1
470,45486,1040,351,173,69,1,-1,-1,-1
470,45480,574,398,132,107,1,-1,-1,-1
470,45472,499,378,108,50,1,-1,-1,-1
471,45502,736,362,133,58,1,-1,-1,-1
471,45486,1002,351,213,70,1,-1,-1,-1
471,45480,575,397,130,106,1,-1,-1,-1
471,45472,492,378,111,50,1,-1,-1,-1
472,45502,736,363,134,58,1,-1,-1,-1
472,45486,1000,351,213,70,1,-1,-1,-1
472,45480,576,397,128,104,1,-1,-1,-1
472,45472,485,378,113,50,1,-1,-1,-1
473,45502,737,363,134,58,1,-1,-1,-1
473,45486,997,351,215,69,1,-1,-1,-1
473,45480,577,397,126,102,1,-1,-1,-1
473,45472,477,378,116,50,1,-1,-1,-1
474,45502,737,363,135,58,1,-1,-1,-1
474,45486,997,351,202,67,1,-1,-1,-1
474,45480,578,397,124,101,1,-1,-1,-1
474,45472,468,378,119,49,1,-1,-1,-1
475,45502,738,363,135,59,1,-1,-1,-1
475,45486,994,351,209,67,1,-1,-1,-1
475,45480,579,396,123,100,1,-1,-1,-1
475,45472,460,378,120,49,1,-1,-1,-1
476,45502,738,363,136,59,1,-1,-1,-1
476,45486,993,351,211,70,1,-1,-1,-1
476,45480,579,396,122,99,1,-1,-1,-1
476,45472,451,378,122,50,1,-1,-1,-1
477,45502,739,363,137,60,1,-1,-1,-1
477,45486,995,351,210,72,1,-1,-1,-1
477,45480,580,396,120,98,1,-1,-1,-1
477,45472,441,379,125,49,1,-1,-1,-1
478,45502,739,364,138,60,1,-1,-1,-1
478,45486,997,351,209,73,1,-1,-1,-1
478,45480,580,396,120,97,1,-1,-1,-1
478,45472,432,379,126,49,1,-1,-1,-1
479,45502,740,364,139,61,1,-1,-1,-1
479,45486,1002,352,207,73,1,-1,-1,-1
479,45480,580,397,120,96,1,-1,-1,-1
479,45472,421,379,129,49,1,-1,-1,-1
480,45502,741,364,140,62,1,-1,-1,-1
480,45486,1008,352,204,74,1,-1,-1,-1
480,45480,581,397,118,96,1,-1,-1,-1
480,45472,410,380,131,49,1,-1,-1,-1
481,45502,741,365,142,62,1,-1,-1,-1
481,45486,1014,352,202,75,1,-1,-1,-1
481,45480,581,397,118,96,1,-1,-1,-1
481,45472,399,380,133,50,1,-1,-1,-1
482,45502,742,365,143,62,1,-1,-1,-1
482,45486,1020,352,204,76,1,-1,-1,-1
482,45480,581,397,118,97,1,-1,-1,-1
482,45472,386,381,136,49,1,-1,-1,-1
483,45502,743,365,145,63,1,-1,-1,-1
483,45486,1040,352,196,77,1,-1,-1,-1
483,45480,581,397,118,97,1,-1,-1,-1
483,45472,374,381,138,49,1,-1,-1,-1
484,45502,743,364,147,64,1,-1,-1,-1
484,45486,1035,351,207,78,1,-1,-1,-1
484,45480,581,397,118,96,1,-1,-1,-1
484,45472,360,380,141,50,1,-1,-1,-1
485,45502,744,363,148,65,1,-1,-1,-1
485,45486,1043,350,204,78,1,-1,-1,-1
485,45480,581,396,118,96,1,-1,-1,-1
485,45472,347,379,143,50,1,-1,-1,-1
486,45502,744,362,149,65,1,-1,-1,-1
486,45486,1051,349,204,79,1,-1,-1,-1
486,45480,581,395,118,96,1,-1,-1,-1
486,45472,332,378,147,50,1,-1,-1,-1
487,45502,744,361,151,66,1,-1,-1,-1
487,45486,1059,347,202,80,1,-1,-1,-1
487,45480,581,393,119,97,1,-1,-1,-1
487,45472,318,377,149,51,1,-1,-1,-1
488,45502,743,360,153,66,1,-1,-1,-1
488,45486,1065,346,203,81,1,-1,-1,-1
488,45480,582,392,118,97,1,-1,-1,-1
488,45472,303,376,151,51,1,-1,-1,-1
489,45502,743,359,154,67,1,-1,-1,-1
489,45486,1025,346,249,79,1,-1,-1,-1
489,45480,582,392,120,96,1,-1,-1,-1
489,45472,288,375,153,52,1,-1,-1,-1
490,45502,742,359,156,68,1,-1,-1,-1
490,45486,1028,345,251,81,1,-1,-1,-1
490,45480,583,391,121,97,1,-1,-1,-1
490,45472,272,375,156,52,1,-1,-1,-1
491,45502,742,359,156,68,1,-1,-1,-1
491,45486,1032,345,219,82,1,-1,-1,-1
491,45480,584,391,122,97,1,-1,-1,-1
491,45472,255,375,159,53,1,-1,-1,-1
492,45502,741,360,158,69,1,-1,-1,-1
492,45486,1035,345,244,78,1,-1,-1,-1
492,45480,585,392,124,96,1,-1,-1,-1
492,45472,238,376,162,53,1,-1,-1,-1
493,45502,740,360,160,70,1,-1,-1,-1
493,45486,1040,346,239,79,1,-1,-1,-1
493,45480,587,392,125,96,1,-1,-1,-1
493,45472,219,377,166,53,1,-1,-1,-1
494,45502,739,361,162,71,1,-1,-1,-1
494,45486,1044,346,235,81,1,-1,-1,-1
494,45480,589,393,131,96,1,-1,-1,-1
494,45472,200,378,169,53,1,-1,-1,-1
495,45502,737,362,165,71,1,-1,-1,-1
495,45486,1049,347,230,83,1,-1,-1,-1
495,45480,592,394,135,95,1,-1,-1,-1
495,45472,180,379,173,54,1,-1,-1,-1
496,45502,736,362,167,73,1,-1,-1,-1
496,45486,1054,347,225,85,1,-1,-1,-1
496,45480,594,394,139,96,1,-1,-1,-1
496,45472,159,380,176,55,1,-1,-1,-1
497,45502,734,363,169,74,1,-1,-1,-1
497,45486,1059,348,220,87,1,-1,-1,-1
497,45480,597,395,146,96,1,-1,-1,-1
497,45472,136,380,181,56,1,-1,-1,-1
498,45502,734,363,170,75,1,-1,-1,-1
498,45486,1065,347,214,90,1,-1,-1,-1
498,45480,601,395,151,96,1,-1,-1,-1
498,45472,113,380,185,57,1,-1,-1,-1
499,45502,732,362,172,76,1,-1,-1,-1
499,45486,1071,346,208,92,1,-1,-1,-1
499,45480,605,394,159,96,1,-1,-1,-1
499,45472,88,380,191,57,1,-1,-1,-1
500,45502,731,361,174,77,1,-1,-1,-1
500,45486,1077,345,202,93,1,-1,-1,-1
500,45480,609,393,165,97,1,-1,-1,-1
500,45472,63,379,196,59,1,-1,-1,-1
501,45502,729,360,176,78,1,-1,-1,-1
501,45486,1086,344,193,94,1,-1,-1,-1
501,45480,614,392,174,97,1,-1,-1,-1
501,45472,38,379,200,59,1,-1,-1,-1
502,45502,726,359,178,79,1,-1,-1,-1
502,45486,1088,343,191,95,1,-1,-1,-1
502,45480,621,391,182,97,1,-1,-1,-1
502,45472,11,378,206,60,1,-1,-1,-1
503,45502,723,358,181,80,1,-1,-1,-1
503,45486,1094,342,185,97,1,-1,-1,-1
503,45480,629,390,190,97,1,-1,-1,-1
503,45472,0,377,195,61,1,-1,-1,-1
504,45502,720,357,182,82,1,-1,-1,-1
504,45486,1099,341,180,98,1,-1,-1,-1
504,45480,638,389,199,97,1,-1,-1,-1
504,45472,0,377,172,61,1,-1,-1,-1
505,45502,716,357,185,83,1,-1,-1,-1
505,45486,1104,340,139,100,1,-1,-1,-1
505,45480,649,389,208,97,1,-1,-1,-1
505,45472,0,377,149,62,1,-1,-1,-1
506,45502,710,357,190,78,1,-1,-1,-1
506,45486,1110,340,153,101,1,-1,-1,-1
506,45480,662,389,217,97,1,-1,-1,-1
506,45472,0,377,125,64,1,-1,-1,-1
507,45502,706,358,192,70,1,-1,-1,-1
507,45486,1116,341,163,102,1,-1,-1,-1
507,45480,677,390,225,96,1,-1,-1,-1
507,45472,0,378,100,64,1,-1,-1,-1
508,45502,700,359,194,63,1,-1,-1,-1
508,45486,1122,341,157,104,1,-1,-1,-1
508,45480,693,391,235,96,1,-1,-1,-1
508,45472,0,380,73,60,1,-1,-1,-1
509,45502,695,359,197,71,1,-1,-1,-1
509,45486,1128,341,151,106,1,-1,-1,-1
509,45480,711,392,245,96,1,-1,-1,-1
509,45472,0,384,46,54,1,-1,-1,-1
510,45502,689,359,197,82,1,-1,-1,-1
510,45486,1134,341,145,107,1,-1,-1,-1
510,45480,732,392,254,97,1,-1,-1,-1
510,45472,0,390,18,47,1,-1,-1,-1
511,45502,683,359,200,92,1,-1,-1,-1
511,45486,1140,341,139,108,1,-1,-1,-1
511,45480,754,392,264,97,1,-1,-1,-1
512,45502,677,358,203,94,1,-1,-1,-1
512,45486,1145,340,134,110,1,-1,-1,-1
512,45480,777,391,275,98,1,-1,-1,-1
513,45502,670,357,206,96,1,-1,-1,-1
513,45486,1150,339,129,112,1,-1,-1,-1
513,45480,801,391,286,99,1,-1,-1,-1
514,45502,663,357,210,98,1,-1,-1,-1
514,45486,1155,339,124,113,1,-1,-1,-1
514,45480,827,391,296,100,1,-1,-1,-1
515,45502,656,357,216,101,1,-1,-1,-1
515,45486,1160,339,119,115,1,-1,-1,-1
515,45480,853,392,308,101,1,-1,-1,-1
516,45502,648,358,222,102,1,-1,-1,-1
516,45486,1165,362,114,93,1,-1,-1,-1
516,45480,881,393,319,103,1,-1,-1,-1
517,45502,640,359,226,105,1,-1,-1,-1
517,45486,1171,341,108,117,1,-1,-1,-1
517,45480,909,395,333,104,1,-1,-1,-1
518,45502,631,360,231,107,1,-1,-1,-1
518,45486,1177,342,102,112,1,-1,-1,-1
518,45480,939,396,340,107,1,-1,-1,-1
519,45502,621,360,236,111,1,-1,-1,-1
519,45486,1187,342,92,93,1,-1,-1,-1
519,45480,970,398,309,109,1,-1,-1,-1
520,45502,611,361,241,114,1,-1,-1,-1
520,45486,1195,343,84,85,1,-1,-1,-1
520,45480,1003,399,276,113,1,-1,-1,-1
521,45502,600,360,247,118,1,-1,-1,-1
521,45486,1204,364,75,46,1,-1,-1,-1
521,45480,1038,400,241,116,1,-1,-1,-1
522,45502,589,359,253,122,1,-1,-1,-1
522,45486,1211,365,68,36,1,-1,-1,-1
522,45480,1075,400,204,119,1,-1,-1,-1
523,45502,576,359,259,125,1,-1,-1,-1
523,45486,1213,370,66,34,1,-1,-1,-1
523,45480,1113,400,166,123,1,-1,-1,-1
524,45502,563,358,266,129,1,-1,-1,-1
524,45486,1219,375,60,40,1,-1,-1,-1
524,45480,1153,402,126,100,1,-1,-1,-1
525,45502,549,357,273,134,1,-1,-1,-1
525,45486,1221,378,58,51,1,-1,-1,-1
525,45480,1195,412,84,89,1,-1,-1,-1
526,45502,533,357,281,139,1,-1,-1,-1
526,45486,1227,379,52,71,1,-1,-1,-1
526,45480,1240,429,39,70,1,-1,-1,-1
527,45502,517,358,290,143,1,-1,-1,-1
527,45486,1234,379,45,84,1,-1,-1,-1
528,45502,499,358,299,149,1,-1,-1,-1
528,45486,1240,383,39,82,1,-1,-1,-1
529,45502,479,358,311,156,1,-1,-1,-1
529,45486,1247,397,32,69,1,-1,-1,-1
530,45502,458,357,322,164,1,-1,-1,-1
530,45486,1253,399,26,66,1,-1,-1,-1
531,45502,435,357,335,172,1,-1,-1,-1
531,45486,1259,401,20,60,1,-1,-1,-1
532,45502,409,357,351,180,1,-1,-1,-1
533,45502,379,356,368,191,1,-1,-1,-1
534,45502,342,356,388,203,1,-1,-1,-1
535,45502,299,356,413,217,1,-1,-1,-1
535,45486,1262,407,17,52,1,-1,-1,-1
536,45502,249,356,444,232,1,-1,-1,-1
536,45486,1259,407,20,63,1,-1,-1,-1
537,45502,193,356,480,252,1,-1,-1,-1
537,45486,1257,407,22,67,1,-1,-1,-1
538,45502,128,355,524,275,1,-1,-1,-1
538,45486,1255,407,24,70,1,-1,-1,-1
539,45502,46,354,582,303,1,-1,-1,-1
539,45486,1250,407,29,76,1,-1,-1,-1
540,45502,0,353,597,339,1,-1,-1,-1
540,45486,1236,390,43,99,1,-1,-1,-1
541,45502,0,352,562,367,1,-1,-1,-1
541,45486,1220,389,59,103,1,-1,-1,-1
542,45502,0,351,524,368,1,-1,-1,-1
542,45486,1205,388,74,105,1,-1,-1,-1
543,45502,0,350,482,364,1,-1,-1,-1
543,45486,1191,376,88,119,1,-1,-1,-1
544,45502,0,348,431,371,1,-1,-1,-1
544,45486,1174,341,105,156,1,-1,-1,-1
545,45502,0,345,366,374,1,-1,-1,-1
545,45486,1149,343,130,156,1,-1,-1,-1
546,45502,0,343,285,376,1,-1,-1,-1
546,45486,1124,344,155,181,1,-1,-1,-1
547,45502,0,343,182,376,1,-1,-1,-1
547,45486,1100,344,179,186,1,-1,-1,-1
548,45502,0,491,42,228,1,-1,-1,-1
548,45486,1074,343,205,188,1,-1,-1,-1
549,45486,1046,342,233,190,1,-1,-1,-1
550,45486,1014,342,265,191,1,-1,-1,-1
551,45486,980,341,299,193,1,-1,-1,-1
552,45486,942,341,337,194,1,-1,-1,-1
553,45486,896,344,383,194,1,-1,-1,-1
554,45486,845,346,374,195,1,-1,-1,-1
554,45482,1216,417,63,54,1,-1,-1,-1
555,45486,792,345,363,199,1,-1,-1,-1
555,45482,1151,415,128,64,1,-1,-1,-1
556,45486,735,343,357,204,1,-1,-1,-1
556,45482,1089,414,145,62,1,-1,-1,-1
556,45467,1242,404,34,46,1,-1,-1,-1
557,45486,672,341,355,211,1,-1,-1,-1
557,45482,1024,412,131,60,1,-1,-1,-1
557,45480,1251,425,28,60,1,-1,-1,-1
557,45467,1162,402,30,44,1,-1,-1,-1
557,45462,1218,403,26,35,1,-1,-1,-1
558,45486,601,336,362,222,1,-1,-1,-1
558,45482,959,409,121,60,1,-1,-1,-1
558,45480,1171,418,108,72,1,-1,-1,-1
558,45467,1085,399,27,43,1,-1,-1,-1
558,45462,1135,400,23,34,1,-1,-1,-1
559,45486,524,331,378,237,1,-1,-1,-1
559,45482,897,406,114,58,1,-1,-1,-1
559,45480,1098,413,102,67,1,-1,-1,-1
559,45467,1015,396,24,41,1,-1,-1,-1
559,45462,1060,397,20,32,1,-1,-1,-1
560,45486,438,325,406,257,1,-1,-1,-1
560,45482,840,403,109,58,1,-1,-1,-1
560,45480,1033,409,91,62,1,-1,-1,-1
560,45467,952,393,23,40,1,-1,-1,-1
560,45462,993,393,18,31,1,-1,-1,-1
561,45486,335,317,452,286,1,-1,-1,-1
561,45482,782,400,108,59,1,-1,-1,-1
561,45480,973,405,81,59,1,-1,-1,-1
561,45467,893,390,22,39,1,-1,-1,-1
561,45462,931,390,17,30,1,-1,-1,-1
562,45486,202,307,528,327,1,-1,-1,-1
562,45482,726,398,109,59,1,-1,-1,-1
562,45480,916,401,75,57,1,-1,-1,-1
562,45467,837,387,21,39,1,-1,-1,-1
562,45462,873,387,16,29,1,-1,-1,-1
563,45486,22,295,653,389,1,-1,-1,-1
563,45482,674,395,110,61,1,-1,-1,-1
563,45480,864,398,71,54,1,-1,-1,-1
563,45467,785,384,21,39,1,-1,-1,-1
563,45462,821,383,16,30,1,-1,-1,-1
564,45486,0,279,620,440,1,-1,-1,-1
564,45482,623,393,113,62,1,-1,-1,-1
564,45480,818,394,67,53,1,-1,-1,-1
564,45467,738,381,21,40,1,-1,-1,-1
564,45462,773,380,16,30,1,-1,-1,-1
565,45486,0,258,564,461,1,-1,-1,-1
565,45482,575,391,118,65,1,-1,-1,-1
565,45480,777,390,64,52,1,-1,-1,-1
565,45469,1209,406,13,16,1,-1,-1,-1
565,45467,695,378,21,40,1,-1,-1,-1
565,45462,730,377,16,30,1,-1,-1,-1
566,45486,0,231,508,488,1,-1,-1,-1
566,45482,529,389,126,69,1,-1,-1,-1
566,45480,741,387,62,50,1,-1,-1,-1
566,45469,1132,404,38,12,1,-1,-1,-1
566,45467,658,375,21,41,1,-1,-1,-1
566,45462,693,374,15,30,1,-1,-1,-1
567,45486,0,206,451,513,1,-1,-1,-1
567,45482,486,387,135,74,1,-1,-1,-1
567,45480,711,384,61,50,1,-1,-1,-1
567,45469,1111,400,7,9,1,-1,-1,-1
567,45467,625,373,22,42,1,-1,-1,-1
567,45462,661,371,16,31,1,-1,-1,-1
568,45486,0,210,391,509,1,-1,-1,-1
568,45482,446,387,146,77,1,-1,-1,-1
568,45480,686,381,60,49,1,-1,-1,-1
568,45467,597,371,22,43,1,-1,-1,-1
568,45462,634,369,16,32,1,-1,-1,-1
569,45486,0,215,327,504,1,-1,-1,-1
569,45482,408,387,158,82,1,-1,-1,-1
569,45480,666,379,59,49,1,-1,-1,-1
569,45469,1009,385,18,13,1,-1,-1,-1
569,45467,573,369,23,45,1,-1,-1,-1
569,45462,611,368,17,31,1,-1,-1,-1
570,45486,0,219,251,500,1,-1,-1,-1
570,45482,371,387,172,88,1,-1,-1,-1
570,45480,649,378,59,48,1,-1,-1,-1
570,45469,985,382,29,13,1,-1,-1,-1
570,45467,552,368,24,47,1,-1,-1,-1
570,45462,592,366,17,33,1,-1,-1,-1
571,45486,0,224,156,495,1,-1,-1,-1
571,45482,334,389,189,94,1,-1,-1,-1
571,45480,635,376,58,49,1,-1,-1,-1
571,45469,972,381,22,12,1,-1,-1,-1
571,45467,534,368,24,48,1,-1,-1,-1
571,45462,576,366,17,33,1,-1,-1,-1
572,45486,0,691,30,28,1,-1,-1,-1
572,45482,299,391,208,101,1,-1,-1,-1
572,45480,625,376,58,48,1,-1,-1,-1
572,45467,519,368,26,50,1,-1,-1,-1
572,45462,564,365,17,35,1,-1,-1,-1
573,45482,264,393,229,109,1,-1,-1,-1
573,45480,618,375,58,48,1,-1,-1,-1
573,45469,937,379,6,8,1,-1,-1,-1
573,45467,508,368,27,52,1,-1,-1,-1
573,45462,555,366,18,35,1,-1,-1,-1
574,45482,225,397,255,117,1,-1,-1,-1
574,45480,613,376,59,47,1,-1,-1,-1
574,45469,936,373,5,12,1,-1,-1,-1
574,45467,499,369,27,54,1,-1,-1,-1
574,45462,548,366,18,36,1,-1,-1,-1
575,45482,182,400,286,129,1,-1,-1,-1
575,45480,609,376,59,48,1,-1,-1,-1
575,45469,922,373,14,11,1,-1,-1,-1
575,45467,490,371,29,55,1,-1,-1,-1
575,45462,542,367,19,37,1,-1,-1,-1
576,45482,132,404,323,142,1,-1,-1,-1
576,45480,606,376,59,48,1,-1,-1,-1
576,45469,927,376,14,10,1,-1,-1,-1
576,45467,482,372,29,57,1,-1,-1,-1
576,45462,537,368,19,37,1,-1,-1,-1
577,45482,70,409,372,157,1,-1,-1,-1
577,45480,604,377,59,48,1,-1,-1,-1
577,45467,474,373,31,60,1,-1,-1,-1
577,45462,532,369,20,38,1,-1,-1,-1
578,45482,0,414,427,178,1,-1,-1,-1
578,45480,602,377,59,48,1,-1,-1,-1
578,45469,911,372,4,15,1,-1,-1,-1
578,45467,466,374,32,63,1,-1,-1,-1
578,45462,528,369,20,40,1,-1,-1,-1
579,45482,0,419,410,205,1,-1,-1,-1
579,45480,600,378,60,47,1,-1,-1,-1
579,45469,897,374,25,13,1,-1,-1,-1
579,45467,458,375,33,65,1,-1,-1,-1
579,45462,524,370,21,41,1,-1,-1,-1
580,45482,0,426,391,242,1,-1,-1,-1
580,45480,599,378,60,48,1,-1,-1,-1
580,45469,916,377,6,10,1,-1,-1,-1
580,45467,450,376,35,68,1,-1,-1,-1
580,45462,520,370,22,42,1,-1,-1,-1
581,45482,0,433,369,286,1,-1,-1,-1
581,45480,598,377,60,48,1,-1,-1,-1
581,45469,886,380,33,4,1,-1,-1,-1
581,45467,441,377,37,71,1,-1,-1,-1
581,45462,516,371,22,42,1,-1,-1,-1
582,45482,0,443,342,276,1,-1,-1,-1
582,45480,597,377,60,48,1,-1,-1,-1
582,45469,878,373,15,14,1,-1,-1,-1
582,45467,432,377,38,75,1,-1,-1,-1
582,45462,512,371,23,44,1,-1,-1,-1
583,45482,0,455,310,264,1,-1,-1,-1
583,45480,596,377,60,48,1,-1,-1,-1
583,45469,879,370,22,16,1,-1,-1,-1
583,45467,422,378,40,78,1,-1,-1,-1
583,45462,509,371,23,45,1,-1,-1,-1
584,45482,0,471,269,248,1,-1,-1,-1
584,45480,596,377,60,48,1,-1,-1,-1
584,45469,885,371,21,15,1,-1,-1,-1
584,45467,411,379,42,82,1,-1,-1,-1
584,45462,504,371,24,47,1,-1,-1,-1
585,45482,0,502,221,217,1,-1,-1,-1
585,45480,596,377,61,48,1,-1,-1,-1
585,45469,892,375,8,11,1,-1,-1,-1
585,45467,400,380,45,87,1,-1,-1,-1
585,45462,501,371,25,48,1,-1,-1,-1
586,45482,0,540,157,179,1,-1,-1,-1
586,45480,597,377,61,48,1,-1,-1,-1
586,45469,862,374,9,12,1,-1,-1,-1
586,45467,388,381,48,93,1,-1,-1,-1
586,45462,498,372,26,49,1,-1,-1,-1
587,45482,0,575,69,138,1,-1,-1,-1
587,45480,598,377,62,48,1,-1,-1,-1
587,45469,868,369,8,18,1,-1,-1,-1
587,45467,375,383,52,98,1,-1,-1,-1
587,45462,495,372,26,52,1,-1,-1,-1
588,45480,599,377,62,49,1,-1,-1,-1
588,45469,856,371,23,16,1,-1,-1,-1
588,45467,360,385,56,104,1,-1,-1,-1
588,45462,492,373,27,53,1,-1,-1,-1
589,45480,600,377,63,49,1,-1,-1,-1
589,45469,852,374,32,14,1,-1,-1,-1
589,45467,342,386,62,113,1,-1,-1,-1
589,45462,488,374,28,55,1,-1,-1,-1
590,45480,601,377,63,50,1,-1,-1,-1
590,45469,855,370,14,18,1,-1,-1,-1
590,45467,321,389,68,121,1,-1,-1,-1
590,45462,483,374,29,57,1,-1,-1,-1
591,45480,602,378,63,49,1,-1,-1,-1
591,45469,861,370,16,19,1,-1,-1,-1
591,45467,297,391,75,132,1,-1,-1,-1
591,45462,478,375,30,59,1,-1,-1,-1
592,45480,603,378,63,49,1,-1,-1,-1
592,45469,840,375,42,17,1,-1,-1,-1
592,45467,267,394,85,145,1,-1,-1,-1
592,45462,472,376,32,61,1,-1,-1,-1
593,45480,604,378,63,50,1,-1,-1,-1
593,45469,842,375,36,17,1,-1,-1,-1
593,45467,230,397,99,160,1,-1,-1,-1
593,45462,466,376,33,64,1,-1,-1,-1
594,45480,604,378,64,50,1,-1,-1,-1
594,45469,847,370,6,23,1,-1,-1,-1
594,45467,183,400,118,180,1,-1,-1,-1
594,45462,459,377,34,67,1,-1,-1,-1
595,45480,605,378,64,50,1,-1,-1,-1
595,45469,830,373,27,20,1,-1,-1,-1
595,45467,123,405,145,203,1,-1,-1,-1
595,45462,451,378,36,70,1,-1,-1,-1
596,45480,605,378,65,50,1,-1,-1,-1
596,45469,830,375,32,19,1,-1,-1,-1
596,45467,46,410,183,235,1,-1,-1,-1
596,45462,442,378,38,74,1,-1,-1,-1
597,45480,606,378,65,50,1,-1,-1,-1
597,45469,835,370,30,24,1,-1,-1,-1
597,45467,0,418,181,262,1,-1,-1,-1
597,45462,434,379,40,77,1,-1,-1,-1
598,45480,607,378,66,50,1,-1,-1,-1
598,45469,824,373,27,22,1,-1,-1,-1
598,45467,0,427,122,233,1,-1,-1,-1
598,45462,425,380,42,81,1,-1,-1,-1
599,45480,608,378,67,50,1,-1,-1,-1
599,45469,829,377,28,19,1,-1,-1,-1
599,45467,0,550,46,133,1,-1,-1,-1
599,45462,415,381,44,85,1,-1,-1,-1
600,45480,610,378,67,51,1,-1,-1,-1
600,45469,808,373,46,27,1,-1,-1,-1
600,45462,404,382,47,90,1,-1,-1,-1
