1,45195,569,366,29,28,1,-1,-1,-1
1,45193,514,365,56,50,1,-1,-1,-1
1,45188,621,360,37,36,1,-1,-1,-1
1,45185,0,291,389,428,1,-1,-1,-1
1,45177,586,360,21,28,1,-1,-1,-1
1,45173,1097,370,31,10,1,-1,-1,-1
1,45168,983,368,18,8,1,-1,-1,-1
1,45165,1039,366,25,12,1,-1,-1,-1
1,45153,1207,371,18,11,1,-1,-1,-1
2,45195,568,366,29,28,1,-1,-1,-1
2,45193,511,365,58,51,1,-1,-1,-1
2,45188,621,360,37,36,1,-1,-1,-1
2,45185,0,278,366,441,1,-1,-1,-1
2,45177,585,360,22,28,1,-1,-1,-1
2,45173,1097,370,30,10,1,-1,-1,-1
2,45168,982,369,19,7,1,-1,-1,-1
2,45165,1038,367,26,11,1,-1,-1,-1
2,45153,1206,371,14,8,1,-1,-1,-1
3,45195,567,366,30,28,1,-1,-1,-1
3,45193,508,366,59,51,1,-1,-1,-1
3,45188,621,360,37,36,1,-1,-1,-1
3,45185,0,264,338,455,1,-1,-1,-1
3,45177,584,360,23,29,1,-1,-1,-1
3,45173,1096,370,30,10,1,-1,-1,-1
3,45168,983,369,17,7,1,-1,-1,-1
3,45165,1038,367,25,11,1,-1,-1,-1
3,45153,1205,371,17,9,1,-1,-1,-1
4,45195,566,366,30,29,1,-1,-1,-1
4,45193,504,366,61,53,1,-1,-1,-1
4,45188,621,360,37,36,1,-1,-1,-1
4,45185,0,261,304,458,1,-1,-1,-1
4,45177,584,360,22,29,1,-1,-1,-1
4,45173,1095,370,31,10,1,-1,-1,-1
4,45168,982,369,18,7,1,-1,-1,-1
4,45165,1037,367,25,11,1,-1,-1,-1
4,45153,1204,371,18,9,1,-1,-1,-1
5,45195,564,366,32,29,1,-1,-1,-1
5,45193,500,365,63,55,1,-1,-1,-1
5,45188,621,359,37,37,1,-1,-1,-1
5,45185,0,259,260,460,1,-1,-1,-1
5,45177,584,360,22,28,1,-1,-1,-1
5,45173,1096,370,29,9,1,-1,-1,-1
5,45168,981,368,18,8,1,-1,-1,-1
5,45165,1037,366,25,12,1,-1,-1,-1
5,45153,1204,370,17,12,1,-1,-1,-1
6,45195,563,365,32,29,1,-1,-1,-1
6,45193,496,364,65,56,1,-1,-1,-1
6,45188,621,358,37,37,1,-1,-1,-1
6,45185,0,258,203,461,1,-1,-1,-1
6,45177,583,359,23,29,1,-1,-1,-1
6,45173,1094,369,31,10,1,-1,-1,-1
6,45168,981,367,17,8,1,-1,-1,-1
6,45165,1036,365,25,12,1,-1,-1,-1
6,45153,1203,370,18,11,1,-1,-1,-1
7,45195,562,364,32,30,1,-1,-1,-1
7,45193,491,363,68,58,1,-1,-1,-1
7,45188,621,357,37,37,1,-1,-1,-1
7,45185,0,259,127,460,1,-1,-1,-1
7,45177,582,358,23,29,1,-1,-1,-1
7,45173,1094,368,30,10,1,-1,-1,-1
7,45168,981,366,17,8,1,-1,-1,-1
7,45165,1036,364,25,12,1,-1,-1,-1
7,45153,1202,369,18,11,1,-1,-1,-1
8,45195,561,363,33,31,1,-1,-1,-1
8,45193,487,362,70,60,1,-1,-1,-1
8,45188,621,356,37,37,1,-1,-1,-1
8,45185,0,411,18,285,1,-1,-1,-1
8,45177,582,357,23,30,1,-1,-1,-1
8,45173,1093,367,30,10,1,-1,-1,-1
8,45168,980,366,18,7,1,-1,-1,-1
8,45165,1036,364,24,11,1,-1,-1,-1
8,45153,1202,368,17,11,1,-1,-1,-1
9,45195,560,363,33,31,1,-1,-1,-1
9,45193,482,362,73,62,1,-1,-1,-1
9,45188,621,356,37,37,1,-1,-1,-1
9,45177,581,357,24,30,1,-1,-1,-1
9,45173,1093,367,30,10,1,-1,-1,-1
9,45168,980,365,18,8,1,-1,-1,-1
9,45165,1035,363,24,12,1,-1,-1,-1
9,45153,1201,368,17,11,1,-1,-1,-1
10,45195,558,364,34,31,1,-1,-1,-1
10,45193,476,363,76,64,1,-1,-1,-1
10,45188,621,357,37,37,1,-1,-1,-1
10,45177,580,358,24,30,1,-1,-1,-1
10,45173,1092,368,30,10,1,-1,-1,-1
10,45168,980,366,18,8,1,-1,-1,-1
10,45165,1034,364,25,12,1,-1,-1,-1
10,45153,1200,369,18,11,1,-1,-1,-1
11,45195,557,364,35,33,1,-1,-1,-1
11,45193,470,364,80,66,1,-1,-1,-1
11,45188,621,358,37,37,1,-1,-1,-1
11,45177,580,358,24,31,1,-1,-1,-1
11,45173,1092,369,30,9,1,-1,-1,-1
11,45168,980,367,18,8,1,-1,-1,-1
11,45165,1034,365,25,11,1,-1,-1,-1
11,45153,1200,369,17,12,1,-1,-1,-1
12,45195,555,365,36,33,1,-1,-1,-1
12,45193,463,364,84,69,1,-1,-1,-1
12,45188,621,358,37,38,1,-1,-1,-1
12,45177,579,359,24,31,1,-1,-1,-1
12,45173,1093,369,28,10,1,-1,-1,-1
12,45168,979,368,19,7,1,-1,-1,-1
12,45165,1034,366,25,11,1,-1,-1,-1
12,45153,1200,370,17,11,1,-1,-1,-1
13,45195,553,365,37,34,1,-1,-1,-1
13,45193,456,365,88,71,1,-1,-1,-1
13,45188,621,359,37,37,1,-1,-1,-1
13,45177,578,359,25,32,1,-1,-1,-1
13,45173,1092,370,30,9,1,-1,-1,-1
13,45168,979,368,18,8,1,-1,-1,-1
13,45165,1034,366,24,11,1,-1,-1,-1
13,45153,1200,370,17,12,1,-1,-1,-1
14,45195,552,366,37,34,1,-1,-1,-1
14,45193,448,365,92,75,1,-1,-1,-1
14,45188,621,359,37,38,1,-1,-1,-1
14,45177,577,359,26,33,1,-1,-1,-1
14,45173,1092,370,29,10,1,-1,-1,-1
14,45168,979,368,19,8,1,-1,-1,-1
14,45165,1034,366,24,12,1,-1,-1,-1
14,45153,1200,371,17,11,1,-1,-1,-1
15,45195,550,366,38,35,1,-1,-1,-1
15,45193,438,365,98,79,1,-1,-1,-1
15,45188,621,359,37,38,1,-1,-1,-1
15,45177,576,360,26,32,1,-1,-1,-1
15,45173,1092,370,29,10,1,-1,-1,-1
15,45168,979,369,19,7,1,-1,-1,-1
15,45165,1034,367,24,11,1,-1,-1,-1
15,45153,1202,371,15,12,1,-1,-1,-1
16,45195,548,366,39,36,1,-1,-1,-1
16,45193,428,365,104,83,1,-1,-1,-1
16,45188,621,359,37,39,1,-1,-1,-1
16,45177,575,360,27,33,1,-1,-1,-1
16,45173,1093,371,29,9,1,-1,-1,-1
16,45168,980,369,18,8,1,-1,-1,-1
16,45165,1035,367,23,11,1,-1,-1,-1
16,45153,1200,371,17,12,1,-1,-1,-1
17,45195,546,366,40,37,1,-1,-1,-1
17,45193,416,365,111,87,1,-1,-1,-1
17,45188,621,359,37,39,1,-1,-1,-1
17,45177,574,360,27,33,1,-1,-1,-1
17,45173,1092,371,30,9,1,-1,-1,-1
17,45168,980,369,17,8,1,-1,-1,-1
17,45167,601,372,7,15,1,-1,-1,-1
17,45165,1035,367,23,11,1,-1,-1,-1
17,45153,1201,371,17,12,1,-1,-1,-1
18,45195,543,365,42,38,1,-1,-1,-1
18,45193,403,364,119,93,1,-1,-1,-1
18,45188,620,359,39,39,1,-1,-1,-1
18,45177,573,359,27,34,1,-1,-1,-1
18,45173,1092,370,30,9,1,-1,-1,-1
18,45168,980,368,17,8,1,-1,-1,-1
18,45167,601,372,7,15,1,-1,-1,-1
18,45165,1034,366,24,12,1,-1,-1,-1
18,45153,1201,370,14,12,1,-1,-1,-1
19,45195,541,365,42,38,1,-1,-1,-1
19,45193,387,364,129,97,1,-1,-1,-1
19,45188,620,358,39,39,1,-1,-1,-1
19,45177,572,358,28,35,1,-1,-1,-1
19,45173,1092,369,28,9,1,-1,-1,-1
19,45168,981,367,17,8,1,-1,-1,-1
19,45167,600,371,7,15,1,-1,-1,-1
19,45165,1034,365,24,11,1,-1,-1,-1
19,45153,1201,370,18,12,1,-1,-1,-1
20,45195,538,365,44,39,1,-1,-1,-1
20,45193,369,364,141,104,1,-1,-1,-1
20,45188,620,358,39,39,1,-1,-1,-1
20,45177,571,358,28,35,1,-1,-1,-1
20,45173,1092,369,30,10,1,-1,-1,-1
20,45168,982,368,17,7,1,-1,-1,-1
20,45167,600,371,7,16,1,-1,-1,-1
20,45165,1034,366,24,11,1,-1,-1,-1
20,45153,1202,370,17,12,1,-1,-1,-1
21,45195,536,365,45,41,1,-1,-1,-1
21,45193,348,364,154,112,1,-1,-1,-1
21,45188,620,358,39,40,1,-1,-1,-1
21,45177,569,358,29,36,1,-1,-1,-1
21,45173,1094,369,29,10,1,-1,-1,-1
21,45168,980,368,18,7,1,-1,-1,-1
21,45167,599,371,7,16,1,-1,-1,-1
21,45165,1034,366,25,11,1,-1,-1,-1
21,45153,1202,370,17,12,1,-1,-1,-1
22,45195,533,364,46,42,1,-1,-1,-1
22,45193,324,363,170,121,1,-1,-1,-1
22,45188,620,358,39,40,1,-1,-1,-1
22,45177,568,357,30,37,1,-1,-1,-1
22,45173,1097,369,26,10,1,-1,-1,-1
22,45168,981,367,18,8,1,-1,-1,-1
22,45167,598,371,8,16,1,-1,-1,-1
22,45165,1034,365,25,12,1,-1,-1,-1
22,45153,1203,370,17,12,1,-1,-1,-1
23,45195,530,363,48,43,1,-1,-1,-1
23,45193,294,362,191,131,1,-1,-1,-1
23,45188,620,357,39,40,1,-1,-1,-1
23,45177,567,356,30,38,1,-1,-1,-1
23,45173,1098,368,25,10,1,-1,-1,-1
23,45168,981,366,18,8,1,-1,-1,-1
23,45167,597,370,9,17,1,-1,-1,-1
23,45165,1034,364,25,12,1,-1,-1,-1
23,45153,1203,369,18,12,1,-1,-1,-1
24,45195,526,362,50,45,1,-1,-1,-1
24,45193,259,361,215,143,1,-1,-1,-1
24,45188,620,356,39,40,1,-1,-1,-1
24,45177,565,355,31,38,1,-1,-1,-1
24,45173,1095,367,28,10,1,-1,-1,-1
24,45168,982,365,16,8,1,-1,-1,-1
24,45167,597,369,8,17,1,-1,-1,-1
24,45165,1034,363,25,12,1,-1,-1,-1
24,45153,1204,368,18,12,1,-1,-1,-1
25,45195,523,361,51,46,1,-1,-1,-1
25,45193,217,359,246,158,1,-1,-1,-1
25,45188,620,354,39,41,1,-1,-1,-1
25,45177,564,354,32,39,1,-1,-1,-1
25,45173,1096,366,28,9,1,-1,-1,-1
25,45168,982,364,18,8,1,-1,-1,-1
25,45167,596,368,9,17,1,-1,-1,-1
25,45165,1035,362,24,11,1,-1,-1,-1
25,45153,1205,366,17,13,1,-1,-1,-1
26,45195,520,360,53,47,1,-1,-1,-1
26,45193,164,358,285,176,1,-1,-1,-1
26,45188,619,353,41,41,1,-1,-1,-1
26,45177,562,353,33,40,1,-1,-1,-1
26,45173,1100,365,24,9,1,-1,-1,-1
26,45168,982,363,18,8,1,-1,-1,-1
26,45167,595,367,9,18,1,-1,-1,-1
26,45165,1035,361,24,11,1,-1,-1,-1
26,45153,1205,365,18,12,1,-1,-1,-1
27,45195,516,359,55,49,1,-1,-1,-1
27,45193,97,357,337,197,1,-1,-1,-1
27,45188,619,353,41,40,1,-1,-1,-1
27,45177,560,352,34,41,1,-1,-1,-1
27,45173,1094,364,30,10,1,-1,-1,-1
27,45168,982,362,19,8,1,-1,-1,-1
27,45167,594,366,10,18,1,-1,-1,-1
27,45165,1035,360,24,12,1,-1,-1,-1
27,45153,1205,365,18,11,1,-1,-1,-1
28,45195,512,359,57,50,1,-1,-1,-1
28,45193,7,357,409,224,1,-1,-1,-1
28,45188,619,352,41,41,1,-1,-1,-1
28,45177,559,351,34,42,1,-1,-1,-1
28,45173,1094,364,30,9,1,-1,-1,-1
28,45168,982,362,19,8,1,-1,-1,-1
28,45167,593,366,10,18,1,-1,-1,-1
28,45165,1035,360,24,11,1,-1,-1,-1
28,45153,1205,364,18,13,1,-1,-1,-1
29,45195,508,359,59,51,1,-1,-1,-1
29,45193,0,356,394,262,1,-1,-1,-1
29,45188,619,352,41,41,1,-1,-1,-1
29,45177,557,351,35,43,1,-1,-1,-1
29,45173,1094,363,30,10,1,-1,-1,-1
29,45168,982,362,19,8,1,-1,-1,-1
29,45167,592,366,10,18,1,-1,-1,-1
29,45165,1035,360,25,11,1,-1,-1,-1
29,45153,1206,364,17,12,1,-1,-1,-1
30,45195,503,358,62,54,1,-1,-1,-1
30,45193,0,355,368,313,1,-1,-1,-1
30,45188,619,351,41,42,1,-1,-1,-1
30,45177,555,350,36,44,1,-1,-1,-1
30,45173,1094,363,31,10,1,-1,-1,-1
30,45168,983,361,18,8,1,-1,-1,-1
30,45167,591,366,11,18,1,-1,-1,-1
30,45165,1035,359,25,12,1,-1,-1,-1
30,45153,1206,364,18,12,1,-1,-1,-1
31,45195,498,357,65,56,1,-1,-1,-1
31,45193,0,354,337,365,1,-1,-1,-1
31,45188,619,350,41,42,1,-1,-1,-1
31,45177,553,349,37,45,1,-1,-1,-1
31,45173,1094,362,31,10,1,-1,-1,-1
31,45168,983,360,18,8,1,-1,-1,-1
31,45167,591,365,10,19,1,-1,-1,-1
31,45165,1035,358,25,12,1,-1,-1,-1
31,45153,1206,363,18,12,1,-1,-1,-1
32,45195,494,357,66,57,1,-1,-1,-1
32,45193,0,353,298,331,1,-1,-1,-1
32,45188,619,350,41,42,1,-1,-1,-1
32,45177,552,348,37,46,1,-1,-1,-1
32,45173,1094,361,30,10,1,-1,-1,-1
32,45168,983,360,19,7,1,-1,-1,-1
32,45167,590,364,11,20,1,-1,-1,-1
32,45165,1035,358,25,11,1,-1,-1,-1
32,45153,1207,362,17,12,1,-1,-1,-1
33,45195,488,356,70,59,1,-1,-1,-1
33,45193,0,351,248,332,1,-1,-1,-1
33,45188,619,349,41,42,1,-1,-1,-1
33,45177,550,347,38,47,1,-1,-1,-1
33,45173,1095,361,30,9,1,-1,-1,-1
33,45168,984,359,18,8,1,-1,-1,-1
33,45167,589,364,11,20,1,-1,-1,-1
33,45165,1035,357,25,12,1,-1,-1,-1
33,45153,1206,362,18,12,1,-1,-1,-1
34,45195,483,356,72,62,1,-1,-1,-1
34,45193,0,351,182,368,1,-1,-1,-1
34,45188,619,349,41,42,1,-1,-1,-1
34,45177,548,347,39,48,1,-1,-1,-1
34,45173,1094,361,28,10,1,-1,-1,-1
34,45168,983,359,19,8,1,-1,-1,-1
34,45167,588,364,12,20,1,-1,-1,-1
34,45165,1035,357,25,12,1,-1,-1,-1
34,45153,1207,362,17,12,1,-1,-1,-1
35,45195,477,357,76,63,1,-1,-1,-1
35,45193,0,384,88,314,1,-1,-1,-1
35,45188,619,350,41,42,1,-1,-1,-1
35,45177,545,347,41,49,1,-1,-1,-1
35,45173,1094,361,28,10,1,-1,-1,-1
35,45168,983,360,17,7,1,-1,-1,-1
35,45167,587,365,12,20,1,-1,-1,-1
35,45165,1035,358,25,11,1,-1,-1,-1
35,45153,1207,362,17,12,1,-1,-1,-1
36,45195,470,357,80,66,1,-1,-1,-1
36,45188,619,350,41,43,1,-1,-1,-1
36,45177,543,348,42,50,1,-1,-1,-1
36,45173,1096,362,28,10,1,-1,-1,-1
36,45168,984,360,17,8,1,-1,-1,-1
36,45167,585,365,13,21,1,-1,-1,-1
36,45165,1035,358,25,12,1,-1,-1,-1
36,45153,1207,363,18,12,1,-1,-1,-1
37,45195,463,358,84,69,1,-1,-1,-1
37,45188,619,351,41,43,1,-1,-1,-1
37,45177,540,348,44,52,1,-1,-1,-1
37,45173,1095,363,30,9,1,-1,-1,-1
37,45168,984,361,18,8,1,-1,-1,-1
37,45167,584,366,14,21,1,-1,-1,-1
37,45165,1035,359,25,11,1,-1,-1,-1
37,45153,1207,363,18,13,1,-1,-1,-1
38,45195,455,359,88,72,1,-1,-1,-1
38,45188,619,352,41,43,1,-1,-1,-1
38,45177,537,349,46,53,1,-1,-1,-1
38,45173,1095,364,27,9,1,-1,-1,-1
38,45168,985,362,18,8,1,-1,-1,-1
38,45167,583,367,14,21,1,-1,-1,-1
38,45165,1035,360,25,11,1,-1,-1,-1
38,45153,1208,364,18,13,1,-1,-1,-1
39,45195,446,359,93,76,1,-1,-1,-1
39,45188,618,352,43,44,1,-1,-1,-1
39,45177,534,350,48,54,1,-1,-1,-1
39,45173,1096,364,27,10,1,-1,-1,-1
39,45168,984,363,19,8,1,-1,-1,-1
39,45167,582,368,15,22,1,-1,-1,-1
39,45165,1035,361,25,11,1,-1,-1,-1
39,45153,1208,365,18,12,1,-1,-1,-1
40,45195,436,360,99,80,1,-1,-1,-1
40,45188,618,353,43,44,1,-1,-1,-1
40,45177,531,350,49,56,1,-1,-1,-1
40,45173,1096,365,30,10,1,-1,-1,-1
40,45168,985,364,18,7,1,-1,-1,-1
40,45167,580,369,16,22,1,-1,-1,-1
40,45165,1036,362,24,11,1,-1,-1,-1
40,45153,1209,366,18,12,1,-1,-1,-1
41,45195,426,361,105,83,1,-1,-1,-1
41,45188,618,354,43,44,1,-1,-1,-1
41,45177,527,350,52,58,1,-1,-1,-1
41,45173,1097,366,29,10,1,-1,-1,-1
41,45168,985,364,19,8,1,-1,-1,-1
41,45167,579,370,16,23,1,-1,-1,-1
41,45165,1035,362,25,12,1,-1,-1,-1
41,45153,1209,367,19,12,1,-1,-1,-1
42,45195,413,361,113,88,1,-1,-1,-1
42,45188,618,354,43,44,1,-1,-1,-1
42,45177,520,350,57,59,1,-1,-1,-1
42,45173,1096,366,30,10,1,-1,-1,-1
42,45168,985,365,19,7,1,-1,-1,-1
42,45167,577,370,17,23,1,-1,-1,-1
42,45165,1036,363,24,11,1,-1,-1,-1
42,45153,1210,367,18,12,1,-1,-1,-1
43,45195,399,361,121,93,1,-1,-1,-1
43,45188,618,354,43,44,1,-1,-1,-1
43,45177,515,350,61,61,1,-1,-1,-1
43,45173,1096,366,31,10,1,-1,-1,-1
43,45168,986,364,18,8,1,-1,-1,-1
43,45167,576,370,17,24,1,-1,-1,-1
43,45165,1036,362,25,12,1,-1,-1,-1
43,45153,1211,367,18,12,1,-1,-1,-1
44,45195,383,360,132,99,1,-1,-1,-1
44,45188,618,353,43,45,1,-1,-1,-1
44,45177,511,349,63,63,1,-1,-1,-1
44,45173,1097,366,30,9,1,-1,-1,-1
44,45168,986,364,18,8,1,-1,-1,-1
44,45167,574,370,18,24,1,-1,-1,-1
44,45165,1036,362,25,11,1,-1,-1,-1
44,45153,1211,366,19,13,1,-1,-1,-1
45,45195,365,359,143,107,1,-1,-1,-1
45,45188,618,353,43,45,1,-1,-1,-1
45,45177,507,348,65,65,1,-1,-1,-1
45,45173,1100,365,27,10,1,-1,-1,-1
45,45168,986,363,19,8,1,-1,-1,-1
45,45167,572,369,19,25,1,-1,-1,-1
45,45165,1036,361,25,12,1,-1,-1,-1
45,45153,1212,366,18,12,1,-1,-1,-1
46,45195,344,359,157,113,1,-1,-1,-1
46,45188,617,352,45,45,1,-1,-1,-1
46,45177,502,347,68,67,1,-1,-1,-1
46,45173,1097,364,31,10,1,-1,-1,-1
46,45168,987,363,19,7,1,-1,-1,-1
46,45167,570,369,21,25,1,-1,-1,-1
46,45165,1037,361,24,11,1,-1,-1,-1
46,45153,1212,365,18,12,1,-1,-1,-1
47,45195,320,358,173,122,1,-1,-1,-1
47,45188,617,351,45,46,1,-1,-1,-1
47,45177,498,346,70,69,1,-1,-1,-1
47,45173,1098,364,30,10,1,-1,-1,-1
47,45168,987,362,19,8,1,-1,-1,-1
47,45167,568,368,22,26,1,-1,-1,-1
47,45165,1037,360,25,11,1,-1,-1,-1
47,45153,1213,364,18,13,1,-1,-1,-1
48,45195,292,357,192,132,1,-1,-1,-1
48,45188,617,351,45,46,1,-1,-1,-1
48,45177,493,345,73,72,1,-1,-1,-1
48,45173,1098,363,30,10,1,-1,-1,-1
48,45168,987,362,19,7,1,-1,-1,-1
48,45167,566,368,23,27,1,-1,-1,-1
48,45165,1037,360,25,11,1,-1,-1,-1
48,45153,1213,364,19,12,1,-1,-1,-1
49,45195,258,357,216,144,1,-1,-1,-1
49,45188,617,350,45,47,1,-1,-1,-1
49,45177,487,344,77,74,1,-1,-1,-1
49,45173,1100,363,29,10,1,-1,-1,-1
49,45168,988,361,18,8,1,-1,-1,-1
49,45167,564,368,24,27,1,-1,-1,-1
49,45165,1037,359,25,12,1,-1,-1,-1
49,45153,1214,364,18,12,1,-1,-1,-1
50,45195,217,357,246,158,1,-1,-1,-1
50,45188,617,350,45,47,1,-1,-1,-1
50,45177,481,344,81,77,1,-1,-1,-1
50,45173,1102,363,26,10,1,-1,-1,-1
50,45168,988,361,19,8,1,-1,-1,-1
50,45167,561,368,26,28,1,-1,-1,-1
50,45165,1037,359,25,12,1,-1,-1,-1
50,45153,1215,364,18,12,1,-1,-1,-1
51,45195,166,357,284,174,1,-1,-1,-1
51,45188,617,351,45,46,1,-1,-1,-1
51,45177,475,343,85,80,1,-1,-1,-1
51,45173,1104,363,26,10,1,-1,-1,-1
51,45168,988,361,19,8,1,-1,-1,-1
51,45167,559,369,26,28,1,-1,-1,-1
51,45165,1038,359,25,12,1,-1,-1,-1
51,45153,1217,364,17,12,1,-1,-1,-1
52,45195,101,357,334,196,1,-1,-1,-1
52,45188,617,351,46,47,1,-1,-1,-1
52,45177,468,343,89,83,1,-1,-1,-1
52,45173,1100,363,30,10,1,-1,-1,-1
52,45168,989,362,19,8,1,-1,-1,-1
52,45167,556,369,28,29,1,-1,-1,-1
52,45165,1038,360,25,11,1,-1,-1,-1
52,45153,1216,364,19,13,1,-1,-1,-1
53,45195,13,357,404,222,1,-1,-1,-1
53,45188,616,351,47,48,1,-1,-1,-1
53,45177,460,343,94,87,1,-1,-1,-1
53,45173,1100,364,30,10,1,-1,-1,-1
53,45168,989,362,19,8,1,-1,-1,-1
53,45167,553,370,30,30,1,-1,-1,-1
53,45165,1038,360,25,12,1,-1,-1,-1
53,45153,1217,365,18,12,1,-1,-1,-1
54,45195,0,357,396,259,1,-1,-1,-1
54,45188,616,352,47,47,1,-1,-1,-1
54,45177,452,342,99,91,1,-1,-1,-1
54,45173,1100,364,31,10,1,-1,-1,-1
54,45168,989,363,20,7,1,-1,-1,-1
54,45167,550,370,32,31,1,-1,-1,-1
54,45165,1038,360,25,12,1,-1,-1,-1
54,45153,1218,365,18,12,1,-1,-1,-1
55,45195,0,357,370,309,1,-1,-1,-1
55,45188,616,352,47,48,1,-1,-1,-1
55,45177,442,342,106,95,1,-1,-1,-1
55,45173,1100,364,31,10,1,-1,-1,-1
55,45168,990,363,19,8,1,-1,-1,-1
55,45167,547,371,33,31,1,-1,-1,-1
55,45165,1039,361,24,11,1,-1,-1,-1
55,45153,1219,365,18,13,1,-1,-1,-1
56,45195,0,356,337,363,1,-1,-1,-1
56,45188,616,352,47,48,1,-1,-1,-1
56,45177,432,341,112,100,1,-1,-1,-1
56,45173,1101,365,31,9,1,-1,-1,-1
56,45168,990,363,19,8,1,-1,-1,-1
56,45167,544,371,35,33,1,-1,-1,-1
56,45165,1039,361,25,11,1,-1,-1,-1
56,45153,1219,365,19,12,1,-1,-1,-1
57,45195,0,356,296,331,1,-1,-1,-1
57,45188,616,352,47,48,1,-1,-1,-1
57,45177,420,340,121,105,1,-1,-1,-1
57,45173,1101,364,31,10,1,-1,-1,-1
57,45168,991,363,19,8,1,-1,-1,-1
57,45167,540,371,38,34,1,-1,-1,-1
57,45165,1039,361,25,11,1,-1,-1,-1
57,45153,1220,365,19,12,1,-1,-1,-1
58,45195,0,354,243,333,1,-1,-1,-1
58,45188,616,351,47,49,1,-1,-1,-1
58,45177,408,339,128,111,1,-1,-1,-1
58,45173,1102,364,31,10,1,-1,-1,-1
58,45168,991,363,19,8,1,-1,-1,-1
58,45167,536,372,40,34,1,-1,-1,-1
58,45165,1039,361,25,11,1,-1,-1,-1
58,45153,1221,365,18,13,1,-1,-1,-1
59,45195,0,354,171,365,1,-1,-1,-1
59,45188,616,351,48,49,1,-1,-1,-1
59,45177,393,338,139,117,1,-1,-1,-1
59,45173,1102,364,31,10,1,-1,-1,-1
59,45168,991,362,20,8,1,-1,-1,-1
59,45167,531,372,43,35,1,-1,-1,-1
59,45165,1039,360,26,12,1,-1,-1,-1
59,45153,1221,365,19,12,1,-1,-1,-1
60,45195,0,419,67,266,1,-1,-1,-1
60,45188,615,351,49,49,1,-1,-1,-1
60,45177,377,336,150,125,1,-1,-1,-1
60,45173,1102,364,32,10,1,-1,-1,-1
60,45168,992,362,19,8,1,-1,-1,-1
60,45167,527,372,46,36,1,-1,-1,-1
60,45165,1040,360,25,12,1,-1,-1,-1
60,45153,1222,365,19,12,1,-1,-1,-1
61,45188,615,350,49,50,1,-1,-1,-1
61,45177,359,335,163,132,1,-1,-1,-1
61,45173,1103,364,31,10,1,-1,-1,-1
61,45168,992,362,20,8,1,-1,-1,-1
61,45167,522,372,49,37,1,-1,-1,-1
61,45165,1040,360,25,11,1,-1,-1,-1
61,45153,1224,364,18,13,1,-1,-1,-1
62,45188,615,350,49,50,1,-1,-1,-1
62,45177,337,333,179,142,1,-1,-1,-1
62,45173,1104,363,30,10,1,-1,-1,-1
62,45168,993,362,19,8,1,-1,-1,-1
62,45167,516,372,53,39,1,-1,-1,-1
62,45165,1040,360,26,11,1,-1,-1,-1
62,45153,1223,366,19,11,1,-1,-1,-1
63,45188,615,350,49,50,1,-1,-1,-1
63,45177,313,331,197,152,1,-1,-1,-1
63,45173,1104,363,31,10,1,-1,-1,-1
63,45168,994,362,19,8,1,-1,-1,-1
63,45167,509,372,58,41,1,-1,-1,-1
63,45165,1041,360,25,11,1,-1,-1,-1
63,45153,1224,364,15,13,1,-1,-1,-1
64,45188,615,350,49,51,1,-1,-1,-1
64,45177,284,329,219,165,1,-1,-1,-1
64,45173,1104,364,28,10,1,-1,-1,-1
64,45168,994,362,18,8,1,-1,-1,-1
64,45167,502,373,63,42,1,-1,-1,-1
64,45165,1041,360,25,11,1,-1,-1,-1
64,45153,1225,364,19,13,1,-1,-1,-1
65,45188,615,350,49,51,1,-1,-1,-1
65,45177,249,327,246,179,1,-1,-1,-1
65,45173,1105,364,30,9,1,-1,-1,-1
65,45168,994,362,20,8,1,-1,-1,-1
65,45167,495,373,67,44,1,-1,-1,-1
65,45165,1041,360,26,12,1,-1,-1,-1
65,45153,1226,364,19,13,1,-1,-1,-1
66,45188,615,350,50,51,1,-1,-1,-1
66,45177,207,324,279,197,1,-1,-1,-1
66,45173,1105,364,29,10,1,-1,-1,-1
66,45168,995,362,19,8,1,-1,-1,-1
66,45167,489,374,71,45,1,-1,-1,-1
66,45165,1042,360,25,12,1,-1,-1,-1
66,45153,1227,365,19,12,1,-1,-1,-1
67,45188,614,350,51,52,1,-1,-1,-1
67,45177,154,321,322,218,1,-1,-1,-1
67,45173,1107,364,30,10,1,-1,-1,-1
67,45168,995,362,20,8,1,-1,-1,-1
67,45167,483,375,75,46,1,-1,-1,-1
67,45165,1042,360,26,12,1,-1,-1,-1
67,45153,1227,365,19,12,1,-1,-1,-1
68,45188,614,350,51,52,1,-1,-1,-1
68,45177,86,318,378,244,1,-1,-1,-1
68,45173,1107,364,31,10,1,-1,-1,-1
68,45168,996,362,19,8,1,-1,-1,-1
68,45167,477,375,78,49,1,-1,-1,-1
68,45165,1042,360,26,12,1,-1,-1,-1
68,45153,1229,365,19,13,1,-1,-1,-1
69,45188,614,350,51,53,1,-1,-1,-1
69,45177,0,313,451,277,1,-1,-1,-1
69,45173,1107,364,32,10,1,-1,-1,-1
69,45168,996,362,20,9,1,-1,-1,-1
69,45167,470,376,82,51,1,-1,-1,-1
69,45165,1043,360,25,12,1,-1,-1,-1
69,45153,1231,365,18,13,1,-1,-1,-1
70,45188,614,350,51,53,1,-1,-1,-1
70,45177,0,307,436,329,1,-1,-1,-1
70,45173,1108,364,31,10,1,-1,-1,-1
70,45168,996,362,20,9,1,-1,-1,-1
70,45167,463,376,86,54,1,-1,-1,-1
70,45165,1043,360,26,12,1,-1,-1,-1
70,45153,1235,365,16,13,1,-1,-1,-1
71,45188,614,350,51,53,1,-1,-1,-1
71,45177,0,299,418,394,1,-1,-1,-1
71,45173,1108,364,32,10,1,-1,-1,-1
71,45168,997,362,20,9,1,-1,-1,-1
71,45167,455,377,90,56,1,-1,-1,-1
71,45166,600,362,13,7,1,-1,-1,-1
71,45165,1043,360,26,12,1,-1,-1,-1
71,45153,1237,365,14,11,1,-1,-1,-1
72,45188,613,350,53,54,1,-1,-1,-1
72,45177,0,289,396,430,1,-1,-1,-1
72,45173,1109,364,32,10,1,-1,-1,-1
72,45168,997,362,20,8,1,-1,-1,-1
72,45167,446,378,96,58,1,-1,-1,-1
72,45166,598,362,15,7,1,-1,-1,-1
72,45165,1044,360,25,12,1,-1,-1,-1
72,45153,1235,365,13,12,1,-1,-1,-1
73,45188,613,350,53,54,1,-1,-1,-1
73,45177,0,274,370,445,1,-1,-1,-1
73,45173,1110,364,32,10,1,-1,-1,-1
73,45167,436,378,102,61,1,-1,-1,-1
73,45166,596,362,17,7,1,-1,-1,-1
73,45165,1044,360,26,12,1,-1,-1,-1
73,45153,1235,365,17,13,1,-1,-1,-1
74,45188,613,350,53,54,1,-1,-1,-1
74,45177,0,257,337,459,1,-1,-1,-1
74,45173,1111,364,32,10,1,-1,-1,-1
74,45168,999,362,20,8,1,-1,-1,-1
74,45167,426,379,108,65,1,-1,-1,-1
74,45166,594,362,18,7,1,-1,-1,-1
74,45165,1061,360,9,12,1,-1,-1,-1
74,45153,1236,365,19,13,1,-1,-1,-1
75,45188,613,349,53,55,1,-1,-1,-1
75,45177,0,254,296,460,1,-1,-1,-1
75,45173,1113,364,31,10,1,-1,-1,-1
75,45168,999,362,20,8,1,-1,-1,-1
75,45167,414,380,115,68,1,-1,-1,-1
75,45166,592,362,19,7,1,-1,-1,-1
75,45165,1045,360,26,12,1,-1,-1,-1
75,45153,1238,365,18,12,1,-1,-1,-1
76,45188,612,349,55,56,1,-1,-1,-1
76,45177,0,253,241,460,1,-1,-1,-1
76,45173,1112,364,32,10,1,-1,-1,-1
76,45168,1000,362,20,8,1,-1,-1,-1
76,45167,400,381,124,72,1,-1,-1,-1
76,45166,590,362,19,7,1,-1,-1,-1
76,45165,1046,360,26,12,1,-1,-1,-1
76,45153,1239,365,13,12,1,-1,-1,-1
77,45188,612,349,55,56,1,-1,-1,-1
77,45177,0,254,166,465,1,-1,-1,-1
77,45173,1114,364,31,10,1,-1,-1,-1
77,45168,1001,362,20,8,1,-1,-1,-1
77,45167,386,382,132,77,1,-1,-1,-1
77,45166,588,362,19,7,1,-1,-1,-1
77,45165,1047,360,26,12,1,-1,-1,-1
78,45188,612,349,55,56,1,-1,-1,-1
78,45177,0,283,56,417,1,-1,-1,-1
78,45173,1113,364,33,10,1,-1,-1,-1
78,45168,1001,362,21,8,1,-1,-1,-1
78,45167,369,383,143,83,1,-1,-1,-1
78,45166,586,362,19,7,1,-1,-1,-1
78,45165,1047,360,27,12,1,-1,-1,-1
78,45153,1241,365,18,13,1,-1,-1,-1
79,45188,612,349,55,57,1,-1,-1,-1
79,45173,1114,364,33,10,1,-1,-1,-1
79,45168,1002,362,20,8,1,-1,-1,-1
79,45167,350,384,156,89,1,-1,-1,-1
79,45166,584,362,19,7,1,-1,-1,-1
79,45165,1048,360,25,12,1,-1,-1,-1
79,45153,1242,365,21,13,1,-1,-1,-1
80,45188,612,349,55,57,1,-1,-1,-1
80,45173,1115,364,33,10,1,-1,-1,-1
80,45168,1003,362,20,8,1,-1,-1,-1
80,45167,327,386,171,95,1,-1,-1,-1
80,45166,582,362,19,7,1,-1,-1,-1
80,45165,1049,360,26,12,1,-1,-1,-1
80,45153,1244,365,21,13,1,-1,-1,-1
81,45188,611,349,57,58,1,-1,-1,-1
81,45173,1116,364,33,10,1,-1,-1,-1
81,45168,1003,362,21,9,1,-1,-1,-1
81,45167,301,388,189,103,1,-1,-1,-1
81,45166,579,362,20,7,1,-1,-1,-1
81,45165,1050,360,27,12,1,-1,-1,-1
81,45153,1246,365,20,13,1,-1,-1,-1
82,45188,611,349,57,58,1,-1,-1,-1
82,45173,1118,364,32,10,1,-1,-1,-1
82,45168,1004,362,20,9,1,-1,-1,-1
82,45167,270,389,211,113,1,-1,-1,-1
82,45166,577,362,19,7,1,-1,-1,-1
82,45165,1052,360,26,12,1,-1,-1,-1
82,45153,1247,365,21,13,1,-1,-1,-1
83,45188,611,349,57,58,1,-1,-1,-1
83,45173,1119,364,32,10,1,-1,-1,-1
83,45168,1007,362,18,9,1,-1,-1,-1
83,45167,234,392,236,124,1,-1,-1,-1
83,45166,575,362,19,7,1,-1,-1,-1
83,45165,1053,360,26,12,1,-1,-1,-1
83,45153,1249,365,21,13,1,-1,-1,-1
84,45188,611,349,57,59,1,-1,-1,-1
84,45173,1120,364,32,10,1,-1,-1,-1
84,45168,1006,362,19,9,1,-1,-1,-1
84,45167,188,394,270,139,1,-1,-1,-1
84,45166,573,362,17,7,1,-1,-1,-1
84,45165,1054,360,26,12,1,-1,-1,-1
84,45153,1251,365,21,13,1,-1,-1,-1
85,45188,611,349,58,59,1,-1,-1,-1
85,45173,1121,364,33,10,1,-1,-1,-1
85,45168,1008,362,14,8,1,-1,-1,-1
85,45167,131,397,313,156,1,-1,-1,-1
85,45166,571,362,19,7,1,-1,-1,-1
85,45165,1055,360,27,12,1,-1,-1,-1
85,45153,1253,365,21,13,1,-1,-1,-1
86,45188,610,349,59,59,1,-1,-1,-1
86,45173,1122,364,33,10,1,-1,-1,-1
86,45168,1009,362,18,9,1,-1,-1,-1
86,45167,58,401,370,179,1,-1,-1,-1
86,45166,568,362,20,7,1,-1,-1,-1
86,45165,1056,360,27,12,1,-1,-1,-1
86,45153,1255,365,21,13,1,-1,-1,-1
87,45188,610,349,59,59,1,-1,-1,-1
87,45173,1124,364,33,10,1,-1,-1,-1
87,45168,1011,362,16,9,1,-1,-1,-1
87,45167,0,405,410,214,1,-1,-1,-1
87,45166,567,362,19,7,1,-1,-1,-1
87,45165,1057,360,27,12,1,-1,-1,-1
87,45153,1257,365,22,13,1,-1,-1,-1
88,45188,610,349,59,60,1,-1,-1,-1
88,45173,1124,364,34,10,1,-1,-1,-1
88,45168,1007,362,21,9,1,-1,-1,-1
88,45167,0,410,387,261,1,-1,-1,-1
88,45166,565,362,19,7,1,-1,-1,-1
88,45165,1064,360,21,12,1,-1,-1,-1
88,45153,1259,365,20,13,1,-1,-1,-1
89,45188,610,349,59,60,1,-1,-1,-1
89,45173,1126,364,34,11,1,-1,-1,-1
89,45168,1008,362,20,9,1,-1,-1,-1
89,45167,0,416,360,303,1,-1,-1,-1
89,45166,562,362,19,7,1,-1,-1,-1
89,45165,1059,360,27,12,1,-1,-1,-1
89,45153,1262,365,17,13,1,-1,-1,-1
90,45188,610,348,60,61,1,-1,-1,-1
90,45173,1127,364,35,11,1,-1,-1,-1
90,45168,1008,362,21,9,1,-1,-1,-1
90,45167,0,424,326,295,1,-1,-1,-1
90,45166,562,362,17,7,1,-1,-1,-1
90,45165,1060,360,24,12,1,-1,-1,-1
90,45153,1265,365,14,13,1,-1,-1,-1
91,45188,609,348,61,62,1,-1,-1,-1
91,45173,1129,364,34,11,1,-1,-1,-1
91,45168,1009,362,21,9,1,-1,-1,-1
91,45167,0,435,283,284,1,-1,-1,-1
91,45166,560,362,17,7,1,-1,-1,-1
91,45165,1061,360,27,12,1,-1,-1,-1
91,45153,1267,365,12,13,1,-1,-1,-1
92,45188,609,348,61,62,1,-1,-1,-1
92,45173,1130,364,35,11,1,-1,-1,-1
92,45168,1010,362,21,9,1,-1,-1,-1
92,45167,0,451,228,268,1,-1,-1,-1
92,45166,560,362,15,7,1,-1,-1,-1
92,45165,1062,360,27,12,1,-1,-1,-1
92,45153,1270,365,9,13,1,-1,-1,-1
93,45188,609,348,61,63,1,-1,-1,-1
93,45173,1132,364,34,11,1,-1,-1,-1
93,45168,1010,362,21,9,1,-1,-1,-1
93,45167,0,478,153,241,1,-1,-1,-1
93,45166,559,362,13,7,1,-1,-1,-1
93,45165,1063,360,27,12,1,-1,-1,-1
93,45153,1273,368,6,10,1,-1,-1,-1
94,45188,608,348,63,63,1,-1,-1,-1
94,45173,1133,364,35,11,1,-1,-1,-1
94,45168,1011,362,21,9,1,-1,-1,-1
94,45167,0,522,46,197,1,-1,-1,-1
94,45166,558,362,12,7,1,-1,-1,-1
94,45165,1064,360,27,13,1,-1,-1,-1
94,45153,1275,368,4,10,1,-1,-1,-1
95,45188,608,348,63,64,1,-1,-1,-1
95,45173,1134,364,35,11,1,-1,-1,-1
95,45168,1012,362,21,9,1,-1,-1,-1
95,45166,553,362,15,6,1,-1,-1,-1
95,45165,1065,360,28,13,1,-1,-1,-1
96,45188,608,348,63,64,1,-1,-1,-1
96,45173,1136,364,35,11,1,-1,-1,-1
96,45168,1012,362,21,9,1,-1,-1,-1
96,45165,1066,360,28,13,1,-1,-1,-1
97,45188,607,348,65,65,1,-1,-1,-1
97,45173,1138,364,34,11,1,-1,-1,-1
97,45168,1013,362,21,9,1,-1,-1,-1
97,45165,1066,360,29,13,1,-1,-1,-1
98,45188,607,347,65,66,1,-1,-1,-1
98,45173,1138,364,36,11,1,-1,-1,-1
98,45168,1014,362,21,9,1,-1,-1,-1
98,45166,546,362,14,6,1,-1,-1,-1
98,45165,1067,360,29,13,1,-1,-1,-1
99,45188,607,347,65,67,1,-1,-1,-1
99,45173,1140,364,35,11,1,-1,-1,-1
99,45168,1014,362,22,9,1,-1,-1,-1
99,45166,544,362,15,6,1,-1,-1,-1
99,45165,1068,360,29,13,1,-1,-1,-1
100,45188,606,347,67,67,1,-1,-1,-1
100,45173,1141,364,36,11,1,-1,-1,-1
100,45168,1015,362,21,9,1,-1,-1,-1
100,45166,541,362,15,6,1,-1,-1,-1
100,45165,1069,360,29,13,1,-1,-1,-1
101,45188,606,347,67,68,1,-1,-1,-1
101,45173,1142,364,36,11,1,-1,-1,-1
101,45168,1016,362,21,9,1,-1,-1,-1
101,45165,1070,360,28,13,1,-1,-1,-1
102,45188,606,347,67,68,1,-1,-1,-1
102,45173,1143,364,36,11,1,-1,-1,-1
102,45168,1017,362,21,9,1,-1,-1,-1
102,45165,1071,360,28,13,1,-1,-1,-1
103,45188,605,347,69,69,1,-1,-1,-1
103,45173,1145,364,35,11,1,-1,-1,-1
103,45168,1017,362,22,9,1,-1,-1,-1
103,45165,1072,360,28,13,1,-1,-1,-1
104,45188,605,347,69,69,1,-1,-1,-1
104,45173,1146,364,36,11,1,-1,-1,-1
104,45168,1018,362,21,9,1,-1,-1,-1
104,45165,1072,360,29,13,1,-1,-1,-1
105,45188,605,347,69,70,1,-1,-1,-1
105,45173,1147,364,36,11,1,-1,-1,-1
105,45168,1019,362,21,9,1,-1,-1,-1
105,45165,1073,360,29,13,1,-1,-1,-1
106,45188,605,347,70,70,1,-1,-1,-1
106,45173,1148,364,37,11,1,-1,-1,-1
106,45168,1020,362,19,9,1,-1,-1,-1
106,45165,1074,360,29,13,1,-1,-1,-1
107,45188,604,347,71,71,1,-1,-1,-1
107,45173,1149,364,37,11,1,-1,-1,-1
107,45168,1020,362,20,9,1,-1,-1,-1
107,45165,1075,360,29,13,1,-1,-1,-1
108,45188,604,347,71,71,1,-1,-1,-1
108,45173,1150,364,37,11,1,-1,-1,-1
108,45168,1021,362,20,9,1,-1,-1,-1
108,45165,1076,360,29,13,1,-1,-1,-1
109,45188,604,346,71,73,1,-1,-1,-1
109,45173,1152,364,36,11,1,-1,-1,-1
109,45168,1022,362,19,9,1,-1,-1,-1
109,45165,1076,360,30,13,1,-1,-1,-1
110,45188,603,346,73,73,1,-1,-1,-1
110,45173,1153,364,37,11,1,-1,-1,-1
110,45168,1023,362,19,9,1,-1,-1,-1
110,45165,1077,360,29,13,1,-1,-1,-1
111,45188,603,346,73,73,1,-1,-1,-1
111,45173,1154,364,37,12,1,-1,-1,-1
111,45168,1024,362,20,9,1,-1,-1,-1
111,45165,1078,360,29,13,1,-1,-1,-1
112,45188,603,346,73,74,1,-1,-1,-1
112,45173,1155,364,37,12,1,-1,-1,-1
112,45168,1025,362,19,9,1,-1,-1,-1
112,45165,1079,360,29,13,1,-1,-1,-1
113,45188,602,346,75,74,1,-1,-1,-1
113,45173,1157,364,36,12,1,-1,-1,-1
113,45168,1026,362,20,9,1,-1,-1,-1
113,45165,1079,360,30,13,1,-1,-1,-1
114,45188,602,346,75,75,1,-1,-1,-1
114,45173,1159,364,36,12,1,-1,-1,-1
114,45168,1027,362,19,9,1,-1,-1,-1
114,45165,1080,360,30,13,1,-1,-1,-1
115,45188,602,345,76,77,1,-1,-1,-1
115,45173,1162,364,34,12,1,-1,-1,-1
115,45168,1028,362,19,9,1,-1,-1,-1
115,45165,1081,360,30,13,1,-1,-1,-1
116,45188,601,345,77,77,1,-1,-1,-1
116,45173,1159,364,38,12,1,-1,-1,-1
116,45168,1029,362,19,9,1,-1,-1,-1
116,45165,1081,360,30,13,1,-1,-1,-1
117,45188,601,345,77,78,1,-1,-1,-1
117,45173,1160,364,38,12,1,-1,-1,-1
117,45168,1030,362,18,9,1,-1,-1,-1
117,45165,1082,360,30,13,1,-1,-1,-1
118,45188,600,345,79,79,1,-1,-1,-1
118,45173,1161,364,38,12,1,-1,-1,-1
118,45168,1031,362,18,9,1,-1,-1,-1
118,45165,1083,360,30,13,1,-1,-1,-1
119,45188,600,344,80,81,1,-1,-1,-1
119,45173,1162,364,38,12,1,-1,-1,-1
119,45168,1033,362,17,9,1,-1,-1,-1
119,45165,1083,360,30,13,1,-1,-1,-1
120,45188,599,344,81,81,1,-1,-1,-1
120,45173,1163,364,38,12,1,-1,-1,-1
120,45168,1034,362,17,9,1,-1,-1,-1
120,45165,1084,360,30,13,1,-1,-1,-1
121,45188,598,344,83,82,1,-1,-1,-1
121,45173,1164,364,39,12,1,-1,-1,-1
121,45168,1036,362,16,9,1,-1,-1,-1
121,45165,1085,360,30,13,1,-1,-1,-1
122,45188,598,344,83,83,1,-1,-1,-1
122,45173,1165,364,39,12,1,-1,-1,-1
122,45168,1038,362,14,9,1,-1,-1,-1
122,45165,1085,360,31,13,1,-1,-1,-1
123,45188,597,344,85,84,1,-1,-1,-1
123,45173,1166,364,39,12,1,-1,-1,-1
123,45168,1039,362,14,9,1,-1,-1,-1
123,45165,1086,360,30,13,1,-1,-1,-1
124,45188,597,344,86,85,1,-1,-1,-1
124,45173,1167,364,39,12,1,-1,-1,-1
124,45168,1041,362,13,9,1,-1,-1,-1
124,45165,1087,360,30,13,1,-1,-1,-1
125,45188,596,343,87,87,1,-1,-1,-1
125,45173,1168,364,39,12,1,-1,-1,-1
125,45168,1043,362,12,9,1,-1,-1,-1
125,45165,1087,360,31,13,1,-1,-1,-1
126,45188,595,343,89,88,1,-1,-1,-1
126,45173,1170,364,38,12,1,-1,-1,-1
126,45168,1045,362,13,9,1,-1,-1,-1
126,45165,1088,360,31,13,1,-1,-1,-1
127,45188,595,343,89,89,1,-1,-1,-1
127,45173,1170,364,40,12,1,-1,-1,-1
127,45168,1046,362,14,9,1,-1,-1,-1
127,45165,1089,360,31,13,1,-1,-1,-1
128,45188,594,343,91,90,1,-1,-1,-1
128,45173,1171,364,40,12,1,-1,-1,-1
128,45168,1048,362,15,9,1,-1,-1,-1
128,45165,1090,360,31,13,1,-1,-1,-1
129,45188,593,343,93,91,1,-1,-1,-1
129,45173,1172,364,40,12,1,-1,-1,-1
129,45168,1050,362,16,9,1,-1,-1,-1
129,45165,1090,360,31,13,1,-1,-1,-1
130,45188,593,342,93,93,1,-1,-1,-1
130,45173,1174,364,40,12,1,-1,-1,-1
130,45168,1052,362,17,9,1,-1,-1,-1
130,45165,1092,360,30,13,1,-1,-1,-1
131,45188,592,342,95,93,1,-1,-1,-1
131,45173,1175,364,40,12,1,-1,-1,-1
131,45168,1054,362,19,9,1,-1,-1,-1
131,45165,1092,360,31,13,1,-1,-1,-1
132,45188,591,342,97,94,1,-1,-1,-1
132,45173,1176,364,40,12,1,-1,-1,-1
132,45168,1056,362,20,9,1,-1,-1,-1
132,45165,1093,360,31,13,1,-1,-1,-1
133,45188,591,341,97,95,1,-1,-1,-1
133,45173,1177,364,39,12,1,-1,-1,-1
133,45168,1058,362,22,9,1,-1,-1,-1
133,45165,1094,359,31,13,1,-1,-1,-1
134,45188,590,340,99,97,1,-1,-1,-1
134,45173,1178,363,40,12,1,-1,-1,-1
134,45168,1060,361,24,9,1,-1,-1,-1
134,45165,1094,359,32,13,1,-1,-1,-1
135,45188,590,339,99,98,1,-1,-1,-1
135,45173,1179,362,41,12,1,-1,-1,-1
135,45168,1063,360,25,9,1,-1,-1,-1
135,45165,1095,358,31,13,1,-1,-1,-1
136,45188,589,339,101,98,1,-1,-1,-1
136,45173,1180,362,41,12,1,-1,-1,-1
136,45168,1066,360,26,9,1,-1,-1,-1
136,45165,1096,358,31,13,1,-1,-1,-1
137,45188,589,338,101,99,1,-1,-1,-1
137,45173,1181,362,41,12,1,-1,-1,-1
137,45168,1069,360,25,9,1,-1,-1,-1
137,45165,1096,357,32,14,1,-1,-1,-1
138,45188,589,338,101,100,1,-1,-1,-1
138,45173,1182,362,41,12,1,-1,-1,-1
138,45168,1072,360,24,9,1,-1,-1,-1
138,45165,1097,357,31,14,1,-1,-1,-1
139,45188,588,338,103,101,1,-1,-1,-1
139,45173,1182,362,42,12,1,-1,-1,-1
139,45168,1076,360,21,9,1,-1,-1,-1
139,45165,1097,358,32,13,1,-1,-1,-1
140,45188,588,339,103,101,1,-1,-1,-1
140,45173,1184,363,41,12,1,-1,-1,-1
140,45168,1080,361,18,9,1,-1,-1,-1
140,45165,1098,358,32,14,1,-1,-1,-1
141,45188,587,339,105,102,1,-1,-1,-1
141,45173,1185,363,41,12,1,-1,-1,-1
141,45168,1083,361,16,10,1,-1,-1,-1
141,45165,1099,359,32,14,1,-1,-1,-1
142,45188,587,340,105,103,1,-1,-1,-1
142,45173,1186,364,41,12,1,-1,-1,-1
142,45168,1087,362,13,9,1,-1,-1,-1
142,45165,1099,360,33,13,1,-1,-1,-1
143,45188,586,340,107,105,1,-1,-1,-1
143,45173,1187,365,42,12,1,-1,-1,-1
143,45168,1091,363,10,9,1,-1,-1,-1
143,45165,1100,361,32,13,1,-1,-1,-1
144,45188,585,340,109,107,1,-1,-1,-1
144,45173,1188,366,42,12,1,-1,-1,-1
144,45165,1101,362,32,13,1,-1,-1,-1
145,45188,584,341,111,107,1,-1,-1,-1
145,45173,1189,366,43,13,1,-1,-1,-1
145,45165,1102,362,32,14,1,-1,-1,-1
146,45188,583,340,113,110,1,-1,-1,-1
146,45173,1191,366,42,12,1,-1,-1,-1
146,45165,1103,362,32,14,1,-1,-1,-1
147,45188,582,339,115,111,1,-1,-1,-1
147,45173,1192,366,42,12,1,-1,-1,-1
147,45168,1110,368,29,5,1,-1,-1,-1
147,45165,1103,361,33,14,1,-1,-1,-1
148,45188,581,338,117,113,1,-1,-1,-1
148,45173,1193,365,43,12,1,-1,-1,-1
148,45165,1104,361,33,13,1,-1,-1,-1
149,45188,581,337,118,114,1,-1,-1,-1
149,45173,1194,364,43,12,1,-1,-1,-1
149,45168,1138,363,10,8,1,-1,-1,-1
149,45165,1105,360,33,13,1,-1,-1,-1
150,45188,580,336,120,116,1,-1,-1,-1
150,45173,1195,363,43,13,1,-1,-1,-1
150,45168,1138,361,15,9,1,-1,-1,-1
150,45165,1105,359,33,14,1,-1,-1,-1
151,45188,579,335,121,117,1,-1,-1,-1
151,45173,1196,363,43,12,1,-1,-1,-1
151,45168,1137,360,20,10,1,-1,-1,-1
151,45165,1106,358,33,14,1,-1,-1,-1
152,45188,578,334,123,119,1,-1,-1,-1
152,45173,1197,362,43,12,1,-1,-1,-1
152,45168,1139,360,23,9,1,-1,-1,-1
152,45165,1106,358,33,13,1,-1,-1,-1
153,45188,577,333,125,120,1,-1,-1,-1
153,45173,1197,361,44,13,1,-1,-1,-1
153,45168,1141,359,25,9,1,-1,-1,-1
153,45165,1107,357,32,13,1,-1,-1,-1
154,45188,577,332,125,120,1,-1,-1,-1
154,45173,1198,360,43,12,1,-1,-1,-1
154,45168,1142,358,28,9,1,-1,-1,-1
154,45165,1107,355,33,14,1,-1,-1,-1
155,45188,577,330,126,121,1,-1,-1,-1
155,45173,1198,358,43,12,1,-1,-1,-1
155,45168,1144,356,30,9,1,-1,-1,-1
155,45165,1107,353,33,14,1,-1,-1,-1
156,45188,577,328,126,121,1,-1,-1,-1
156,45173,1197,356,44,12,1,-1,-1,-1
156,45168,1146,354,33,9,1,-1,-1,-1
156,45165,1106,351,33,14,1,-1,-1,-1
157,45188,577,328,126,121,1,-1,-1,-1
157,45173,1197,356,44,12,1,-1,-1,-1
157,45168,1150,354,33,9,1,-1,-1,-1
157,45165,1106,351,33,14,1,-1,-1,-1
158,45188,577,329,126,120,1,-1,-1,-1
158,45173,1197,357,43,12,1,-1,-1,-1
158,45168,1154,355,33,9,1,-1,-1,-1
158,45165,1106,352,33,14,1,-1,-1,-1
159,45188,577,330,126,121,1,-1,-1,-1
159,45173,1197,358,43,13,1,-1,-1,-1
159,45168,1159,356,31,10,1,-1,-1,-1
159,45165,1105,354,34,14,1,-1,-1,-1
160,45188,577,332,126,120,1,-1,-1,-1
160,45173,1196,360,44,12,1,-1,-1,-1
160,45168,1162,358,33,9,1,-1,-1,-1
160,45165,1105,355,33,14,1,-1,-1,-1
161,45188,577,333,126,121,1,-1,-1,-1
161,45173,1196,362,44,12,1,-1,-1,-1
161,45168,1166,360,31,9,1,-1,-1,-1
161,45165,1104,357,34,14,1,-1,-1,-1
162,45188,577,335,126,121,1,-1,-1,-1
162,45173,1196,363,44,13,1,-1,-1,-1
162,45168,1170,361,27,10,1,-1,-1,-1
162,45165,1104,359,34,14,1,-1,-1,-1
163,45188,576,336,127,122,1,-1,-1,-1
163,45173,1196,365,44,12,1,-1,-1,-1
163,45168,1174,363,32,9,1,-1,-1,-1
163,45165,1104,360,33,14,1,-1,-1,-1
164,45188,576,336,127,122,1,-1,-1,-1
164,45173,1197,365,43,12,1,-1,-1,-1
164,45168,1178,363,29,9,1,-1,-1,-1
164,45165,1103,360,34,14,1,-1,-1,-1
165,45188,576,336,128,123,1,-1,-1,-1
165,45173,1197,365,42,12,1,-1,-1,-1
165,45168,1182,363,27,10,1,-1,-1,-1
165,45165,1103,361,34,13,1,-1,-1,-1
166,45188,575,336,129,124,1,-1,-1,-1
166,45173,1197,365,42,12,1,-1,-1,-1
166,45168,1186,363,26,9,1,-1,-1,-1
166,45165,1102,361,34,13,1,-1,-1,-1
167,45188,575,335,130,125,1,-1,-1,-1
167,45173,1197,365,42,12,1,-1,-1,-1
167,45168,1192,363,22,9,1,-1,-1,-1
167,45165,1102,360,34,14,1,-1,-1,-1
168,45188,574,336,131,126,1,-1,-1,-1
168,45173,1198,366,41,12,1,-1,-1,-1
168,45168,1195,364,23,9,1,-1,-1,-1
168,45165,1101,361,34,14,1,-1,-1,-1
169,45188,573,337,133,128,1,-1,-1,-1
169,45173,1196,367,43,13,1,-1,-1,-1
169,45168,1200,365,20,6,1,-1,-1,-1
169,45165,1101,363,34,13,1,-1,-1,-1
170,45188,572,338,135,129,1,-1,-1,-1
170,45173,1196,368,43,13,1,-1,-1,-1
170,45168,1205,366,32,5,1,-1,-1,-1
170,45165,1099,364,35,13,1,-1,-1,-1
171,45188,571,338,137,131,1,-1,-1,-1
171,45173,1197,369,43,12,1,-1,-1,-1
171,45168,1211,367,33,9,1,-1,-1,-1
171,45165,1099,364,35,14,1,-1,-1,-1
172,45188,570,337,139,133,1,-1,-1,-1
172,45173,1197,368,43,13,1,-1,-1,-1
172,45168,1223,366,26,10,1,-1,-1,-1
172,45165,1104,364,29,13,1,-1,-1,-1
173,45188,569,336,141,134,1,-1,-1,-1
173,45173,1197,368,44,12,1,-1,-1,-1
173,45168,1226,366,28,9,1,-1,-1,-1
173,45165,1096,363,26,14,1,-1,-1,-1
174,45188,568,335,143,136,1,-1,-1,-1
174,45173,1219,367,22,12,1,-1,-1,-1
174,45168,1228,365,30,10,1,-1,-1,-1
174,45165,1095,362,36,14,1,-1,-1,-1
175,45188,567,334,145,137,1,-1,-1,-1
175,45173,1198,366,43,12,1,-1,-1,-1
175,45168,1232,364,18,10,1,-1,-1,-1
175,45165,1094,361,36,14,1,-1,-1,-1
176,45188,567,333,146,138,1,-1,-1,-1
176,45173,1198,365,44,12,1,-1,-1,-1
176,45168,1235,363,34,10,1,-1,-1,-1
176,45165,1092,360,37,14,1,-1,-1,-1
177,45188,566,332,147,139,1,-1,-1,-1
177,45173,1198,364,43,12,1,-1,-1,-1
177,45168,1239,362,34,10,1,-1,-1,-1
177,45165,1091,359,37,14,1,-1,-1,-1
178,45188,565,330,149,140,1,-1,-1,-1
178,45173,1200,363,42,12,1,-1,-1,-1
178,45168,1242,361,36,10,1,-1,-1,-1
178,45165,1089,358,37,14,1,-1,-1,-1
179,45188,565,327,149,140,1,-1,-1,-1
179,45173,1198,359,44,13,1,-1,-1,-1
179,45168,1251,357,28,10,1,-1,-1,-1
179,45165,1087,355,38,13,1,-1,-1,-1
180,45188,566,323,147,139,1,-1,-1,-1
180,45173,1197,355,44,12,1,-1,-1,-1
180,45168,1253,353,26,10,1,-1,-1,-1
180,45165,1084,351,38,13,1,-1,-1,-1
181,45188,567,321,145,137,1,-1,-1,-1
181,45173,1197,353,42,12,1,-1,-1,-1
181,45168,1254,351,25,10,1,-1,-1,-1
181,45165,1081,348,39,14,1,-1,-1,-1
182,45188,568,322,144,136,1,-1,-1,-1
182,45173,1196,353,42,12,1,-1,-1,-1
182,45168,1257,351,22,10,1,-1,-1,-1
182,45165,1079,349,38,13,1,-1,-1,-1
183,45188,569,324,142,134,1,-1,-1,-1
183,45173,1195,355,42,12,1,-1,-1,-1
183,45168,1261,353,18,10,1,-1,-1,-1
183,45165,1076,350,38,14,1,-1,-1,-1
184,45188,569,326,141,133,1,-1,-1,-1
184,45173,1195,357,41,12,1,-1,-1,-1
184,45168,1265,355,14,10,1,-1,-1,-1
184,45165,1073,352,38,14,1,-1,-1,-1
185,45188,570,329,139,132,1,-1,-1,-1
185,45173,1192,359,43,12,1,-1,-1,-1
185,45168,1268,358,10,8,1,-1,-1,-1
185,45165,1071,355,38,13,1,-1,-1,-1
186,45188,571,331,138,131,1,-1,-1,-1
186,45173,1193,361,41,13,1,-1,-1,-1
186,45165,1068,357,38,13,1,-1,-1,-1
187,45188,571,333,137,130,1,-1,-1,-1
187,45173,1195,363,39,12,1,-1,-1,-1
187,45165,1065,359,39,13,1,-1,-1,-1
188,45188,571,334,137,131,1,-1,-1,-1
188,45173,1196,365,37,12,1,-1,-1,-1
188,45165,1063,360,38,14,1,-1,-1,-1
189,45188,571,335,137,131,1,-1,-1,-1
189,45173,1190,366,43,12,1,-1,-1,-1
189,45165,1061,362,38,13,1,-1,-1,-1
190,45188,571,336,137,131,1,-1,-1,-1
190,45173,1190,367,42,12,1,-1,-1,-1
190,45165,1059,363,37,13,1,-1,-1,-1
191,45188,571,337,138,132,1,-1,-1,-1
191,45173,1191,368,41,12,1,-1,-1,-1
191,45165,1056,364,38,13,1,-1,-1,-1
192,45188,570,337,139,133,1,-1,-1,-1
192,45173,1190,369,42,12,1,-1,-1,-1
192,45165,1054,364,37,14,1,-1,-1,-1
193,45188,570,338,140,133,1,-1,-1,-1
193,45173,1190,369,43,12,1,-1,-1,-1
193,45165,1052,365,37,13,1,-1,-1,-1
194,45188,569,338,141,134,1,-1,-1,-1
194,45173,1190,370,43,12,1,-1,-1,-1
194,45165,1051,365,36,13,1,-1,-1,-1
195,45188,569,337,142,135,1,-1,-1,-1
195,45173,1191,369,42,12,1,-1,-1,-1
195,45165,1049,365,36,13,1,-1,-1,-1
196,45188,568,335,143,136,1,-1,-1,-1
196,45173,1191,367,42,12,1,-1,-1,-1
196,45165,1046,363,37,13,1,-1,-1,-1
197,45188,568,331,143,136,1,-1,-1,-1
197,45173,1191,363,42,12,1,-1,-1,-1
197,45165,1044,359,37,13,1,-1,-1,-1
198,45188,569,327,142,134,1,-1,-1,-1
198,45173,1190,358,42,12,1,-1,-1,-1
198,45165,1041,354,37,13,1,-1,-1,-1
199,45188,570,325,140,133,1,-1,-1,-1
199,45173,1188,356,43,12,1,-1,-1,-1
199,45165,1039,351,36,13,1,-1,-1,-1
200,45188,570,326,139,132,1,-1,-1,-1
200,45173,1188,356,42,12,1,-1,-1,-1
200,45165,1036,352,37,13,1,-1,-1,-1
201,45188,571,328,137,131,1,-1,-1,-1
201,45173,1187,358,42,12,1,-1,-1,-1
201,45165,1034,354,36,13,1,-1,-1,-1
202,45188,572,330,136,130,1,-1,-1,-1
202,45173,1187,360,41,12,1,-1,-1,-1
202,45165,1032,356,36,13,1,-1,-1,-1
203,45188,572,332,135,129,1,-1,-1,-1
203,45173,1186,362,41,12,1,-1,-1,-1
203,45165,1031,358,34,13,1,-1,-1,-1
204,45188,572,334,135,128,1,-1,-1,-1
204,45173,1186,364,40,12,1,-1,-1,-1
204,45165,1027,360,36,10,1,-1,-1,-1
205,45188,573,336,134,127,1,-1,-1,-1
205,45173,1186,366,40,12,1,-1,-1,-1
205,45165,1025,361,36,11,1,-1,-1,-1
206,45188,573,337,133,127,1,-1,-1,-1
206,45173,1186,367,40,12,1,-1,-1,-1
206,45165,1022,362,36,8,1,-1,-1,-1
207,45188,573,338,133,127,1,-1,-1,-1
207,45173,1185,368,38,12,1,-1,-1,-1
207,45165,1020,363,36,8,1,-1,-1,-1
208,45188,573,339,133,127,1,-1,-1,-1
208,45173,1185,369,36,12,1,-1,-1,-1
208,45165,1018,364,36,8,1,-1,-1,-1
209,45188,573,339,133,127,1,-1,-1,-1
209,45173,1185,369,38,12,1,-1,-1,-1
209,45165,1016,365,36,8,1,-1,-1,-1
210,45188,573,340,133,127,1,-1,-1,-1
210,45173,1185,370,40,12,1,-1,-1,-1
210,45165,1014,365,36,8,1,-1,-1,-1
211,45188,573,340,134,128,1,-1,-1,-1
211,45173,1185,370,41,12,1,-1,-1,-1
211,45165,1012,365,36,9,1,-1,-1,-1
212,45188,572,340,135,129,1,-1,-1,-1
212,45173,1187,370,40,12,1,-1,-1,-1
212,45165,1011,366,36,8,1,-1,-1,-1
213,45188,572,339,136,130,1,-1,-1,-1
213,45173,1186,369,42,12,1,-1,-1,-1
213,45165,1009,365,36,8,1,-1,-1,-1
214,45188,571,337,137,132,1,-1,-1,-1
214,45173,1187,368,41,12,1,-1,-1,-1
214,45165,1007,364,36,8,1,-1,-1,-1
215,45188,570,336,139,132,1,-1,-1,-1
215,45173,1187,367,42,12,1,-1,-1,-1
215,45165,1005,363,36,8,1,-1,-1,-1
216,45188,570,335,140,133,1,-1,-1,-1
216,45173,1187,366,42,12,1,-1,-1,-1
216,45165,1004,362,35,8,1,-1,-1,-1
217,45188,569,334,141,135,1,-1,-1,-1
217,45173,1188,366,41,12,1,-1,-1,-1
217,45165,1002,361,35,9,1,-1,-1,-1
218,45188,568,333,143,136,1,-1,-1,-1
218,45173,1188,365,41,12,1,-1,-1,-1
218,45165,1000,361,36,8,1,-1,-1,-1
219,45188,568,332,143,137,1,-1,-1,-1
219,45173,1189,364,41,12,1,-1,-1,-1
219,45165,997,360,37,8,1,-1,-1,-1
220,45188,568,331,144,137,1,-1,-1,-1
220,45173,1189,363,41,12,1,-1,-1,-1
220,45165,995,359,37,8,1,-1,-1,-1
221,45188,567,331,145,137,1,-1,-1,-1
221,45173,1189,363,41,12,1,-1,-1,-1
221,45165,993,358,36,9,1,-1,-1,-1
222,45188,567,331,145,137,1,-1,-1,-1
222,45173,1189,363,41,12,1,-1,-1,-1
222,45165,991,358,36,9,1,-1,-1,-1
223,45188,567,331,146,138,1,-1,-1,-1
223,45173,1189,363,41,12,1,-1,-1,-1
223,45165,989,359,36,8,1,-1,-1,-1
224,45188,566,332,147,138,1,-1,-1,-1
224,45173,1189,364,41,12,1,-1,-1,-1
224,45165,987,359,36,9,1,-1,-1,-1
225,45188,566,332,147,139,1,-1,-1,-1
225,45173,1190,364,40,13,1,-1,-1,-1
225,45165,985,360,36,9,1,-1,-1,-1
226,45188,566,333,147,139,1,-1,-1,-1
226,45173,1190,365,40,12,1,-1,-1,-1
226,45165,983,360,36,9,1,-1,-1,-1
227,45188,566,333,148,139,1,-1,-1,-1
227,45173,1190,365,40,12,1,-1,-1,-1
227,45165,981,360,36,9,1,-1,-1,-1
228,45188,566,332,148,140,1,-1,-1,-1
228,45173,1191,364,39,12,1,-1,-1,-1
228,45165,979,360,36,8,1,-1,-1,-1
229,45188,566,331,148,140,1,-1,-1,-1
229,45173,1191,364,39,12,1,-1,-1,-1
229,45165,977,359,36,9,1,-1,-1,-1
230,45188,566,331,147,139,1,-1,-1,-1
230,45173,1191,363,39,12,1,-1,-1,-1
230,45165,975,359,36,8,1,-1,-1,-1
231,45188,566,331,147,139,1,-1,-1,-1
231,45173,1191,363,39,12,1,-1,-1,-1
231,45165,973,358,36,9,1,-1,-1,-1
232,45188,566,331,147,139,1,-1,-1,-1
232,45173,1191,363,38,12,1,-1,-1,-1
232,45165,971,359,36,9,1,-1,-1,-1
233,45188,567,332,146,138,1,-1,-1,-1
233,45173,1192,364,37,12,1,-1,-1,-1
233,45165,968,359,36,9,1,-1,-1,-1
234,45188,567,333,146,138,1,-1,-1,-1
234,45173,1194,365,35,12,1,-1,-1,-1
234,45165,966,360,36,9,1,-1,-1,-1
235,45188,566,333,147,139,1,-1,-1,-1
235,45173,1194,366,35,12,1,-1,-1,-1
235,45165,963,361,37,9,1,-1,-1,-1
236,45188,566,334,147,138,1,-1,-1,-1
236,45173,1194,366,36,12,1,-1,-1,-1
236,45165,961,361,37,9,1,-1,-1,-1
237,45188,566,333,147,140,1,-1,-1,-1
237,45173,1196,366,34,12,1,-1,-1,-1
237,45165,959,361,37,9,1,-1,-1,-1
238,45188,566,332,148,140,1,-1,-1,-1
238,45173,1197,365,33,12,1,-1,-1,-1
238,45165,957,361,37,9,1,-1,-1,-1
239,45188,565,331,149,141,1,-1,-1,-1
239,45173,1198,364,32,12,1,-1,-1,-1
239,45165,955,360,37,9,1,-1,-1,-1
240,45188,565,330,149,142,1,-1,-1,-1
240,45173,1199,364,31,12,1,-1,-1,-1
240,45165,952,359,38,9,1,-1,-1,-1
241,45188,565,330,150,142,1,-1,-1,-1
241,45173,1201,363,29,12,1,-1,-1,-1
241,45165,950,359,37,9,1,-1,-1,-1
242,45188,564,330,151,143,1,-1,-1,-1
242,45173,1202,364,29,12,1,-1,-1,-1
242,45165,948,359,37,9,1,-1,-1,-1
243,45188,564,331,152,143,1,-1,-1,-1
243,45173,1205,364,26,12,1,-1,-1,-1
243,45165,946,360,37,9,1,-1,-1,-1
244,45188,563,331,153,144,1,-1,-1,-1
244,45173,1207,365,25,12,1,-1,-1,-1
244,45165,944,360,37,10,1,-1,-1,-1
245,45188,563,331,154,146,1,-1,-1,-1
245,45173,1210,365,23,12,1,-1,-1,-1
245,45165,942,361,36,9,1,-1,-1,-1
246,45188,562,331,155,146,1,-1,-1,-1
246,45173,1212,365,22,12,1,-1,-1,-1
246,45165,940,361,36,9,1,-1,-1,-1
247,45188,562,331,156,146,1,-1,-1,-1
247,45173,1215,364,22,12,1,-1,-1,-1
247,45165,936,360,38,9,1,-1,-1,-1
248,45188,562,330,156,146,1,-1,-1,-1
248,45173,1217,364,23,12,1,-1,-1,-1
248,45165,934,359,38,10,1,-1,-1,-1
249,45188,562,329,156,146,1,-1,-1,-1
249,45173,1218,363,25,12,1,-1,-1,-1
249,45165,932,358,37,10,1,-1,-1,-1
250,45188,562,328,156,147,1,-1,-1,-1
250,45173,1220,362,27,12,1,-1,-1,-1
250,45165,929,358,38,9,1,-1,-1,-1
251,45188,562,328,155,146,1,-1,-1,-1
251,45173,1222,362,30,11,1,-1,-1,-1
251,45165,927,357,37,10,1,-1,-1,-1
252,45188,562,328,155,145,1,-1,-1,-1
252,45173,1224,361,32,12,1,-1,-1,-1
252,45165,924,357,38,9,1,-1,-1,-1
253,45188,562,328,155,145,1,-1,-1,-1
253,45173,1226,362,34,12,1,-1,-1,-1
253,45165,921,357,38,10,1,-1,-1,-1
254,45188,563,329,153,144,1,-1,-1,-1
254,45173,1229,362,35,12,1,-1,-1,-1
254,45165,919,358,38,9,1,-1,-1,-1
255,45188,563,330,153,143,1,-1,-1,-1
255,45173,1232,363,37,12,1,-1,-1,-1
255,45165,916,359,38,9,1,-1,-1,-1
256,45188,564,331,152,143,1,-1,-1,-1
256,45173,1236,364,39,12,1,-1,-1,-1
256,45165,914,360,38,9,1,-1,-1,-1
257,45188,564,332,151,143,1,-1,-1,-1
257,45173,1240,365,39,12,1,-1,-1,-1
257,45165,911,361,38,9,1,-1,-1,-1
258,45188,564,333,151,142,1,-1,-1,-1
258,45173,1244,366,35,12,1,-1,-1,-1
258,45165,910,362,37,9,1,-1,-1,-1
259,45188,564,334,151,142,1,-1,-1,-1
259,45173,1248,367,31,12,1,-1,-1,-1
259,45165,907,363,38,9,1,-1,-1,-1
260,45188,564,334,151,143,1,-1,-1,-1
260,45173,1253,367,26,12,1,-1,-1,-1
260,45165,905,363,38,10,1,-1,-1,-1
261,45188,564,334,152,143,1,-1,-1,-1
261,45173,1258,367,21,12,1,-1,-1,-1
261,45165,903,363,37,9,1,-1,-1,-1
262,45188,563,333,153,143,1,-1,-1,-1
262,45173,1263,366,16,12,1,-1,-1,-1
262,45165,900,362,38,10,1,-1,-1,-1
263,45188,563,332,153,144,1,-1,-1,-1
263,45173,1268,366,11,11,1,-1,-1,-1
263,45165,898,361,38,10,1,-1,-1,-1
264,45188,563,330,153,145,1,-1,-1,-1
264,45165,895,360,39,10,1,-1,-1,-1
265,45188,563,329,154,146,1,-1,-1,-1
265,45165,893,359,38,10,1,-1,-1,-1
266,45188,562,329,155,146,1,-1,-1,-1
266,45171,442,367,10,8,1,-1,-1,-1
266,45165,890,359,39,10,1,-1,-1,-1
267,45188,562,329,155,147,1,-1,-1,-1
267,45171,441,366,13,9,1,-1,-1,-1
267,45165,888,359,39,10,1,-1,-1,-1
268,45188,561,329,157,148,1,-1,-1,-1
268,45171,441,366,15,10,1,-1,-1,-1
268,45165,886,360,39,9,1,-1,-1,-1
269,45188,561,330,157,148,1,-1,-1,-1
269,45171,440,365,17,12,1,-1,-1,-1
269,45165,884,360,38,10,1,-1,-1,-1
270,45188,560,330,159,150,1,-1,-1,-1
270,45171,439,365,20,12,1,-1,-1,-1
270,45165,881,361,39,10,1,-1,-1,-1
271,45188,560,330,160,150,1,-1,-1,-1
271,45171,438,365,23,12,1,-1,-1,-1
271,45165,879,361,39,10,1,-1,-1,-1
272,45188,559,330,161,150,1,-1,-1,-1
272,45171,438,364,25,12,1,-1,-1,-1
272,45165,877,360,39,10,1,-1,-1,-1
273,45188,559,329,161,151,1,-1,-1,-1
273,45171,437,364,28,12,1,-1,-1,-1
273,45165,874,359,39,10,1,-1,-1,-1
274,45188,559,328,162,151,1,-1,-1,-1
274,45171,436,363,31,12,1,-1,-1,-1
274,45165,873,359,38,10,1,-1,-1,-1
275,45188,559,328,162,151,1,-1,-1,-1
275,45171,436,362,33,13,1,-1,-1,-1
275,45165,871,358,38,10,1,-1,-1,-1
276,45188,559,328,162,151,1,-1,-1,-1
276,45171,435,362,36,13,1,-1,-1,-1
276,45165,868,358,39,10,1,-1,-1,-1
276,45138,720,366,3,8,1,-1,-1,-1
277,45188,559,328,162,151,1,-1,-1,-1
277,45171,434,362,39,13,1,-1,-1,-1
277,45165,866,358,38,10,1,-1,-1,-1
277,45138,720,362,7,13,1,-1,-1,-1
278,45188,559,329,162,151,1,-1,-1,-1
278,45171,434,363,41,13,1,-1,-1,-1
278,45165,863,359,39,10,1,-1,-1,-1
278,45138,720,362,9,13,1,-1,-1,-1
279,45188,559,330,162,150,1,-1,-1,-1
279,45171,433,364,44,12,1,-1,-1,-1
279,45165,860,360,40,10,1,-1,-1,-1
279,45138,720,363,11,13,1,-1,-1,-1
280,45188,559,330,162,151,1,-1,-1,-1
280,45171,432,365,47,12,1,-1,-1,-1
280,45165,858,361,40,10,1,-1,-1,-1
280,45138,721,364,12,13,1,-1,-1,-1
281,45188,559,331,162,151,1,-1,-1,-1
281,45171,434,365,47,13,1,-1,-1,-1
281,45165,856,361,40,11,1,-1,-1,-1
281,45138,723,365,12,13,1,-1,-1,-1
282,45188,559,331,162,151,1,-1,-1,-1
282,45171,436,366,47,12,1,-1,-1,-1
282,45165,854,361,39,11,1,-1,-1,-1
282,45138,725,365,12,13,1,-1,-1,-1
283,45188,559,331,161,151,1,-1,-1,-1
283,45171,438,365,46,13,1,-1,-1,-1
283,45165,852,361,39,10,1,-1,-1,-1
283,45138,728,365,11,13,1,-1,-1,-1
284,45188,559,331,161,150,1,-1,-1,-1
284,45171,439,365,47,13,1,-1,-1,-1
284,45165,849,361,40,10,1,-1,-1,-1
284,45138,729,364,12,13,1,-1,-1,-1
285,45188,559,330,161,150,1,-1,-1,-1
285,45171,441,365,47,13,1,-1,-1,-1
285,45165,847,360,40,11,1,-1,-1,-1
285,45138,731,364,13,13,1,-1,-1,-1
286,45188,560,331,160,149,1,-1,-1,-1
286,45171,443,365,47,13,1,-1,-1,-1
286,45165,845,361,40,10,1,-1,-1,-1
286,45138,733,364,13,13,1,-1,-1,-1
287,45188,560,331,159,149,1,-1,-1,-1
287,45171,444,365,47,13,1,-1,-1,-1
287,45165,843,361,40,11,1,-1,-1,-1
287,45138,736,364,10,14,1,-1,-1,-1
288,45188,560,332,159,148,1,-1,-1,-1
288,45171,445,366,47,13,1,-1,-1,-1
288,45165,841,362,40,10,1,-1,-1,-1
288,45138,738,365,12,14,1,-1,-1,-1
289,45188,560,333,159,148,1,-1,-1,-1
289,45171,446,366,47,14,1,-1,-1,-1
289,45165,839,362,40,11,1,-1,-1,-1
289,45138,740,366,13,13,1,-1,-1,-1
290,45188,561,333,158,148,1,-1,-1,-1
290,45171,447,367,47,13,1,-1,-1,-1
290,45165,837,363,40,11,1,-1,-1,-1
290,45138,742,367,13,13,1,-1,-1,-1
291,45188,561,334,158,148,1,-1,-1,-1
291,45171,448,368,47,13,1,-1,-1,-1
291,45165,835,364,40,10,1,-1,-1,-1
291,45138,744,367,13,14,1,-1,-1,-1
292,45188,561,334,158,148,1,-1,-1,-1
292,45171,449,368,47,13,1,-1,-1,-1
292,45165,833,364,40,11,1,-1,-1,-1
292,45138,747,367,13,14,1,-1,-1,-1
293,45188,561,333,158,149,1,-1,-1,-1
293,45171,451,368,48,13,1,-1,-1,-1
293,45165,832,363,39,11,1,-1,-1,-1
293,45138,749,367,12,14,1,-1,-1,-1
294,45188,560,332,159,148,1,-1,-1,-1
294,45171,452,366,49,14,1,-1,-1,-1
294,45165,829,362,40,11,1,-1,-1,-1
294,45138,752,366,10,13,1,-1,-1,-1
295,45188,561,328,157,148,1,-1,-1,-1
295,45171,454,363,49,13,1,-1,-1,-1
295,45165,827,358,40,11,1,-1,-1,-1
295,45138,754,362,9,14,1,-1,-1,-1
296,45188,562,326,156,147,1,-1,-1,-1
296,45171,456,361,49,13,1,-1,-1,-1
296,45165,824,356,41,11,1,-1,-1,-1
296,45138,756,360,9,14,1,-1,-1,-1
297,45188,562,327,155,146,1,-1,-1,-1
297,45171,458,361,49,13,1,-1,-1,-1
297,45165,822,356,41,11,1,-1,-1,-1
297,45138,758,360,10,14,1,-1,-1,-1
298,45188,562,328,155,145,1,-1,-1,-1
298,45171,460,361,48,14,1,-1,-1,-1
298,45165,820,357,41,11,1,-1,-1,-1
298,45138,760,361,10,14,1,-1,-1,-1
299,45188,563,329,154,145,1,-1,-1,-1
299,45171,461,363,49,13,1,-1,-1,-1
299,45165,818,358,41,11,1,-1,-1,-1
299,45138,763,362,9,14,1,-1,-1,-1
300,45188,563,331,153,144,1,-1,-1,-1
300,45171,462,364,49,14,1,-1,-1,-1
300,45165,816,360,41,11,1,-1,-1,-1
300,45138,767,363,5,8,1,-1,-1,-1
301,45188,563,332,153,144,1,-1,-1,-1
301,45180,555,364,9,14,1,-1,-1,-1
301,45171,464,365,49,14,1,-1,-1,-1
301,45165,814,361,41,11,1,-1,-1,-1
301,45138,769,365,5,7,1,-1,-1,-1
302,45188,563,333,153,144,1,-1,-1,-1
302,45180,551,362,13,17,1,-1,-1,-1
302,45171,465,366,49,14,1,-1,-1,-1
302,45165,812,362,41,11,1,-1,-1,-1
302,45153,1275,370,4,11,1,-1,-1,-1
302,45138,772,366,5,6,1,-1,-1,-1
303,45188,563,334,153,144,1,-1,-1,-1
303,45180,547,358,17,22,1,-1,-1,-1
303,45171,467,367,49,14,1,-1,-1,-1
303,45165,815,363,36,11,1,-1,-1,-1
303,45153,1272,370,7,12,1,-1,-1,-1
303,45138,774,366,5,7,1,-1,-1,-1
304,45188,563,334,153,144,1,-1,-1,-1
304,45180,545,359,19,22,1,-1,-1,-1
304,45171,468,368,50,13,1,-1,-1,-1
304,45165,808,363,41,12,1,-1,-1,-1
304,45153,1269,371,10,11,1,-1,-1,-1
305,45188,563,334,153,144,1,-1,-1,-1
305,45180,539,359,25,21,1,-1,-1,-1
305,45171,470,368,50,13,1,-1,-1,-1
305,45165,806,363,41,11,1,-1,-1,-1
305,45153,1265,368,14,14,1,-1,-1,-1
306,45188,563,334,153,143,1,-1,-1,-1
306,45180,535,358,29,22,1,-1,-1,-1
306,45171,471,367,50,14,1,-1,-1,-1
306,45165,804,363,42,11,1,-1,-1,-1
306,45153,1263,368,16,13,1,-1,-1,-1
306,45138,784,366,6,7,1,-1,-1,-1
307,45188,564,334,152,142,1,-1,-1,-1
307,45180,531,358,34,22,1,-1,-1,-1
307,45171,473,367,50,14,1,-1,-1,-1
307,45165,802,362,42,12,1,-1,-1,-1
307,45153,1260,367,19,14,1,-1,-1,-1
307,45138,787,366,6,7,1,-1,-1,-1
308,45188,564,333,151,143,1,-1,-1,-1
308,45180,526,357,39,23,1,-1,-1,-1
308,45171,475,366,50,14,1,-1,-1,-1
308,45165,801,362,32,11,1,-1,-1,-1
308,45153,1257,367,22,14,1,-1,-1,-1
308,45138,789,366,6,7,1,-1,-1,-1
309,45188,564,333,151,143,1,-1,-1,-1
309,45180,523,357,42,23,1,-1,-1,-1
309,45171,478,366,49,15,1,-1,-1,-1
309,45165,799,362,42,11,1,-1,-1,-1
309,45153,1254,367,25,14,1,-1,-1,-1
309,45138,791,366,7,7,1,-1,-1,-1
310,45188,564,333,151,142,1,-1,-1,-1
310,45180,518,357,47,23,1,-1,-1,-1
310,45171,477,366,51,14,1,-1,-1,-1
310,45165,798,362,42,11,1,-1,-1,-1
310,45153,1251,366,28,15,1,-1,-1,-1
310,45138,792,365,9,8,1,-1,-1,-1
311,45188,564,332,151,143,1,-1,-1,-1
311,45180,515,357,50,22,1,-1,-1,-1
311,45171,479,366,51,14,1,-1,-1,-1
311,45165,799,361,40,12,1,-1,-1,-1
311,45153,1248,366,30,14,1,-1,-1,-1
311,45138,794,365,9,8,1,-1,-1,-1
312,45188,564,332,152,143,1,-1,-1,-1
312,45180,514,356,51,23,1,-1,-1,-1
312,45171,480,365,51,15,1,-1,-1,-1
312,45165,795,361,43,12,1,-1,-1,-1
312,45153,1245,366,30,14,1,-1,-1,-1
312,45138,797,365,9,8,1,-1,-1,-1
313,45188,564,329,152,143,1,-1,-1,-1
313,45180,510,354,55,23,1,-1,-1,-1
313,45171,482,363,51,14,1,-1,-1,-1
313,45165,794,358,43,12,1,-1,-1,-1
313,45153,1242,363,30,14,1,-1,-1,-1
313,45138,800,362,9,8,1,-1,-1,-1
314,45188,564,325,151,143,1,-1,-1,-1
314,45180,506,350,58,23,1,-1,-1,-1
314,45171,484,359,51,14,1,-1,-1,-1
314,45165,793,354,42,12,1,-1,-1,-1
314,45153,1238,359,29,14,1,-1,-1,-1
314,45138,803,358,8,8,1,-1,-1,-1
315,45188,565,323,149,141,1,-1,-1,-1
315,45180,502,347,58,23,1,-1,-1,-1
315,45171,486,356,51,15,1,-1,-1,-1
315,45165,791,352,42,12,1,-1,-1,-1
315,45153,1236,357,27,14,1,-1,-1,-1
315,45138,805,356,9,8,1,-1,-1,-1
316,45188,566,324,148,140,1,-1,-1,-1
316,45180,493,348,63,23,1,-1,-1,-1
316,45171,488,357,50,15,1,-1,-1,-1
316,45165,789,352,43,12,1,-1,-1,-1
316,45153,1232,357,26,14,1,-1,-1,-1
316,45138,808,356,8,8,1,-1,-1,-1
317,45188,566,326,147,139,1,-1,-1,-1
317,45180,488,349,64,23,1,-1,-1,-1
317,45171,490,359,51,14,1,-1,-1,-1
317,45165,787,354,43,12,1,-1,-1,-1
317,45153,1227,359,27,14,1,-1,-1,-1
317,45138,809,358,10,8,1,-1,-1,-1
318,45188,566,328,147,139,1,-1,-1,-1
318,45180,484,351,62,24,1,-1,-1,-1
318,45171,492,361,52,14,1,-1,-1,-1
318,45165,786,356,42,12,1,-1,-1,-1
318,45153,1224,361,26,14,1,-1,-1,-1
318,45138,812,360,9,8,1,-1,-1,-1
319,45188,567,330,146,138,1,-1,-1,-1
319,45180,480,353,61,24,1,-1,-1,-1
319,45171,494,363,52,14,1,-1,-1,-1
319,45165,784,358,42,12,1,-1,-1,-1
319,45153,1220,363,26,14,1,-1,-1,-1
319,45138,815,362,9,8,1,-1,-1,-1
320,45188,567,332,146,138,1,-1,-1,-1
320,45180,475,355,62,23,1,-1,-1,-1
320,45171,497,364,51,15,1,-1,-1,-1
320,45165,781,360,44,12,1,-1,-1,-1
320,45153,1217,365,25,7,1,-1,-1,-1
320,45138,817,363,9,9,1,-1,-1,-1
321,45188,567,333,145,138,1,-1,-1,-1
321,45180,471,357,62,23,1,-1,-1,-1
321,45171,499,366,52,15,1,-1,-1,-1
321,45165,779,361,44,12,1,-1,-1,-1
321,45153,1214,366,25,7,1,-1,-1,-1
321,45138,820,365,9,8,1,-1,-1,-1
322,45188,567,335,145,137,1,-1,-1,-1
322,45180,466,358,63,23,1,-1,-1,-1
322,45171,501,367,52,15,1,-1,-1,-1
322,45165,778,362,43,12,1,-1,-1,-1
322,45153,1212,367,24,7,1,-1,-1,-1
322,45138,823,366,9,8,1,-1,-1,-1
323,45188,567,336,145,137,1,-1,-1,-1
323,45180,462,359,62,23,1,-1,-1,-1
323,45171,503,368,53,15,1,-1,-1,-1
323,45165,774,363,45,15,1,-1,-1,-1
323,45153,1210,368,23,7,1,-1,-1,-1
323,45138,826,367,9,8,1,-1,-1,-1
324,45188,567,336,146,138,1,-1,-1,-1
324,45180,457,359,63,24,1,-1,-1,-1
324,45171,506,369,52,15,1,-1,-1,-1
324,45165,773,364,45,15,1,-1,-1,-1
324,45153,1208,369,23,7,1,-1,-1,-1
324,45138,828,368,9,8,1,-1,-1,-1
325,45188,566,336,147,139,1,-1,-1,-1
325,45180,454,359,62,24,1,-1,-1,-1
325,45171,508,369,53,15,1,-1,-1,-1
325,45165,772,364,44,16,1,-1,-1,-1
325,45153,1207,369,21,7,1,-1,-1,-1
325,45138,832,368,9,8,1,-1,-1,-1
326,45188,566,336,147,139,1,-1,-1,-1
326,45180,452,359,59,24,1,-1,-1,-1
326,45171,511,368,53,16,1,-1,-1,-1
326,45165,769,363,45,19,1,-1,-1,-1
326,45153,1201,368,24,7,1,-1,-1,-1
326,45138,835,367,9,9,1,-1,-1,-1
327,45188,566,334,148,140,1,-1,-1,-1
327,45180,443,358,66,24,1,-1,-1,-1
327,45171,514,367,53,16,1,-1,-1,-1
327,45165,767,362,45,19,1,-1,-1,-1
327,45153,1199,368,15,7,1,-1,-1,-1
327,45138,837,366,10,9,1,-1,-1,-1
328,45188,565,333,149,140,1,-1,-1,-1
328,45180,438,357,67,23,1,-1,-1,-1
328,45171,517,366,49,16,1,-1,-1,-1
328,45165,766,361,44,19,1,-1,-1,-1
328,45153,1196,366,14,8,1,-1,-1,-1
328,45138,841,365,7,8,1,-1,-1,-1
329,45188,565,331,149,141,1,-1,-1,-1
329,45180,434,355,67,24,1,-1,-1,-1
329,45171,520,365,46,16,1,-1,-1,-1
329,45165,763,360,45,19,1,-1,-1,-1
329,45153,1193,365,22,8,1,-1,-1,-1
329,45138,843,364,6,8,1,-1,-1,-1
330,45188,565,330,149,142,1,-1,-1,-1
330,45180,429,355,68,24,1,-1,-1,-1
330,45171,523,364,43,16,1,-1,-1,-1
330,45165,761,359,46,20,1,-1,-1,-1
330,45153,1191,364,22,8,1,-1,-1,-1
330,45138,846,363,6,8,1,-1,-1,-1
331,45188,565,330,150,142,1,-1,-1,-1
331,45180,424,354,68,24,1,-1,-1,-1
331,45171,526,364,39,16,1,-1,-1,-1
331,45165,759,359,46,19,1,-1,-1,-1
331,45153,1205,367,6,4,1,-1,-1,-1
331,45138,849,363,6,8,1,-1,-1,-1
332,45188,564,330,151,143,1,-1,-1,-1
332,45180,419,354,69,25,1,-1,-1,-1
332,45171,530,364,35,16,1,-1,-1,-1
332,45165,757,359,46,19,1,-1,-1,-1
332,45153,1185,364,23,8,1,-1,-1,-1
332,45138,854,363,4,4,1,-1,-1,-1
333,45188,564,331,151,143,1,-1,-1,-1
333,45180,415,355,68,24,1,-1,-1,-1
333,45171,534,365,31,15,1,-1,-1,-1
333,45165,755,360,46,19,1,-1,-1,-1
333,45153,1183,365,22,7,1,-1,-1,-1
333,45138,857,364,4,4,1,-1,-1,-1
334,45188,563,331,153,144,1,-1,-1,-1
334,45180,410,356,69,24,1,-1,-1,-1
334,45171,537,365,27,16,1,-1,-1,-1
334,45165,753,360,46,20,1,-1,-1,-1
334,45153,1181,365,22,8,1,-1,-1,-1
334,45138,860,365,8,6,1,-1,-1,-1
335,45188,563,332,153,145,1,-1,-1,-1
335,45180,405,357,69,24,1,-1,-1,-1
335,45171,541,366,23,16,1,-1,-1,-1
335,45165,751,361,46,20,1,-1,-1,-1
335,45153,1178,366,23,8,1,-1,-1,-1
335,45138,863,365,8,7,1,-1,-1,-1
336,45188,562,332,155,146,1,-1,-1,-1
336,45180,400,357,67,24,1,-1,-1,-1
336,45171,544,367,19,16,1,-1,-1,-1
336,45165,749,362,47,19,1,-1,-1,-1
336,45153,1177,367,21,7,1,-1,-1,-1
336,45138,866,366,8,8,1,-1,-1,-1
337,45188,562,332,155,146,1,-1,-1,-1
337,45180,394,357,68,24,1,-1,-1,-1
337,45171,547,367,16,16,1,-1,-1,-1
337,45165,748,361,46,20,1,-1,-1,-1
337,45153,1174,367,22,7,1,-1,-1,-1
337,45138,869,365,8,9,1,-1,-1,-1
338,45188,561,331,157,147,1,-1,-1,-1
338,45180,389,356,71,25,1,-1,-1,-1
338,45171,550,367,13,16,1,-1,-1,-1
338,45165,745,361,47,20,1,-1,-1,-1
338,45153,1172,366,22,7,1,-1,-1,-1
338,45138,872,365,8,8,1,-1,-1,-1
339,45188,561,330,157,147,1,-1,-1,-1
339,45180,384,355,71,25,1,-1,-1,-1
339,45171,553,367,9,15,1,-1,-1,-1
339,45165,743,360,47,20,1,-1,-1,-1
339,45153,1169,365,22,7,1,-1,-1,-1
339,45138,873,364,10,9,1,-1,-1,-1
340,45188,561,329,157,147,1,-1,-1,-1
340,45180,379,354,72,25,1,-1,-1,-1
340,45165,742,359,47,20,1,-1,-1,-1
340,45153,1167,364,20,8,1,-1,-1,-1
340,45138,876,363,10,9,1,-1,-1,-1
341,45188,561,329,157,146,1,-1,-1,-1
341,45180,374,353,72,25,1,-1,-1,-1
341,45165,740,358,47,20,1,-1,-1,-1
341,45153,1164,363,14,8,1,-1,-1,-1
341,45138,880,362,10,9,1,-1,-1,-1
342,45188,562,328,156,146,1,-1,-1,-1
342,45180,369,353,72,25,1,-1,-1,-1
342,45165,738,358,47,20,1,-1,-1,-1
342,45153,1162,363,21,8,1,-1,-1,-1
342,45138,882,362,11,9,1,-1,-1,-1
343,45188,562,328,155,146,1,-1,-1,-1
343,45180,365,353,72,25,1,-1,-1,-1
343,45165,736,357,47,21,1,-1,-1,-1
343,45153,1160,363,21,8,1,-1,-1,-1
343,45138,886,362,10,9,1,-1,-1,-1
344,45188,562,329,155,145,1,-1,-1,-1
344,45180,364,353,68,25,1,-1,-1,-1
344,45165,734,358,47,20,1,-1,-1,-1
344,45153,1158,363,22,8,1,-1,-1,-1
344,45138,889,362,10,9,1,-1,-1,-1
345,45188,563,330,153,144,1,-1,-1,-1
345,45180,362,354,65,25,1,-1,-1,-1
345,45165,733,359,47,20,1,-1,-1,-1
345,45153,1156,364,22,8,1,-1,-1,-1
345,45138,891,363,11,9,1,-1,-1,-1
346,45188,563,331,153,143,1,-1,-1,-1
346,45180,361,355,61,25,1,-1,-1,-1
346,45165,731,360,47,20,1,-1,-1,-1
346,45153,1154,365,23,8,1,-1,-1,-1
346,45138,895,364,10,9,1,-1,-1,-1
347,45188,563,332,153,143,1,-1,-1,-1
347,45180,360,356,57,25,1,-1,-1,-1
347,45165,728,361,48,20,1,-1,-1,-1
347,45153,1152,366,23,8,1,-1,-1,-1
347,45138,898,365,10,9,1,-1,-1,-1
348,45188,564,333,152,143,1,-1,-1,-1
348,45180,358,357,54,25,1,-1,-1,-1
348,45165,726,362,48,20,1,-1,-1,-1
348,45153,1151,367,22,8,1,-1,-1,-1
348,45138,902,366,10,9,1,-1,-1,-1
349,45188,564,334,151,142,1,-1,-1,-1
349,45180,356,358,51,25,1,-1,-1,-1
349,45165,724,362,48,21,1,-1,-1,-1
349,45153,1149,368,23,8,1,-1,-1,-1
349,45138,905,367,10,9,1,-1,-1,-1
350,45188,564,335,151,142,1,-1,-1,-1
350,45180,355,358,47,26,1,-1,-1,-1
350,45165,722,363,49,21,1,-1,-1,-1
350,45153,1148,369,22,8,1,-1,-1,-1
350,45138,908,368,11,9,1,-1,-1,-1
351,45188,564,335,151,143,1,-1,-1,-1
351,45180,353,359,44,26,1,-1,-1,-1
351,45165,720,364,49,21,1,-1,-1,-1
351,45153,1146,369,22,9,1,-1,-1,-1
351,45138,911,368,12,10,1,-1,-1,-1
352,45188,564,335,151,143,1,-1,-1,-1
352,45180,351,359,41,26,1,-1,-1,-1
352,45165,718,364,49,21,1,-1,-1,-1
352,45153,1144,369,23,9,1,-1,-1,-1
352,45138,916,368,10,10,1,-1,-1,-1
353,45188,564,333,151,143,1,-1,-1,-1
353,45180,349,357,37,26,1,-1,-1,-1
353,45165,719,362,47,21,1,-1,-1,-1
353,45153,1142,367,23,9,1,-1,-1,-1
353,45138,919,366,11,10,1,-1,-1,-1
354,45188,565,329,150,142,1,-1,-1,-1
354,45186,714,358,13,22,1,-1,-1,-1
354,45180,348,353,33,26,1,-1,-1,-1
354,45165,719,358,45,21,1,-1,-1,-1
354,45153,1139,363,23,8,1,-1,-1,-1
354,45138,923,362,10,10,1,-1,-1,-1
355,45188,565,327,149,140,1,-1,-1,-1
355,45186,713,350,19,27,1,-1,-1,-1
355,45180,347,350,25,26,1,-1,-1,-1
355,45165,719,355,43,21,1,-1,-1,-1
355,45153,1136,360,22,8,1,-1,-1,-1
355,45138,926,359,11,10,1,-1,-1,-1
356,45188,566,327,147,139,1,-1,-1,-1
356,45186,712,348,25,29,1,-1,-1,-1
356,45180,346,350,23,26,1,-1,-1,-1
356,45165,723,355,37,21,1,-1,-1,-1
356,45153,1133,361,21,8,1,-1,-1,-1
356,45138,929,359,11,10,1,-1,-1,-1
357,45188,567,328,146,139,1,-1,-1,-1
357,45186,712,349,30,30,1,-1,-1,-1
357,45180,345,351,21,26,1,-1,-1,-1
357,45165,717,356,40,21,1,-1,-1,-1
357,45153,1129,362,22,8,1,-1,-1,-1
357,45138,932,361,9,9,1,-1,-1,-1
358,45188,567,330,145,137,1,-1,-1,-1
358,45186,711,351,36,29,1,-1,-1,-1
358,45180,343,353,18,25,1,-1,-1,-1
358,45165,716,358,39,21,1,-1,-1,-1
358,45153,1127,363,21,9,1,-1,-1,-1
358,45138,935,362,7,10,1,-1,-1,-1
359,45188,567,332,145,137,1,-1,-1,-1
359,45186,711,352,42,30,1,-1,-1,-1
359,45180,342,354,14,23,1,-1,-1,-1
359,45165,713,360,40,21,1,-1,-1,-1
359,45153,1123,365,24,9,1,-1,-1,-1
359,45138,938,364,7,9,1,-1,-1,-1
360,45188,568,333,143,136,1,-1,-1,-1
360,45186,711,354,47,29,1,-1,-1,-1
360,45180,340,356,11,22,1,-1,-1,-1
360,45165,712,361,38,21,1,-1,-1,-1
360,45153,1121,366,23,9,1,-1,-1,-1
360,45138,942,365,7,9,1,-1,-1,-1
361,45188,568,335,143,135,1,-1,-1,-1
361,45186,710,355,53,30,1,-1,-1,-1
361,45171,561,371,8,22,1,-1,-1,-1
361,45153,1119,367,23,9,1,-1,-1,-1
361,45138,946,366,7,9,1,-1,-1,-1
362,45188,568,336,143,135,1,-1,-1,-1
362,45186,710,356,59,30,1,-1,-1,-1
362,45171,560,371,9,23,1,-1,-1,-1
362,45153,1116,369,24,8,1,-1,-1,-1
362,45138,952,367,5,5,1,-1,-1,-1
363,45188,568,337,143,134,1,-1,-1,-1
363,45186,710,356,65,31,1,-1,-1,-1
363,45171,559,372,10,24,1,-1,-1,-1
363,45153,1114,369,24,9,1,-1,-1,-1
363,45138,956,368,5,5,1,-1,-1,-1
364,45188,569,337,142,135,1,-1,-1,-1
364,45186,710,357,71,30,1,-1,-1,-1
364,45171,557,372,12,25,1,-1,-1,-1
364,45153,1112,370,23,9,1,-1,-1,-1
364,45138,960,369,9,7,1,-1,-1,-1
365,45188,569,338,141,134,1,-1,-1,-1
365,45186,714,357,72,31,1,-1,-1,-1
365,45171,556,373,13,25,1,-1,-1,-1
365,45153,1110,370,24,9,1,-1,-1,-1
365,45138,964,369,9,9,1,-1,-1,-1
366,45188,569,338,141,134,1,-1,-1,-1
366,45186,719,357,73,30,1,-1,-1,-1
366,45171,554,372,16,26,1,-1,-1,-1
366,45165,710,364,18,22,1,-1,-1,-1
366,45153,1107,370,24,9,1,-1,-1,-1
366,45138,968,369,10,9,1,-1,-1,-1
367,45188,569,337,141,134,1,-1,-1,-1
367,45186,725,356,73,31,1,-1,-1,-1
367,45171,552,372,18,26,1,-1,-1,-1
367,45165,709,364,20,22,1,-1,-1,-1
367,45153,1105,369,24,9,1,-1,-1,-1
367,45138,973,368,9,10,1,-1,-1,-1
368,45188,569,336,141,134,1,-1,-1,-1
368,45186,730,356,74,30,1,-1,-1,-1
368,45171,551,371,19,27,1,-1,-1,-1
368,45165,709,363,21,22,1,-1,-1,-1
368,45153,1103,368,24,9,1,-1,-1,-1
368,45138,977,367,9,11,1,-1,-1,-1
369,45188,569,336,141,133,1,-1,-1,-1
369,45186,736,355,74,31,1,-1,-1,-1
369,45171,549,371,21,27,1,-1,-1,-1
369,45165,709,362,21,23,1,-1,-1,-1
369,45153,1100,368,24,8,1,-1,-1,-1
369,45138,978,367,13,10,1,-1,-1,-1
370,45188,570,335,140,133,1,-1,-1,-1
370,45186,741,355,75,31,1,-1,-1,-1
370,45171,547,370,23,28,1,-1,-1,-1
370,45165,709,362,18,22,1,-1,-1,-1
370,45153,1097,368,23,9,1,-1,-1,-1
370,45138,982,367,13,10,1,-1,-1,-1
371,45188,570,335,139,133,1,-1,-1,-1
371,45186,747,354,71,31,1,-1,-1,-1
371,45171,545,370,25,29,1,-1,-1,-1
371,45165,709,362,16,22,1,-1,-1,-1
371,45153,1095,367,23,10,1,-1,-1,-1
371,45138,987,366,12,11,1,-1,-1,-1
372,45188,570,336,140,133,1,-1,-1,-1
372,45186,753,355,71,31,1,-1,-1,-1
372,45171,543,371,27,29,1,-1,-1,-1
372,45165,709,363,13,22,1,-1,-1,-1
372,45153,1092,368,23,10,1,-1,-1,-1
372,45138,991,367,13,11,1,-1,-1,-1
373,45188,569,336,141,134,1,-1,-1,-1
373,45186,758,356,72,32,1,-1,-1,-1
373,45171,541,372,29,30,1,-1,-1,-1
373,45165,709,364,10,22,1,-1,-1,-1
373,45153,1091,369,24,10,1,-1,-1,-1
373,45138,996,368,13,11,1,-1,-1,-1
374,45188,569,336,141,135,1,-1,-1,-1
374,45186,764,356,77,32,1,-1,-1,-1
374,45171,539,372,31,31,1,-1,-1,-1
374,45165,710,364,7,22,1,-1,-1,-1
374,45153,1088,370,26,9,1,-1,-1,-1
374,45138,1000,368,14,11,1,-1,-1,-1
375,45188,568,336,143,135,1,-1,-1,-1
375,45186,770,356,78,32,1,-1,-1,-1
375,45171,536,373,33,31,1,-1,-1,-1
375,45153,1086,369,25,10,1,-1,-1,-1
375,45138,1006,368,13,11,1,-1,-1,-1
376,45188,568,334,144,137,1,-1,-1,-1
376,45186,775,355,79,32,1,-1,-1,-1
376,45171,534,371,34,33,1,-1,-1,-1
376,45153,1084,368,25,10,1,-1,-1,-1
376,45138,1011,367,13,11,1,-1,-1,-1
377,45188,567,333,145,138,1,-1,-1,-1
377,45186,781,354,79,32,1,-1,-1,-1
377,45171,531,371,37,33,1,-1,-1,-1
377,45153,1082,367,25,10,1,-1,-1,-1
377,45138,1015,366,14,11,1,-1,-1,-1
378,45188,566,331,147,139,1,-1,-1,-1
378,45186,787,352,79,32,1,-1,-1,-1
378,45171,528,369,39,34,1,-1,-1,-1
378,45153,1079,366,26,10,1,-1,-1,-1
378,45138,1020,364,14,12,1,-1,-1,-1
379,45188,566,327,147,140,1,-1,-1,-1
379,45186,791,348,80,33,1,-1,-1,-1
379,45171,526,366,41,35,1,-1,-1,-1
379,45153,1077,362,25,10,1,-1,-1,-1
379,45138,1024,361,14,11,1,-1,-1,-1
380,45188,566,323,147,139,1,-1,-1,-1
380,45186,795,343,80,33,1,-1,-1,-1
380,45171,524,361,43,36,1,-1,-1,-1
380,45153,1072,357,26,10,1,-1,-1,-1
380,45138,1028,356,14,11,1,-1,-1,-1
381,45188,567,320,145,139,1,-1,-1,-1
381,45186,798,340,81,34,1,-1,-1,-1
381,45171,522,359,46,36,1,-1,-1,-1
381,45153,1069,355,25,10,1,-1,-1,-1
381,45138,1032,353,13,12,1,-1,-1,-1
382,45188,567,321,145,137,1,-1,-1,-1
382,45186,800,340,81,34,1,-1,-1,-1
382,45171,519,359,49,37,1,-1,-1,-1
382,45153,1065,355,25,9,1,-1,-1,-1
382,45138,1035,354,14,11,1,-1,-1,-1
383,45188,568,323,143,136,1,-1,-1,-1
383,45186,802,342,81,33,1,-1,-1,-1
383,45171,517,361,52,37,1,-1,-1,-1
383,45153,1060,356,27,10,1,-1,-1,-1
383,45138,1038,355,15,11,1,-1,-1,-1
384,45188,568,325,143,135,1,-1,-1,-1
384,45186,803,344,82,33,1,-1,-1,-1
384,45171,514,363,55,38,1,-1,-1,-1
384,45153,1057,358,24,10,1,-1,-1,-1
384,45138,1043,357,13,11,1,-1,-1,-1
385,45188,569,327,141,135,1,-1,-1,-1
385,45186,805,346,82,33,1,-1,-1,-1
385,45171,512,365,57,39,1,-1,-1,-1
385,45153,1054,360,24,10,1,-1,-1,-1
385,45138,1045,359,15,11,1,-1,-1,-1
386,45188,569,329,141,134,1,-1,-1,-1
386,45186,807,348,82,33,1,-1,-1,-1
386,45171,509,367,60,41,1,-1,-1,-1
386,45153,1050,362,24,10,1,-1,-1,-1
386,45138,1049,361,15,11,1,-1,-1,-1
387,45188,570,331,140,133,1,-1,-1,-1
387,45186,808,350,83,32,1,-1,-1,-1
387,45171,506,369,61,42,1,-1,-1,-1
387,45153,1047,364,24,10,1,-1,-1,-1
387,45138,1053,363,13,11,1,-1,-1,-1
388,45188,570,333,139,133,1,-1,-1,-1
388,45186,811,352,82,29,1,-1,-1,-1
388,45171,503,371,63,42,1,-1,-1,-1
388,45153,1043,366,25,10,1,-1,-1,-1
388,45138,1058,364,9,12,1,-1,-1,-1
389,45188,570,335,139,132,1,-1,-1,-1
389,45186,813,353,83,29,1,-1,-1,-1
389,45171,499,373,65,43,1,-1,-1,-1
389,45153,1040,367,24,11,1,-1,-1,-1
389,45138,1061,366,11,11,1,-1,-1,-1
390,45188,570,336,139,132,1,-1,-1,-1
390,45186,815,354,84,30,1,-1,-1,-1
390,45171,495,374,67,45,1,-1,-1,-1
390,45153,1037,368,26,11,1,-1,-1,-1
390,45138,1066,367,9,11,1,-1,-1,-1
391,45188,570,337,139,132,1,-1,-1,-1
391,45186,818,355,83,30,1,-1,-1,-1
391,45171,491,375,70,47,1,-1,-1,-1
391,45153,1033,369,27,11,1,-1,-1,-1
391,45138,1071,368,9,11,1,-1,-1,-1
392,45188,570,338,139,131,1,-1,-1,-1
392,45186,820,356,85,30,1,-1,-1,-1
392,45171,487,377,72,47,1,-1,-1,-1
392,45153,1030,370,27,11,1,-1,-1,-1
392,45138,1075,369,10,7,1,-1,-1,-1
393,45188,570,339,139,131,1,-1,-1,-1
393,45186,823,357,85,29,1,-1,-1,-1
393,45171,482,377,74,50,1,-1,-1,-1
393,45153,1028,371,26,11,1,-1,-1,-1
393,45138,1083,370,9,6,1,-1,-1,-1
394,45188,570,339,139,131,1,-1,-1,-1
394,45186,826,357,86,29,1,-1,-1,-1
394,45171,477,379,77,50,1,-1,-1,-1
394,45153,1025,371,26,11,1,-1,-1,-1
394,45138,1088,370,7,6,1,-1,-1,-1
395,45188,570,339,139,132,1,-1,-1,-1
395,45186,830,358,85,25,1,-1,-1,-1
395,45171,471,379,81,53,1,-1,-1,-1
395,45153,1023,372,26,11,1,-1,-1,-1
395,45138,1094,371,12,8,1,-1,-1,-1
396,45188,570,340,139,131,1,-1,-1,-1
396,45186,833,358,86,25,1,-1,-1,-1
396,45171,465,380,84,55,1,-1,-1,-1
396,45153,1021,372,26,11,1,-1,-1,-1
396,45138,1099,371,12,10,1,-1,-1,-1
397,45188,570,339,139,131,1,-1,-1,-1
397,45186,837,357,87,25,1,-1,-1,-1
397,45171,458,379,88,57,1,-1,-1,-1
397,45165,562,365,9,22,1,-1,-1,-1
397,45153,1018,371,27,11,1,-1,-1,-1
397,45138,1104,370,13,10,1,-1,-1,-1
398,45188,571,336,138,131,1,-1,-1,-1
398,45186,840,354,86,26,1,-1,-1,-1
398,45171,451,377,92,59,1,-1,-1,-1
398,45165,557,362,14,26,1,-1,-1,-1
398,45153,1016,369,26,11,1,-1,-1,-1
398,45138,1110,368,13,11,1,-1,-1,-1
399,45188,571,334,137,131,1,-1,-1,-1
399,45186,844,352,85,26,1,-1,-1,-1
399,45171,444,376,96,61,1,-1,-1,-1
399,45165,551,360,21,26,1,-1,-1,-1
399,45153,1013,367,26,10,1,-1,-1,-1
399,45138,1115,366,11,12,1,-1,-1,-1
400,45188,571,334,137,130,1,-1,-1,-1
400,45186,848,352,84,26,1,-1,-1,-1
400,45171,436,376,101,64,1,-1,-1,-1
400,45165,545,360,27,26,1,-1,-1,-1
400,45153,1009,367,28,10,1,-1,-1,-1
400,45138,1120,365,13,13,1,-1,-1,-1
401,45188,572,335,136,129,1,-1,-1,-1
401,45186,852,352,86,26,1,-1,-1,-1
401,45171,428,377,106,67,1,-1,-1,-1
401,45165,540,360,32,26,1,-1,-1,-1
401,45153,1006,367,26,11,1,-1,-1,-1
401,45138,1122,366,16,12,1,-1,-1,-1
402,45199,245,362,12,26,1,-1,-1,-1
402,45188,572,335,135,130,1,-1,-1,-1
402,45186,856,353,87,26,1,-1,-1,-1
402,45171,418,378,112,70,1,-1,-1,-1
402,45165,534,361,38,26,1,-1,-1,-1
402,45153,1004,368,26,11,1,-1,-1,-1
402,45138,1127,367,17,12,1,-1,-1,-1
403,45199,242,362,18,27,1,-1,-1,-1
403,45188,572,336,135,129,1,-1,-1,-1
403,45186,861,354,87,26,1,-1,-1,-1
403,45171,407,380,119,73,1,-1,-1,-1
403,45165,528,362,45,26,1,-1,-1,-1
403,45153,1001,369,26,11,1,-1,-1,-1
403,45138,1134,367,15,13,1,-1,-1,-1
404,45199,238,363,24,28,1,-1,-1,-1
404,45188,572,337,135,129,1,-1,-1,-1
404,45186,865,355,89,26,1,-1,-1,-1
404,45171,395,382,127,77,1,-1,-1,-1
404,45165,522,363,50,26,1,-1,-1,-1
404,45153,999,370,26,11,1,-1,-1,-1
404,45138,1140,368,16,13,1,-1,-1,-1
405,45199,234,363,30,29,1,-1,-1,-1
405,45188,571,337,137,130,1,-1,-1,-1
405,45186,870,355,92,27,1,-1,-1,-1
405,45171,382,383,135,81,1,-1,-1,-1
405,45165,516,363,56,27,1,-1,-1,-1
405,45153,995,370,29,12,1,-1,-1,-1
405,45138,1145,369,17,13,1,-1,-1,-1
406,45199,230,363,37,29,1,-1,-1,-1
406,45188,571,337,137,131,1,-1,-1,-1
406,45186,875,355,93,27,1,-1,-1,-1
406,45171,366,384,145,86,1,-1,-1,-1
406,45165,510,363,61,27,1,-1,-1,-1
406,45153,994,370,28,12,1,-1,-1,-1
406,45138,1151,369,17,13,1,-1,-1,-1
407,45199,226,362,43,29,1,-1,-1,-1
407,45188,571,336,138,132,1,-1,-1,-1
407,45186,880,354,94,27,1,-1,-1,-1
407,45171,349,384,157,92,1,-1,-1,-1
407,45165,504,363,61,26,1,-1,-1,-1
407,45153,992,370,28,11,1,-1,-1,-1
407,45138,1157,368,17,13,1,-1,-1,-1
408,45199,222,362,49,29,1,-1,-1,-1
408,45188,570,335,139,133,1,-1,-1,-1
408,45186,886,354,94,27,1,-1,-1,-1
408,45171,330,385,169,98,1,-1,-1,-1
408,45165,498,362,62,27,1,-1,-1,-1
408,45153,989,369,29,12,1,-1,-1,-1
408,45138,1164,368,17,13,1,-1,-1,-1
409,45199,218,361,55,30,1,-1,-1,-1
409,45188,570,334,140,134,1,-1,-1,-1
409,45186,891,353,96,28,1,-1,-1,-1
409,45171,308,386,185,104,1,-1,-1,-1
409,45165,492,362,62,27,1,-1,-1,-1
409,45153,987,369,28,12,1,-1,-1,-1
409,45138,1170,367,18,14,1,-1,-1,-1
410,45199,214,360,61,30,1,-1,-1,-1
410,45188,569,333,141,135,1,-1,-1,-1
410,45186,897,352,96,28,1,-1,-1,-1
410,45171,283,386,202,113,1,-1,-1,-1
410,45165,488,361,60,27,1,-1,-1,-1
410,45153,988,368,25,12,1,-1,-1,-1
410,45138,1177,366,17,14,1,-1,-1,-1
411,45199,210,357,68,30,1,-1,-1,-1
411,45188,569,330,142,136,1,-1,-1,-1
411,45186,902,349,97,28,1,-1,-1,-1
411,45171,256,384,222,122,1,-1,-1,-1
411,45165,479,358,63,27,1,-1,-1,-1
411,45153,992,365,18,12,1,-1,-1,-1
411,45138,1182,363,18,14,1,-1,-1,-1
412,45199,208,353,73,30,1,-1,-1,-1
412,45188,569,326,142,135,1,-1,-1,-1
412,45186,907,345,98,28,1,-1,-1,-1
412,45171,229,381,241,130,1,-1,-1,-1
412,45165,473,353,63,28,1,-1,-1,-1
412,45138,1187,359,18,14,1,-1,-1,-1
413,45199,206,350,79,31,1,-1,-1,-1
413,45188,569,324,141,135,1,-1,-1,-1
413,45186,912,342,98,28,1,-1,-1,-1
413,45171,199,381,264,139,1,-1,-1,-1
413,45165,467,351,64,27,1,-1,-1,-1
413,45138,1191,357,19,13,1,-1,-1,-1
414,45199,208,351,80,31,1,-1,-1,-1
414,45188,569,325,141,135,1,-1,-1,-1
414,45186,917,343,99,28,1,-1,-1,-1
414,45171,162,383,292,151,1,-1,-1,-1
414,45165,461,352,64,27,1,-1,-1,-1
414,45138,1196,358,19,13,1,-1,-1,-1
415,45199,211,353,80,31,1,-1,-1,-1
415,45188,569,327,142,135,1,-1,-1,-1
415,45186,923,345,99,28,1,-1,-1,-1
415,45171,117,387,327,165,1,-1,-1,-1
415,45165,455,354,64,27,1,-1,-1,-1
415,45138,1201,360,19,13,1,-1,-1,-1
416,45199,214,355,80,31,1,-1,-1,-1
416,45188,569,329,142,135,1,-1,-1,-1
416,45186,928,347,100,29,1,-1,-1,-1
416,45171,62,391,371,185,1,-1,-1,-1
416,45165,448,356,65,28,1,-1,-1,-1
416,45138,1206,362,19,13,1,-1,-1,-1
417,45199,216,357,81,31,1,-1,-1,-1
417,45188,568,331,143,135,1,-1,-1,-1
417,45186,934,349,101,29,1,-1,-1,-1
417,45171,0,396,420,210,1,-1,-1,-1
417,45165,442,358,65,28,1,-1,-1,-1
417,45138,1213,364,18,14,1,-1,-1,-1
418,45199,219,359,81,31,1,-1,-1,-1
418,45188,568,332,143,136,1,-1,-1,-1
418,45186,941,351,101,28,1,-1,-1,-1
418,45171,0,400,405,245,1,-1,-1,-1
418,45165,436,360,65,27,1,-1,-1,-1
418,45138,1218,365,19,14,1,-1,-1,-1
419,45199,221,360,82,31,1,-1,-1,-1
419,45188,568,334,144,136,1,-1,-1,-1
419,45186,947,352,102,29,1,-1,-1,-1
419,45171,0,405,387,285,1,-1,-1,-1
419,45165,429,361,66,28,1,-1,-1,-1
419,45138,1224,367,18,14,1,-1,-1,-1
420,45199,223,361,82,32,1,-1,-1,-1
420,45188,567,335,145,137,1,-1,-1,-1
420,45186,954,353,103,29,1,-1,-1,-1
420,45171,0,411,366,308,1,-1,-1,-1
420,45165,422,362,67,28,1,-1,-1,-1
420,45138,1230,369,16,13,1,-1,-1,-1
421,45199,226,362,82,32,1,-1,-1,-1
421,45188,566,336,147,138,1,-1,-1,-1
421,45186,961,354,100,29,1,-1,-1,-1
421,45171,0,417,341,302,1,-1,-1,-1
421,45165,415,363,67,28,1,-1,-1,-1
421,45153,951,374,9,9,1,-1,-1,-1
421,45138,1237,369,13,14,1,-1,-1,-1
422,45199,227,363,83,32,1,-1,-1,-1
422,45188,566,336,147,139,1,-1,-1,-1
422,45186,968,355,101,29,1,-1,-1,-1
422,45171,0,425,310,294,1,-1,-1,-1
422,45165,408,364,67,28,1,-1,-1,-1
422,45153,948,371,19,13,1,-1,-1,-1
422,45138,1243,370,15,13,1,-1,-1,-1
423,45199,229,363,83,32,1,-1,-1,-1
423,45188,565,336,149,140,1,-1,-1,-1
423,45186,976,355,101,29,1,-1,-1,-1
423,45171,0,435,271,284,1,-1,-1,-1
423,45165,401,364,68,29,1,-1,-1,-1
423,45153,946,371,28,13,1,-1,-1,-1
423,45138,1252,370,12,14,1,-1,-1,-1
424,45199,231,363,84,32,1,-1,-1,-1
424,45188,565,335,150,141,1,-1,-1,-1
424,45186,983,354,103,30,1,-1,-1,-1
424,45171,0,463,223,256,1,-1,-1,-1
424,45165,394,363,69,29,1,-1,-1,-1
424,45153,942,371,31,13,1,-1,-1,-1
424,45138,1257,369,16,14,1,-1,-1,-1
425,45199,233,362,84,32,1,-1,-1,-1
425,45188,564,334,151,142,1,-1,-1,-1
425,45186,991,353,108,30,1,-1,-1,-1
425,45171,0,490,161,229,1,-1,-1,-1
425,45165,387,362,69,29,1,-1,-1,-1
425,45153,940,370,31,13,1,-1,-1,-1
425,45138,1264,368,15,14,1,-1,-1,-1
426,45199,235,360,85,33,1,-1,-1,-1
426,45188,564,333,151,142,1,-1,-1,-1
426,45186,999,352,109,30,1,-1,-1,-1
426,45171,0,511,80,208,1,-1,-1,-1
426,45165,380,361,70,29,1,-1,-1,-1
426,45153,937,369,31,13,1,-1,-1,-1
426,45138,1274,367,5,8,1,-1,-1,-1
427,45199,238,359,84,33,1,-1,-1,-1
427,45188,564,332,151,142,1,-1,-1,-1
427,45186,1007,351,109,30,1,-1,-1,-1
427,45165,373,360,70,29,1,-1,-1,-1
427,45153,934,368,32,13,1,-1,-1,-1
428,45199,240,358,85,33,1,-1,-1,-1
428,45188,564,331,151,142,1,-1,-1,-1
428,45186,1015,350,110,30,1,-1,-1,-1
428,45165,365,359,71,30,1,-1,-1,-1
428,45153,932,367,31,13,1,-1,-1,-1
429,45199,242,358,86,33,1,-1,-1,-1
429,45188,564,330,151,143,1,-1,-1,-1
429,45186,1023,349,111,31,1,-1,-1,-1
429,45165,358,359,71,29,1,-1,-1,-1
429,45153,929,366,31,14,1,-1,-1,-1
430,45199,245,358,85,33,1,-1,-1,-1
430,45188,564,331,151,142,1,-1,-1,-1
430,45186,1031,350,112,31,1,-1,-1,-1
430,45165,351,359,72,30,1,-1,-1,-1
430,45153,925,367,33,14,1,-1,-1,-1
431,45199,247,359,86,33,1,-1,-1,-1
431,45188,564,331,151,142,1,-1,-1,-1
431,45186,1038,350,114,31,1,-1,-1,-1
431,45165,343,360,73,29,1,-1,-1,-1
431,45153,923,367,32,14,1,-1,-1,-1
432,45199,249,359,87,34,1,-1,-1,-1
432,45188,564,332,151,142,1,-1,-1,-1
432,45186,1045,351,115,31,1,-1,-1,-1
432,45165,336,360,72,30,1,-1,-1,-1
432,45153,921,368,31,14,1,-1,-1,-1
433,45199,251,360,87,34,1,-1,-1,-1
433,45188,564,333,151,142,1,-1,-1,-1
433,45186,1052,351,116,32,1,-1,-1,-1
433,45165,334,361,67,30,1,-1,-1,-1
433,45153,918,369,32,14,1,-1,-1,-1
434,45199,253,361,87,34,1,-1,-1,-1
434,45188,564,333,152,143,1,-1,-1,-1
434,45186,1057,351,117,33,1,-1,-1,-1
434,45165,330,362,64,30,1,-1,-1,-1
434,45153,917,369,30,15,1,-1,-1,-1
435,45199,254,360,88,35,1,-1,-1,-1
435,45188,563,332,153,144,1,-1,-1,-1
435,45186,1062,351,118,33,1,-1,-1,-1
435,45165,327,361,60,31,1,-1,-1,-1
435,45153,915,369,30,15,1,-1,-1,-1
436,45199,255,359,89,35,1,-1,-1,-1
436,45188,563,332,153,143,1,-1,-1,-1
436,45186,1066,350,119,33,1,-1,-1,-1
436,45165,321,361,58,30,1,-1,-1,-1
436,45153,912,369,31,14,1,-1,-1,-1
437,45199,257,358,88,36,1,-1,-1,-1
437,45188,563,330,153,145,1,-1,-1,-1
437,45186,1070,349,120,33,1,-1,-1,-1
437,45165,305,360,67,31,1,-1,-1,-1
437,45153,910,368,30,14,1,-1,-1,-1
438,45199,258,358,89,35,1,-1,-1,-1
438,45188,563,329,154,145,1,-1,-1,-1
438,45186,1074,348,120,34,1,-1,-1,-1
438,45165,297,359,65,31,1,-1,-1,-1
438,45153,907,367,30,14,1,-1,-1,-1
439,45199,260,357,89,35,1,-1,-1,-1
439,45188,562,329,155,145,1,-1,-1,-1
439,45186,1078,348,121,33,1,-1,-1,-1
439,45165,297,359,60,30,1,-1,-1,-1
439,45153,903,366,31,14,1,-1,-1,-1
440,45199,262,357,89,36,1,-1,-1,-1
440,45188,562,328,155,146,1,-1,-1,-1
440,45186,1082,348,122,33,1,-1,-1,-1
440,45165,285,359,64,30,1,-1,-1,-1
440,45153,899,366,33,14,1,-1,-1,-1
441,45199,263,357,90,36,1,-1,-1,-1
441,45188,562,328,156,147,1,-1,-1,-1
441,45186,1086,348,123,34,1,-1,-1,-1
441,45153,896,367,32,13,1,-1,-1,-1
442,45199,265,358,91,36,1,-1,-1,-1
442,45188,561,329,157,148,1,-1,-1,-1
442,45186,1090,349,124,34,1,-1,-1,-1
442,45165,256,359,54,32,1,-1,-1,-1
442,45153,892,367,33,15,1,-1,-1,-1
443,45199,267,359,91,36,1,-1,-1,-1
443,45188,561,330,158,148,1,-1,-1,-1
443,45186,1095,350,125,33,1,-1,-1,-1
443,45165,247,360,60,32,1,-1,-1,-1
443,45153,887,368,35,23,1,-1,-1,-1
444,45199,268,360,92,36,1,-1,-1,-1
444,45188,560,330,159,149,1,-1,-1,-1
444,45186,1100,350,126,34,1,-1,-1,-1
444,45165,239,361,54,31,1,-1,-1,-1
444,45153,885,369,35,23,1,-1,-1,-1
445,45199,270,360,92,36,1,-1,-1,-1
445,45188,559,330,161,150,1,-1,-1,-1
445,45186,1105,350,127,34,1,-1,-1,-1
445,45165,230,360,64,33,1,-1,-1,-1
445,45153,882,369,35,23,1,-1,-1,-1
446,45199,272,359,93,37,1,-1,-1,-1
446,45188,559,329,161,151,1,-1,-1,-1
446,45186,1110,350,127,34,1,-1,-1,-1
446,45176,550,362,10,32,1,-1,-1,-1
446,45165,221,360,61,32,1,-1,-1,-1
446,45153,879,368,36,24,1,-1,-1,-1
447,45199,275,358,93,37,1,-1,-1,-1
447,45188,559,329,162,151,1,-1,-1,-1
447,45186,1115,349,129,34,1,-1,-1,-1
447,45176,546,356,14,37,1,-1,-1,-1
447,45165,213,359,71,33,1,-1,-1,-1
447,45153,877,367,36,24,1,-1,-1,-1
448,45199,277,358,94,37,1,-1,-1,-1
448,45188,559,328,162,151,1,-1,-1,-1
448,45186,1120,348,130,35,1,-1,-1,-1
448,45176,542,351,18,42,1,-1,-1,-1
448,45165,204,359,80,32,1,-1,-1,-1
448,45153,874,367,37,23,1,-1,-1,-1
449,45199,280,357,94,37,1,-1,-1,-1
449,45188,558,328,163,151,1,-1,-1,-1
449,45186,1125,348,131,35,1,-1,-1,-1
449,45176,539,348,21,44,1,-1,-1,-1
449,45165,196,358,83,33,1,-1,-1,-1
449,45153,870,366,38,24,1,-1,-1,-1
450,45199,283,357,94,37,1,-1,-1,-1
450,45188,558,328,163,151,1,-1,-1,-1
450,45186,1131,347,131,36,1,-1,-1,-1
450,45176,534,348,26,44,1,-1,-1,-1
450,45165,187,358,84,33,1,-1,-1,-1
450,45153,868,366,37,24,1,-1,-1,-1
451,45199,285,357,94,38,1,-1,-1,-1
451,45188,558,328,163,151,1,-1,-1,-1
451,45186,1137,348,132,35,1,-1,-1,-1
451,45176,530,348,30,44,1,-1,-1,-1
451,45165,178,358,85,33,1,-1,-1,-1
451,45153,864,367,38,24,1,-1,-1,-1
452,45199,287,358,95,38,1,-1,-1,-1
452,45188,558,328,163,152,1,-1,-1,-1
452,45186,1143,348,129,36,1,-1,-1,-1
452,45176,525,348,35,45,1,-1,-1,-1
452,45165,169,359,86,33,1,-1,-1,-1
452,45153,862,367,38,24,1,-1,-1,-1
453,45199,290,359,95,38,1,-1,-1,-1
453,45188,558,329,163,152,1,-1,-1,-1
453,45186,1149,349,130,36,1,-1,-1,-1
453,45176,521,349,38,45,1,-1,-1,-1
453,45165,160,360,87,33,1,-1,-1,-1
453,45153,859,368,38,25,1,-1,-1,-1
454,45199,291,360,96,38,1,-1,-1,-1
454,45188,558,330,163,152,1,-1,-1,-1
454,45186,1156,350,123,36,1,-1,-1,-1
454,45176,515,350,44,45,1,-1,-1,-1
454,45165,151,361,87,33,1,-1,-1,-1
454,45153,857,369,37,25,1,-1,-1,-1
455,45199,293,360,96,39,1,-1,-1,-1
455,45188,557,330,165,153,1,-1,-1,-1
455,45186,1162,350,117,37,1,-1,-1,-1
455,45176,510,350,49,48,1,-1,-1,-1
455,45165,141,361,88,34,1,-1,-1,-1
455,45153,855,370,37,24,1,-1,-1,-1
456,45199,294,360,97,39,1,-1,-1,-1
456,45188,557,330,165,154,1,-1,-1,-1
456,45186,1169,350,110,37,1,-1,-1,-1
456,45176,504,350,54,48,1,-1,-1,-1
456,45165,132,361,89,34,1,-1,-1,-1
456,45153,851,370,39,24,1,-1,-1,-1
457,45199,295,359,97,40,1,-1,-1,-1
457,45188,557,329,165,154,1,-1,-1,-1
457,45186,1177,349,102,37,1,-1,-1,-1
457,45176,499,350,59,48,1,-1,-1,-1
457,45165,122,361,90,34,1,-1,-1,-1
457,45153,848,369,39,25,1,-1,-1,-1
458,45199,296,358,98,40,1,-1,-1,-1
458,45188,557,328,166,155,1,-1,-1,-1
458,45186,1183,349,96,37,1,-1,-1,-1
458,45176,493,349,65,48,1,-1,-1,-1
458,45165,113,360,90,34,1,-1,-1,-1
458,45153,848,368,36,25,1,-1,-1,-1
459,45199,297,357,98,40,1,-1,-1,-1
459,45188,557,328,165,154,1,-1,-1,-1
459,45186,1190,348,89,37,1,-1,-1,-1
459,45176,487,348,71,48,1,-1,-1,-1
459,45165,103,359,91,34,1,-1,-1,-1
459,45153,842,368,39,25,1,-1,-1,-1
460,45199,298,357,98,40,1,-1,-1,-1
460,45194,0,364,8,24,1,-1,-1,-1
460,45188,557,327,165,154,1,-1,-1,-1
460,45186,1196,347,83,38,1,-1,-1,-1
460,45176,480,348,78,47,1,-1,-1,-1
460,45165,94,359,92,34,1,-1,-1,-1
460,45153,840,367,38,25,1,-1,-1,-1
461,45199,298,357,99,40,1,-1,-1,-1
461,45194,0,361,12,32,1,-1,-1,-1
461,45188,557,327,165,154,1,-1,-1,-1
461,45186,1203,347,76,38,1,-1,-1,-1
461,45176,474,348,84,47,1,-1,-1,-1
461,45165,84,358,93,35,1,-1,-1,-1
461,45153,836,367,39,25,1,-1,-1,-1
462,45199,298,357,100,41,1,-1,-1,-1
462,45194,0,360,16,36,1,-1,-1,-1
462,45188,558,328,164,153,1,-1,-1,-1
462,45186,1209,347,70,38,1,-1,-1,-1
462,45176,467,348,92,47,1,-1,-1,-1
462,45165,75,359,93,35,1,-1,-1,-1
462,45153,833,367,39,26,1,-1,-1,-1
463,45199,298,357,100,41,1,-1,-1,-1
463,45194,0,360,20,37,1,-1,-1,-1
463,45188,558,328,164,153,1,-1,-1,-1
463,45186,1216,348,63,38,1,-1,-1,-1
463,45176,460,348,99,48,1,-1,-1,-1
463,45165,65,359,94,35,1,-1,-1,-1
463,45153,830,368,40,26,1,-1,-1,-1
464,45199,297,358,100,41,1,-1,-1,-1
464,45194,0,361,23,37,1,-1,-1,-1
464,45188,558,329,163,152,1,-1,-1,-1
464,45186,1223,348,56,39,1,-1,-1,-1
464,45176,452,349,103,48,1,-1,-1,-1
464,45165,55,360,95,35,1,-1,-1,-1
464,45153,827,369,40,26,1,-1,-1,-1
465,45199,295,359,101,42,1,-1,-1,-1
465,45194,0,361,26,38,1,-1,-1,-1
465,45188,558,330,163,152,1,-1,-1,-1
465,45186,1230,349,49,39,1,-1,-1,-1
465,45176,444,350,105,48,1,-1,-1,-1
465,45165,45,361,96,35,1,-1,-1,-1
465,45153,825,370,40,26,1,-1,-1,-1
466,45199,292,360,102,42,1,-1,-1,-1
466,45194,0,362,29,38,1,-1,-1,-1
466,45188,558,331,163,152,1,-1,-1,-1
466,45186,1237,350,42,39,1,-1,-1,-1
466,45176,436,351,107,48,1,-1,-1,-1
466,45165,34,362,97,35,1,-1,-1,-1
466,45153,821,371,41,26,1,-1,-1,-1
467,45199,290,361,103,42,1,-1,-1,-1
467,45194,0,363,32,38,1,-1,-1,-1
467,45188,559,332,162,151,1,-1,-1,-1
467,45186,1245,351,34,39,1,-1,-1,-1
467,45176,428,352,108,48,1,-1,-1,-1
467,45165,28,363,93,36,1,-1,-1,-1
467,45153,819,372,41,26,1,-1,-1,-1
468,45199,288,361,103,43,1,-1,-1,-1
468,45194,0,363,35,39,1,-1,-1,-1
468,45188,559,333,162,151,1,-1,-1,-1
468,45186,1253,352,26,39,1,-1,-1,-1
468,45176,419,352,109,48,1,-1,-1,-1
468,45165,22,363,89,36,1,-1,-1,-1
468,45153,817,372,40,27,1,-1,-1,-1
469,45199,285,362,105,42,1,-1,-1,-1
469,45194,0,363,37,40,1,-1,-1,-1
469,45188,559,333,162,151,1,-1,-1,-1
469,45186,1261,352,18,40,1,-1,-1,-1
469,45176,411,352,110,49,1,-1,-1,-1
469,45165,17,363,83,37,1,-1,-1,-1
469,45153,814,373,40,26,1,-1,-1,-1
470,45199,283,362,106,43,1,-1,-1,-1
470,45194,0,363,39,40,1,-1,-1,-1
470,45188,559,333,162,151,1,-1,-1,-1
470,45186,1270,352,9,40,1,-1,-1,-1
470,45176,401,352,112,49,1,-1,-1,-1
470,45165,0,363,90,37,1,-1,-1,-1
470,45153,811,372,41,27,1,-1,-1,-1
471,45199,281,361,106,43,1,-1,-1,-1
471,45194,0,362,42,40,1,-1,-1,-1
471,45188,559,332,162,151,1,-1,-1,-1
471,45176,392,351,113,49,1,-1,-1,-1
471,45165,20,363,59,36,1,-1,-1,-1
471,45153,809,372,41,27,1,-1,-1,-1
472,45199,279,361,107,43,1,-1,-1,-1
472,45194,0,361,44,41,1,-1,-1,-1
472,45188,559,331,162,151,1,-1,-1,-1
472,45176,386,351,111,49,1,-1,-1,-1
472,45165,3,362,66,36,1,-1,-1,-1
472,45153,810,371,38,27,1,-1,-1,-1
473,45199,278,360,108,43,1,-1,-1,-1
473,45194,0,360,47,43,1,-1,-1,-1
473,45188,559,330,162,151,1,-1,-1,-1
473,45176,381,350,107,49,1,-1,-1,-1
473,45165,12,361,46,37,1,-1,-1,-1
473,45153,803,371,42,27,1,-1,-1,-1
474,45199,276,360,109,43,1,-1,-1,-1
474,45194,0,360,50,43,1,-1,-1,-1
474,45188,559,330,161,151,1,-1,-1,-1
474,45176,372,350,108,49,1,-1,-1,-1
474,45165,8,361,38,37,1,-1,-1,-1
474,45153,801,370,41,28,1,-1,-1,-1
475,45199,275,360,109,44,1,-1,-1,-1
475,45194,0,360,52,44,1,-1,-1,-1
475,45188,559,330,161,151,1,-1,-1,-1
475,45176,370,350,101,49,1,-1,-1,-1
475,45153,797,375,43,23,1,-1,-1,-1
476,45199,273,360,110,44,1,-1,-1,-1
476,45194,0,360,55,44,1,-1,-1,-1
476,45188,559,331,161,150,1,-1,-1,-1
476,45176,369,350,94,50,1,-1,-1,-1
476,45153,795,371,42,28,1,-1,-1,-1
477,45199,271,361,112,44,1,-1,-1,-1
477,45194,0,361,57,44,1,-1,-1,-1
477,45188,559,331,161,150,1,-1,-1,-1
477,45176,361,350,93,50,1,-1,-1,-1
477,45153,791,371,32,28,1,-1,-1,-1
478,45199,270,361,112,45,1,-1,-1,-1
478,45194,0,361,59,45,1,-1,-1,-1
478,45188,559,331,161,151,1,-1,-1,-1
478,45176,332,351,113,50,1,-1,-1,-1
478,45153,787,372,42,28,1,-1,-1,-1
479,45199,268,361,114,45,1,-1,-1,-1
479,45194,0,361,61,45,1,-1,-1,-1
479,45188,559,331,161,151,1,-1,-1,-1
479,45176,322,350,113,51,1,-1,-1,-1
479,45153,783,372,43,28,1,-1,-1,-1
480,45199,267,361,114,45,1,-1,-1,-1
480,45194,0,360,63,46,1,-1,-1,-1
480,45188,559,331,161,150,1,-1,-1,-1
480,45176,314,350,112,51,1,-1,-1,-1
480,45153,779,371,44,29,1,-1,-1,-1
481,45199,266,360,115,46,1,-1,-1,-1
481,45194,0,360,66,46,1,-1,-1,-1
481,45188,559,330,161,151,1,-1,-1,-1
481,45176,320,349,97,52,1,-1,-1,-1
481,45153,775,371,43,29,1,-1,-1,-1
482,45199,265,359,116,47,1,-1,-1,-1
482,45194,0,359,68,47,1,-1,-1,-1
482,45188,559,329,161,151,1,-1,-1,-1
482,45176,295,348,113,52,1,-1,-1,-1
482,45153,769,370,44,29,1,-1,-1,-1
483,45199,264,358,117,47,1,-1,-1,-1
483,45194,0,358,71,47,1,-1,-1,-1
483,45188,559,328,161,151,1,-1,-1,-1
483,45176,300,347,98,50,1,-1,-1,-1
483,45153,763,369,45,30,1,-1,-1,-1
484,45199,265,358,117,47,1,-1,-1,-1
484,45194,0,357,74,48,1,-1,-1,-1
484,45188,559,328,161,150,1,-1,-1,-1
484,45176,258,347,128,52,1,-1,-1,-1
484,45153,758,369,44,30,1,-1,-1,-1
485,45199,264,357,118,48,1,-1,-1,-1
485,45194,0,357,77,48,1,-1,-1,-1
485,45188,559,327,161,151,1,-1,-1,-1
485,45176,248,346,131,53,1,-1,-1,-1
485,45153,752,369,44,30,1,-1,-1,-1
486,45199,264,357,117,48,1,-1,-1,-1
486,45194,0,357,80,48,1,-1,-1,-1
486,45188,559,327,161,151,1,-1,-1,-1
486,45176,237,346,131,53,1,-1,-1,-1
486,45153,745,369,45,30,1,-1,-1,-1
487,45199,264,357,120,49,1,-1,-1,-1
487,45196,719,361,10,47,1,-1,-1,-1
487,45194,0,357,83,49,1,-1,-1,-1
487,45188,560,328,160,150,1,-1,-1,-1
487,45176,226,346,132,54,1,-1,-1,-1
487,45153,738,369,45,30,1,-1,-1,-1
488,45199,264,358,121,49,1,-1,-1,-1
488,45196,719,360,16,49,1,-1,-1,-1
488,45194,0,358,86,49,1,-1,-1,-1
488,45188,560,328,160,150,1,-1,-1,-1
488,45176,214,347,134,54,1,-1,-1,-1
488,45153,732,370,45,30,1,-1,-1,-1
489,45199,264,359,122,49,1,-1,-1,-1
489,45196,719,359,22,51,1,-1,-1,-1
489,45194,0,358,88,50,1,-1,-1,-1
489,45188,560,329,160,150,1,-1,-1,-1
489,45176,203,347,135,54,1,-1,-1,-1
489,45153,739,370,32,31,1,-1,-1,-1
490,45199,264,359,123,49,1,-1,-1,-1
490,45196,719,359,29,51,1,-1,-1,-1
490,45194,0,358,90,50,1,-1,-1,-1
490,45188,559,329,161,150,1,-1,-1,-1
490,45176,191,348,137,54,1,-1,-1,-1
490,45153,722,374,42,28,1,-1,-1,-1
491,45199,265,359,124,50,1,-1,-1,-1
491,45196,719,359,37,51,1,-1,-1,-1
491,45194,0,358,91,51,1,-1,-1,-1
491,45188,559,329,161,150,1,-1,-1,-1
491,45176,179,347,139,55,1,-1,-1,-1
491,45153,721,377,35,25,1,-1,-1,-1
492,45199,266,358,125,51,1,-1,-1,-1
492,45196,719,358,38,51,1,-1,-1,-1
492,45194,0,357,91,51,1,-1,-1,-1
492,45188,559,328,161,151,1,-1,-1,-1
492,45176,167,347,140,55,1,-1,-1,-1
493,45199,267,358,125,51,1,-1,-1,-1
493,45196,719,358,52,54,1,-1,-1,-1
493,45194,0,356,89,53,1,-1,-1,-1
493,45188,559,328,161,150,1,-1,-1,-1
493,45176,156,346,141,56,1,-1,-1,-1
494,45199,268,358,127,51,1,-1,-1,-1
494,45196,719,358,61,55,1,-1,-1,-1
494,45194,0,356,86,53,1,-1,-1,-1
494,45188,560,328,160,150,1,-1,-1,-1
494,45176,144,346,142,56,1,-1,-1,-1
495,45199,270,358,127,52,1,-1,-1,-1
495,45196,719,358,70,55,1,-1,-1,-1
495,45194,0,356,83,54,1,-1,-1,-1
495,45188,560,329,160,149,1,-1,-1,-1
495,45176,131,346,147,57,1,-1,-1,-1
496,45199,271,359,128,51,1,-1,-1,-1
496,45196,719,358,80,55,1,-1,-1,-1
496,45194,0,357,80,53,1,-1,-1,-1
496,45188,560,329,160,150,1,-1,-1,-1
496,45176,119,347,149,56,1,-1,-1,-1
497,45199,273,359,128,53,1,-1,-1,-1
497,45196,719,359,90,55,1,-1,-1,-1
497,45194,0,359,77,53,1,-1,-1,-1
497,45188,560,330,160,150,1,-1,-1,-1
497,45176,106,348,151,57,1,-1,-1,-1
498,45199,274,360,129,53,1,-1,-1,-1
498,45196,719,360,100,56,1,-1,-1,-1
498,45194,0,360,75,53,1,-1,-1,-1
498,45188,560,331,160,150,1,-1,-1,-1
498,45176,93,348,152,58,1,-1,-1,-1
499,45199,275,361,130,53,1,-1,-1,-1
499,45196,719,360,111,56,1,-1,-1,-1
499,45194,0,360,72,54,1,-1,-1,-1
499,45188,559,331,161,151,1,-1,-1,-1
499,45176,80,349,154,58,1,-1,-1,-1
500,45199,276,360,132,54,1,-1,-1,-1
500,45196,720,360,120,56,1,-1,-1,-1
500,45194,0,360,69,54,1,-1,-1,-1
500,45188,559,330,162,152,1,-1,-1,-1
500,45176,68,348,154,59,1,-1,-1,-1
501,45199,277,360,133,54,1,-1,-1,-1
501,45196,728,359,124,57,1,-1,-1,-1
501,45194,0,360,67,54,1,-1,-1,-1
501,45188,559,330,162,152,1,-1,-1,-1
501,45176,61,348,149,58,1,-1,-1,-1
502,45199,278,359,134,55,1,-1,-1,-1
502,45196,737,358,126,57,1,-1,-1,-1
502,45194,0,359,66,54,1,-1,-1,-1
502,45188,558,329,164,153,1,-1,-1,-1
502,45176,51,347,148,59,1,-1,-1,-1
503,45199,280,358,135,55,1,-1,-1,-1
503,45196,747,358,127,56,1,-1,-1,-1
503,45194,0,358,64,55,1,-1,-1,-1
503,45188,558,327,164,154,1,-1,-1,-1
503,45176,49,346,138,59,1,-1,-1,-1
504,45199,282,357,135,56,1,-1,-1,-1
504,45196,757,357,129,57,1,-1,-1,-1
504,45194,0,357,63,56,1,-1,-1,-1
504,45188,557,327,165,154,1,-1,-1,-1
504,45176,21,345,154,60,1,-1,-1,-1
505,45199,284,357,136,56,1,-1,-1,-1
505,45196,768,356,130,57,1,-1,-1,-1
505,45194,0,357,63,55,1,-1,-1,-1
505,45188,557,326,166,155,1,-1,-1,-1
505,45176,10,344,154,61,1,-1,-1,-1
506,45199,286,356,137,57,1,-1,-1,-1
506,45196,779,356,130,58,1,-1,-1,-1
506,45194,0,357,62,56,1,-1,-1,-1
506,45188,557,326,166,155,1,-1,-1,-1
506,45176,9,344,143,61,1,-1,-1,-1
507,45199,288,357,138,57,1,-1,-1,-1
507,45196,789,357,134,57,1,-1,-1,-1
507,45194,0,357,62,55,1,-1,-1,-1
507,45188,556,326,168,156,1,-1,-1,-1
507,45176,8,345,132,60,1,-1,-1,-1
508,45199,289,357,139,58,1,-1,-1,-1
508,45196,801,357,135,58,1,-1,-1,-1
508,45194,0,358,61,54,1,-1,-1,-1
508,45188,555,326,170,158,1,-1,-1,-1
508,45176,0,345,128,61,1,-1,-1,-1
509,45199,290,358,140,58,1,-1,-1,-1
509,45196,812,358,137,58,1,-1,-1,-1
509,45194,0,359,61,53,1,-1,-1,-1
509,45188,554,327,171,159,1,-1,-1,-1
509,45176,0,346,116,61,1,-1,-1,-1
510,45199,291,358,140,59,1,-1,-1,-1
510,45196,824,359,139,58,1,-1,-1,-1
510,45194,0,359,61,55,1,-1,-1,-1
510,45188,553,327,174,161,1,-1,-1,-1
510,45176,0,346,103,62,1,-1,-1,-1
511,45199,292,358,141,60,1,-1,-1,-1
511,45196,836,359,140,59,1,-1,-1,-1
511,45194,0,360,61,55,1,-1,-1,-1
511,45188,552,327,176,162,1,-1,-1,-1
511,45176,0,346,90,63,1,-1,-1,-1
512,45199,292,358,142,60,1,-1,-1,-1
512,45196,848,359,143,59,1,-1,-1,-1
512,45194,0,359,61,56,1,-1,-1,-1
512,45188,551,326,178,164,1,-1,-1,-1
512,45176,0,346,78,63,1,-1,-1,-1
513,45199,291,358,144,60,1,-1,-1,-1
513,45196,861,359,144,58,1,-1,-1,-1
513,45194,0,359,61,56,1,-1,-1,-1
513,45188,550,326,179,165,1,-1,-1,-1
513,45176,0,346,65,61,1,-1,-1,-1
514,45199,290,357,144,61,1,-1,-1,-1
514,45196,873,358,147,60,1,-1,-1,-1
514,45194,0,359,62,57,1,-1,-1,-1
514,45188,549,325,182,167,1,-1,-1,-1
514,45176,0,345,50,61,1,-1,-1,-1
515,45199,287,356,146,62,1,-1,-1,-1
515,45196,886,358,149,61,1,-1,-1,-1
515,45194,0,359,62,57,1,-1,-1,-1
515,45188,548,324,184,169,1,-1,-1,-1
515,45176,0,346,35,60,1,-1,-1,-1
515,45153,543,384,7,38,1,-1,-1,-1
516,45199,284,356,147,63,1,-1,-1,-1
516,45196,899,358,151,61,1,-1,-1,-1
516,45194,0,359,63,58,1,-1,-1,-1
516,45188,547,324,186,171,1,-1,-1,-1
516,45153,535,384,13,40,1,-1,-1,-1
517,45199,282,357,148,63,1,-1,-1,-1
517,45196,912,359,153,61,1,-1,-1,-1
517,45194,0,359,63,59,1,-1,-1,-1
517,45188,545,323,190,175,1,-1,-1,-1
517,45153,525,379,21,47,1,-1,-1,-1
518,45199,279,358,149,63,1,-1,-1,-1
518,45196,926,359,154,62,1,-1,-1,-1
518,45194,0,360,63,58,1,-1,-1,-1
518,45188,542,323,195,179,1,-1,-1,-1
518,45153,516,377,28,52,1,-1,-1,-1
519,45199,276,358,151,64,1,-1,-1,-1
519,45196,940,359,157,63,1,-1,-1,-1
519,45194,0,360,63,59,1,-1,-1,-1
519,45188,540,322,200,184,1,-1,-1,-1
519,45153,507,378,35,53,1,-1,-1,-1
520,45199,273,358,152,64,1,-1,-1,-1
520,45196,953,359,160,63,1,-1,-1,-1
520,45194,0,360,64,59,1,-1,-1,-1
520,45188,538,322,204,187,1,-1,-1,-1
520,45153,497,379,43,54,1,-1,-1,-1
521,45199,270,358,153,64,1,-1,-1,-1
521,45196,967,359,162,63,1,-1,-1,-1
521,45194,0,360,64,59,1,-1,-1,-1
521,45188,535,320,209,193,1,-1,-1,-1
521,45153,489,379,49,57,1,-1,-1,-1
522,45199,267,358,155,65,1,-1,-1,-1
522,45196,981,358,164,65,1,-1,-1,-1
522,45194,0,359,64,60,1,-1,-1,-1
522,45188,533,319,214,197,1,-1,-1,-1
522,45153,478,379,53,59,1,-1,-1,-1
523,45199,264,358,156,65,1,-1,-1,-1
523,45196,996,358,166,65,1,-1,-1,-1
523,45194,0,359,65,61,1,-1,-1,-1
523,45188,530,318,220,202,1,-1,-1,-1
523,45153,470,379,53,61,1,-1,-1,-1
524,45199,261,358,158,65,1,-1,-1,-1
524,45196,1010,358,169,65,1,-1,-1,-1
524,45194,0,359,66,61,1,-1,-1,-1
524,45188,528,317,224,207,1,-1,-1,-1
524,45153,460,380,54,63,1,-1,-1,-1
525,45199,259,358,158,66,1,-1,-1,-1
525,45196,1025,358,170,66,1,-1,-1,-1
525,45194,0,359,66,62,1,-1,-1,-1
525,45188,525,317,230,212,1,-1,-1,-1
525,45153,450,381,55,65,1,-1,-1,-1
526,45199,256,359,160,66,1,-1,-1,-1
526,45196,1040,359,172,66,1,-1,-1,-1
526,45194,0,359,67,63,1,-1,-1,-1
526,45188,522,316,236,218,1,-1,-1,-1
526,45153,440,382,56,68,1,-1,-1,-1
527,45199,253,359,162,67,1,-1,-1,-1
527,45196,1055,359,175,67,1,-1,-1,-1
527,45194,0,360,67,62,1,-1,-1,-1
527,45188,518,315,243,224,1,-1,-1,-1
527,45153,429,383,58,72,1,-1,-1,-1
528,45199,250,360,164,67,1,-1,-1,-1
528,45196,1071,359,178,68,1,-1,-1,-1
528,45194,0,360,67,62,1,-1,-1,-1
528,45188,515,314,250,231,1,-1,-1,-1
528,45153,418,385,60,74,1,-1,-1,-1
529,45199,248,359,165,68,1,-1,-1,-1
529,45196,1087,359,180,68,1,-1,-1,-1
529,45194,0,360,67,63,1,-1,-1,-1
529,45188,511,313,258,237,1,-1,-1,-1
529,45153,404,385,64,79,1,-1,-1,-1
530,45199,245,359,166,68,1,-1,-1,-1
530,45196,1103,359,176,68,1,-1,-1,-1
530,45194,0,360,68,63,1,-1,-1,-1
530,45188,508,311,264,244,1,-1,-1,-1
530,45153,391,386,67,82,1,-1,-1,-1
531,45199,244,359,165,68,1,-1,-1,-1
531,45196,1119,358,160,69,1,-1,-1,-1
531,45194,0,359,68,64,1,-1,-1,-1
531,45188,504,309,272,251,1,-1,-1,-1
531,45153,378,387,69,86,1,-1,-1,-1
532,45199,250,358,160,69,1,-1,-1,-1
532,45196,1135,358,144,70,1,-1,-1,-1
532,45194,0,359,69,64,1,-1,-1,-1
532,45188,501,308,278,257,1,-1,-1,-1
532,45153,363,388,74,91,1,-1,-1,-1
533,45199,246,358,164,69,1,-1,-1,-1
533,45196,1151,357,128,67,1,-1,-1,-1
533,45194,0,358,67,66,1,-1,-1,-1
533,45188,498,306,285,263,1,-1,-1,-1
533,45153,348,388,77,97,1,-1,-1,-1
534,45199,243,357,168,70,1,-1,-1,-1
534,45196,1167,356,112,66,1,-1,-1,-1
534,45194,0,357,72,67,1,-1,-1,-1
534,45188,495,304,290,269,1,-1,-1,-1
534,45153,331,389,83,102,1,-1,-1,-1
535,45199,240,356,171,71,1,-1,-1,-1
535,45196,1183,356,96,66,1,-1,-1,-1
535,45194,0,356,74,69,1,-1,-1,-1
535,45188,493,303,295,273,1,-1,-1,-1
535,45153,314,390,89,108,1,-1,-1,-1
536,45199,241,354,172,71,1,-1,-1,-1
536,45196,1198,353,81,67,1,-1,-1,-1
536,45194,0,354,77,70,1,-1,-1,-1
536,45188,491,300,298,275,1,-1,-1,-1
536,45153,296,389,95,115,1,-1,-1,-1
537,45199,242,351,173,71,1,-1,-1,-1
537,45196,1212,350,67,60,1,-1,-1,-1
537,45194,0,351,82,71,1,-1,-1,-1
537,45188,492,297,296,274,1,-1,-1,-1
537,45153,279,388,101,120,1,-1,-1,-1
538,45199,244,350,173,71,1,-1,-1,-1
538,45196,1225,349,54,57,1,-1,-1,-1
538,45194,0,350,87,71,1,-1,-1,-1
538,45192,1225,358,13,34,1,-1,-1,-1
538,45188,494,297,293,271,1,-1,-1,-1
538,45153,261,389,108,126,1,-1,-1,-1
539,45199,247,350,173,71,1,-1,-1,-1
539,45196,1237,350,42,55,1,-1,-1,-1
539,45194,0,350,92,71,1,-1,-1,-1
539,45192,1217,352,39,50,1,-1,-1,-1
539,45188,495,298,290,268,1,-1,-1,-1
539,45153,243,391,114,133,1,-1,-1,-1
540,45199,250,351,173,71,1,-1,-1,-1
540,45196,1250,351,29,55,1,-1,-1,-1
540,45194,0,351,97,71,1,-1,-1,-1
540,45192,1209,351,68,53,1,-1,-1,-1
540,45188,496,299,288,266,1,-1,-1,-1
540,45153,221,394,124,142,1,-1,-1,-1
541,45199,253,352,173,71,1,-1,-1,-1
541,45196,1263,359,16,47,1,-1,-1,-1
541,45194,0,352,103,71,1,-1,-1,-1
541,45192,1201,352,78,55,1,-1,-1,-1
541,45188,498,301,284,263,1,-1,-1,-1
541,45153,197,398,134,150,1,-1,-1,-1
542,45199,257,354,172,71,1,-1,-1,-1
542,45194,0,353,108,72,1,-1,-1,-1
542,45192,1193,354,86,55,1,-1,-1,-1
542,45188,500,303,280,259,1,-1,-1,-1
542,45153,170,401,145,161,1,-1,-1,-1
543,45199,260,355,172,71,1,-1,-1,-1
543,45194,0,354,113,71,1,-1,-1,-1
543,45192,1185,354,94,57,1,-1,-1,-1
543,45188,501,304,278,257,1,-1,-1,-1
543,45153,140,405,159,172,1,-1,-1,-1
544,45199,264,355,171,71,1,-1,-1,-1
544,45194,0,355,118,71,1,-1,-1,-1
544,45192,1177,355,102,57,1,-1,-1,-1
544,45188,503,306,274,253,1,-1,-1,-1
544,45153,105,409,176,186,1,-1,-1,-1
545,45199,268,356,171,71,1,-1,-1,-1
545,45194,0,356,124,71,1,-1,-1,-1
545,45192,1169,356,110,58,1,-1,-1,-1
545,45188,505,307,270,250,1,-1,-1,-1
545,45153,62,414,199,202,1,-1,-1,-1
546,45199,272,357,171,71,1,-1,-1,-1
546,45194,0,356,129,72,1,-1,-1,-1
546,45192,1162,356,117,59,1,-1,-1,-1
546,45188,507,308,266,246,1,-1,-1,-1
546,45153,11,419,227,220,1,-1,-1,-1
547,45199,276,357,171,71,1,-1,-1,-1
547,45194,0,357,133,71,1,-1,-1,-1
547,45192,1154,357,125,58,1,-1,-1,-1
547,45188,508,310,263,242,1,-1,-1,-1
547,45153,0,424,213,240,1,-1,-1,-1
548,45199,281,358,170,71,1,-1,-1,-1
548,45194,0,357,138,72,1,-1,-1,-1
548,45192,1146,357,133,59,1,-1,-1,-1
548,45188,510,311,259,239,1,-1,-1,-1
548,45153,0,430,185,210,1,-1,-1,-1
549,45199,285,358,170,71,1,-1,-1,-1
549,45194,0,357,142,72,1,-1,-1,-1
549,45192,1139,357,140,59,1,-1,-1,-1
549,45188,512,312,255,235,1,-1,-1,-1
549,45153,0,439,152,208,1,-1,-1,-1
550,45199,290,358,170,71,1,-1,-1,-1
550,45194,0,357,146,72,1,-1,-1,-1
550,45192,1131,358,148,58,1,-1,-1,-1
550,45188,514,313,251,231,1,-1,-1,-1
550,45153,0,470,114,180,1,-1,-1,-1
551,45199,295,358,169,71,1,-1,-1,-1
551,45194,0,357,149,72,1,-1,-1,-1
551,45192,1124,358,155,58,1,-1,-1,-1
551,45188,516,313,247,229,1,-1,-1,-1
551,45153,0,480,69,185,1,-1,-1,-1
552,45199,300,359,169,71,1,-1,-1,-1
552,45194,0,357,152,73,1,-1,-1,-1
552,45192,1116,358,157,59,1,-1,-1,-1
552,45188,517,314,244,225,1,-1,-1,-1
552,45153,0,539,15,24,1,-1,-1,-1
553,45199,305,359,169,71,1,-1,-1,-1
553,45194,0,357,154,73,1,-1,-1,-1
553,45192,1109,358,158,59,1,-1,-1,-1
553,45188,519,315,240,222,1,-1,-1,-1
554,45199,311,359,168,71,1,-1,-1,-1
554,45194,0,357,155,73,1,-1,-1,-1
554,45192,1102,359,157,58,1,-1,-1,-1
554,45188,521,316,237,218,1,-1,-1,-1
555,45199,317,359,167,72,1,-1,-1,-1
555,45194,0,357,155,74,1,-1,-1,-1
555,45192,1095,359,157,59,1,-1,-1,-1
555,45188,522,317,234,215,1,-1,-1,-1
556,45199,322,360,167,71,1,-1,-1,-1
556,45194,0,358,154,73,1,-1,-1,-1
556,45192,1088,360,156,58,1,-1,-1,-1
556,45188,524,318,230,213,1,-1,-1,-1
557,45199,327,361,168,71,1,-1,-1,-1
557,45194,0,359,154,73,1,-1,-1,-1
557,45192,1081,360,156,59,1,-1,-1,-1
557,45188,525,319,228,210,1,-1,-1,-1
558,45199,333,361,167,72,1,-1,-1,-1
558,45194,0,360,153,73,1,-1,-1,-1
558,45192,1074,361,156,58,1,-1,-1,-1
558,45188,526,320,226,208,1,-1,-1,-1
559,45199,339,361,167,72,1,-1,-1,-1
559,45194,0,360,153,73,1,-1,-1,-1
559,45192,1068,361,156,59,1,-1,-1,-1
559,45188,527,320,224,207,1,-1,-1,-1
560,45199,344,362,168,72,1,-1,-1,-1
560,45194,0,361,153,73,1,-1,-1,-1
560,45192,1062,362,156,59,1,-1,-1,-1
560,45188,528,321,223,206,1,-1,-1,-1
561,45199,350,362,168,73,1,-1,-1,-1
561,45194,0,362,153,72,1,-1,-1,-1
561,45192,1056,362,156,59,1,-1,-1,-1
561,45188,528,321,223,206,1,-1,-1,-1
562,45199,356,362,168,73,1,-1,-1,-1
562,45194,0,362,152,73,1,-1,-1,-1
562,45192,1050,362,157,60,1,-1,-1,-1
562,45188,528,321,223,206,1,-1,-1,-1
563,45199,362,362,168,73,1,-1,-1,-1
563,45194,0,362,152,73,1,-1,-1,-1
563,45192,1045,362,156,60,1,-1,-1,-1
563,45188,528,321,224,206,1,-1,-1,-1
564,45199,368,362,162,74,1,-1,-1,-1
564,45194,0,362,152,74,1,-1,-1,-1
564,45192,1040,362,157,60,1,-1,-1,-1
564,45188,527,320,225,209,1,-1,-1,-1
565,45199,374,362,154,74,1,-1,-1,-1
565,45194,0,363,152,73,1,-1,-1,-1
565,45192,1035,362,158,60,1,-1,-1,-1
565,45188,525,320,229,211,1,-1,-1,-1
566,45199,381,363,145,74,1,-1,-1,-1
566,45194,0,363,152,74,1,-1,-1,-1
566,45192,1032,362,157,61,1,-1,-1,-1
566,45188,523,319,233,215,1,-1,-1,-1
567,45199,387,363,137,75,1,-1,-1,-1
567,45194,0,363,151,74,1,-1,-1,-1
567,45192,1028,362,158,61,1,-1,-1,-1
567,45188,521,319,237,219,1,-1,-1,-1
568,45199,393,363,129,75,1,-1,-1,-1
568,45194,0,363,150,75,1,-1,-1,-1
568,45192,1025,362,159,62,1,-1,-1,-1
568,45188,518,318,243,224,1,-1,-1,-1
569,45199,400,364,119,75,1,-1,-1,-1
569,45194,0,364,150,75,1,-1,-1,-1
569,45192,1021,363,160,62,1,-1,-1,-1
569,45188,515,318,249,229,1,-1,-1,-1
570,45199,406,364,110,77,1,-1,-1,-1
570,45194,0,364,149,76,1,-1,-1,-1
570,45192,1018,363,161,63,1,-1,-1,-1
570,45188,512,317,255,236,1,-1,-1,-1
571,45199,413,364,99,78,1,-1,-1,-1
571,45194,6,364,142,78,1,-1,-1,-1
571,45192,1021,364,156,63,1,-1,-1,-1
571,45188,508,316,263,243,1,-1,-1,-1
572,45199,420,364,88,79,1,-1,-1,-1
572,45194,0,364,146,79,1,-1,-1,-1
572,45192,1012,364,163,61,1,-1,-1,-1
572,45188,504,315,271,251,1,-1,-1,-1
573,45199,427,364,77,79,1,-1,-1,-1
573,45194,0,364,145,79,1,-1,-1,-1
573,45192,1009,364,164,62,1,-1,-1,-1
573,45188,499,313,281,260,1,-1,-1,-1
574,45199,434,363,65,80,1,-1,-1,-1
574,45194,0,363,144,80,1,-1,-1,-1
574,45192,1006,363,165,62,1,-1,-1,-1
574,45188,494,310,291,270,1,-1,-1,-1
575,45199,442,361,52,81,1,-1,-1,-1
575,45194,0,362,144,80,1,-1,-1,-1
575,45192,1002,362,166,64,1,-1,-1,-1
575,45188,489,307,301,279,1,-1,-1,-1
576,45199,450,360,40,82,1,-1,-1,-1
576,45194,0,360,144,82,1,-1,-1,-1
576,45192,998,360,167,65,1,-1,-1,-1
576,45188,484,304,311,288,1,-1,-1,-1
577,45199,459,359,26,77,1,-1,-1,-1
577,45194,0,359,145,82,1,-1,-1,-1
577,45192,993,359,168,65,1,-1,-1,-1
577,45188,479,301,321,297,1,-1,-1,-1
578,45194,0,358,140,83,1,-1,-1,-1
578,45192,988,358,142,66,1,-1,-1,-1
578,45188,475,298,329,306,1,-1,-1,-1
579,45194,0,357,148,83,1,-1,-1,-1
579,45192,983,357,166,66,1,-1,-1,-1
579,45188,470,296,338,313,1,-1,-1,-1
580,45194,0,354,152,84,1,-1,-1,-1
580,45192,977,354,170,67,1,-1,-1,-1
580,45188,468,292,343,319,1,-1,-1,-1
581,45194,0,351,157,84,1,-1,-1,-1
581,45192,970,351,170,67,1,-1,-1,-1
581,45188,467,289,345,320,1,-1,-1,-1
582,45194,0,350,163,84,1,-1,-1,-1
582,45192,963,350,169,67,1,-1,-1,-1
582,45188,467,288,345,320,1,-1,-1,-1
583,45194,0,350,169,84,1,-1,-1,-1
583,45192,957,350,168,67,1,-1,-1,-1
583,45188,467,288,345,320,1,-1,-1,-1
584,45194,0,351,175,84,1,-1,-1,-1
584,45192,950,351,168,67,1,-1,-1,-1
584,45188,467,289,345,320,1,-1,-1,-1
585,45194,0,353,181,83,1,-1,-1,-1
585,45192,943,352,168,67,1,-1,-1,-1
585,45188,467,290,345,320,1,-1,-1,-1
586,45194,0,354,188,83,1,-1,-1,-1
586,45192,936,353,167,67,1,-1,-1,-1
586,45188,467,291,345,320,1,-1,-1,-1
587,45194,0,355,195,83,1,-1,-1,-1
587,45192,930,354,166,67,1,-1,-1,-1
587,45188,467,292,345,320,1,-1,-1,-1
588,45194,0,355,202,84,1,-1,-1,-1
588,45192,923,355,166,67,1,-1,-1,-1
588,45188,467,293,345,320,1,-1,-1,-1
589,45194,0,356,209,84,1,-1,-1,-1
589,45192,916,356,166,67,1,-1,-1,-1
589,45188,467,294,345,320,1,-1,-1,-1
590,45194,0,357,216,83,1,-1,-1,-1
590,45192,910,356,165,67,1,-1,-1,-1
590,45188,467,294,345,320,1,-1,-1,-1
591,45194,1,357,222,84,1,-1,-1,-1
591,45192,903,357,165,67,1,-1,-1,-1
591,45188,467,295,345,320,1,-1,-1,-1
592,45194,9,357,222,84,1,-1,-1,-1
592,45192,897,357,164,67,1,-1,-1,-1
592,45188,467,295,345,320,1,-1,-1,-1
593,45194,18,358,221,84,1,-1,-1,-1
593,45192,890,357,164,67,1,-1,-1,-1
593,45188,467,295,345,320,1,-1,-1,-1
594,45199,804,362,27,69,1,-1,-1,-1
594,45194,26,358,221,84,1,-1,-1,-1
594,45192,884,358,163,67,1,-1,-1,-1
594,45188,467,296,345,320,1,-1,-1,-1
595,45199,804,360,42,82,1,-1,-1,-1
595,45194,35,358,220,84,1,-1,-1,-1
595,45192,878,358,162,67,1,-1,-1,-1
595,45188,467,296,345,320,1,-1,-1,-1
596,45199,804,359,56,83,1,-1,-1,-1
596,45194,44,358,219,84,1,-1,-1,-1
596,45192,871,358,163,67,1,-1,-1,-1
596,45188,467,296,345,320,1,-1,-1,-1
597,45199,804,359,70,83,1,-1,-1,-1
597,45194,53,358,218,84,1,-1,-1,-1
597,45192,867,358,160,67,1,-1,-1,-1
597,45188,467,296,345,320,1,-1,-1,-1
598,45199,803,359,86,83,1,-1,-1,-1
598,45194,62,358,217,84,1,-1,-1,-1
598,45192,871,358,149,67,1,-1,-1,-1
598,45188,467,296,345,320,1,-1,-1,-1
599,45199,803,359,101,83,1,-1,-1,-1
599,45194,70,358,217,84,1,-1,-1,-1
599,45192,875,358,137,67,1,-1,-1,-1
599,45188,467,296,345,320,1,-1,-1,-1
600,45199,803,359,116,83,1,-1,-1,-1
600,45194,78,358,216,84,1,-1,-1,-1
600,45192,878,358,127,67,1,-1,-1,-1
600,45188,467,296,345,320,1,-1,-1,-1
